job_id,company_name,industry,field,job_title,experience_level,vacancies,location,region,required_skills,min_salary_thb,max_salary_thb,avg_salary_thb,min_salary_usd,max_salary_usd,avg_salary_usd,posting_date,year,month,data_source,skills_taxonomy_source,standard_soc_code
J00001,Grab,Tech,Artificial Intelligence,AI Engineer,Entry-Level (0-2 yrs),8,Singapore,Asia-Pacific,Python;PyTorch;Docker & Containers;MLOps;LLMs & GenAI;Cloud (AWS/GCP/Azure);Git & Version Control,40000,57000,48500,57000,79000,68000,2020-01-22,2020,1,Kaggle Data Science & AI Salaries (2020-2025) & U.S. BLS OEWS,Hugging Face Tech Job Postings Dataset,SOC 15-1221 (Computer and Information Research Scientists / AI)
J00002,Bumrungrad International Hospital,Healthcare,Data Science,Data Scientist,Mid-Level (3-5 yrs),4,Thailand (Bangkok),Local / Thailand,Python;SQL;Scikit-Learn;Statistics & Probability;Data Modeling;Business Acumen;Problem Solving,84000,123000,103500,93000,122000,107500,2020-01-18,2020,1,Kaggle Data Science & AI Salaries (2020-2025) & U.S. BLS OEWS,Hugging Face Tech Job Postings Dataset,SOC 15-2051 (Data Scientists)
J00003,Microsoft,Tech,Artificial Intelligence,Computer Vision Specialist,Senior/Lead (5+ yrs),5,US / Remote,North America,Python;PyTorch;Deep Learning;Docker & Containers;Algorithms;Git & Version Control,168000,238000,203000,160000,224000,192000,2020-01-02,2020,1,Kaggle Data Science & AI Salaries (2020-2025) & U.S. BLS OEWS,Hugging Face Tech Job Postings Dataset,SOC 15-1221 (Computer and Information Research Scientists / AI)
J00004,Agoda,Tech,Data Science,Data Engineer,Entry-Level (0-2 yrs),5,Thailand (Bangkok),Local / Thailand,Python;SQL;Big Data (Spark/Hadoop);Airflow & ETL;Cloud (AWS/GCP/Azure);Docker & Containers;Git & Version Control,38000,56000,47000,57000,78000,67500,2020-01-20,2020,1,Kaggle Data Science & AI Salaries (2020-2025) & U.S. BLS OEWS,Hugging Face Tech Job Postings Dataset,SOC 15-2051 (Data Scientists)
J00005,Microsoft,Tech,Statistics,Statistician,Entry-Level (0-2 yrs),8,US / Remote,North America,R;Statistics & Probability;SQL;Time Series Analysis;Critical Thinking;Git & Version Control,38000,60000,49000,58000,84000,71000,2020-01-22,2020,1,Kaggle Data Science & AI Salaries (2020-2025) & U.S. BLS OEWS,Hugging Face Tech Job Postings Dataset,SOC 15-2041 (Statisticians)
J00006,Deloitte Consulting AI Institute,Consulting,Artificial Intelligence,Computer Vision Specialist,Entry-Level (0-2 yrs),3,Thailand (Bangkok),Local / Thailand,Python;PyTorch;Deep Learning;Docker & Containers;Algorithms;Git & Version Control,42000,57000,49500,61000,75000,68000,2020-01-03,2020,1,Kaggle Data Science & AI Salaries (2020-2025) & U.S. BLS OEWS,Hugging Face Tech Job Postings Dataset,SOC 15-1221 (Computer and Information Research Scientists / AI)
J00007,BDMS Health Network,Healthcare,Data Science,Data Engineer,Mid-Level (3-5 yrs),2,Thailand (Bangkok),Local / Thailand,Python;SQL;Big Data (Spark/Hadoop);Airflow & ETL;Cloud (AWS/GCP/Azure);Docker & Containers;Research & Experimentation;Git & Version Control,84000,114000,99000,96000,136000,116000,2020-01-02,2020,1,Kaggle Data Science & AI Salaries (2020-2025) & U.S. BLS OEWS,Hugging Face Tech Job Postings Dataset,SOC 15-2051 (Data Scientists)
J00008,SCB 10X / SCBX,Finance & Banking,Data Science,Data Engineer,Mid-Level (3-5 yrs),5,Thailand (Bangkok),Local / Thailand,Python;SQL;Big Data (Spark/Hadoop);Airflow & ETL;Cloud (AWS/GCP/Azure);Docker & Containers;Agile & Scrum;Git & Version Control,76000,122000,99000,96000,120000,108000,2020-01-19,2020,1,Kaggle Data Science & AI Salaries (2020-2025) & U.S. BLS OEWS,Hugging Face Tech Job Postings Dataset,SOC 15-2051 (Data Scientists)
J00009,Shopee,Retail & E-Commerce,Statistics,Quantitative Risk Analyst,Senior/Lead (5+ yrs),2,Singapore,Asia-Pacific,Python;R;Statistics & Probability;Linear Algebra & Calculus;Financial Modeling,142000,235000,188500,170000,211000,190500,2020-01-09,2020,1,Kaggle Data Science & AI Salaries (2020-2025) & U.S. BLS OEWS,Hugging Face Tech Job Postings Dataset,SOC 15-2041 (Statisticians)
J00010,Meta AI,Tech,Statistics,Biostatistician,Mid-Level (3-5 yrs),2,US / Remote,North America,R;Statistics & Probability;Clinical Trials;Research & Experimentation;Data Modeling;Agile & Scrum;Git & Version Control,83000,116000,99500,101000,131000,116000,2020-01-03,2020,1,Kaggle Data Science & AI Salaries (2020-2025) & U.S. BLS OEWS,Hugging Face Tech Job Postings Dataset,SOC 15-2041 (Statisticians)
J00011,Bitkub Online,Finance & Banking,Artificial Intelligence,Computer Vision Specialist,Mid-Level (3-5 yrs),5,Thailand (Bangkok),Local / Thailand,Python;PyTorch;Deep Learning;Docker & Containers;Algorithms;Problem Solving;Git & Version Control,82000,118000,100000,100000,125000,112500,2020-01-23,2020,1,Kaggle Data Science & AI Salaries (2020-2025) & U.S. BLS OEWS,Hugging Face Tech Job Postings Dataset,SOC 15-1221 (Computer and Information Research Scientists / AI)
J00012,SCB 10X / SCBX,Finance & Banking,Statistics,Quantitative Risk Analyst,Mid-Level (3-5 yrs),3,Thailand (Bangkok),Local / Thailand,Python;R;Statistics & Probability;Linear Algebra & Calculus;Financial Modeling;Storytelling with Data,68000,119000,93500,99000,126000,112500,2020-02-25,2020,2,Kaggle Data Science & AI Salaries (2020-2025) & U.S. BLS OEWS,Hugging Face Tech Job Postings Dataset,SOC 15-2041 (Statisticians)
J00013,Bumrungrad International Hospital,Healthcare,Artificial Intelligence,AI Engineer,Mid-Level (3-5 yrs),4,Thailand (Bangkok),Local / Thailand,Python;PyTorch;Docker & Containers;MLOps;LLMs & GenAI;Cloud (AWS/GCP/Azure);Agile & Scrum,76000,117000,96500,100000,128000,114000,2020-02-25,2020,2,Kaggle Data Science & AI Salaries (2020-2025) & U.S. BLS OEWS,Hugging Face Tech Job Postings Dataset,SOC 15-1221 (Computer and Information Research Scientists / AI)
J00014,Roche Bioinformatics,Healthcare,Data Science,Data Scientist,Mid-Level (3-5 yrs),6,Switzerland,Europe,Python;SQL;Scikit-Learn;Statistics & Probability;Data Modeling;Business Acumen,69000,115000,92000,91000,135000,113000,2020-02-12,2020,2,Kaggle Data Science & AI Salaries (2020-2025) & U.S. BLS OEWS,Hugging Face Tech Job Postings Dataset,SOC 15-2051 (Data Scientists)
J00015,Shopee,Retail & E-Commerce,Artificial Intelligence,Machine Learning Engineer,Entry-Level (0-2 yrs),6,Singapore,Asia-Pacific,Python;TensorFlow;Scikit-Learn;MLOps;Cloud (AWS/GCP/Azure);Docker & Containers;Git & Version Control,42000,62000,52000,56000,73000,64500,2020-02-17,2020,2,Kaggle Data Science & AI Salaries (2020-2025) & U.S. BLS OEWS,Hugging Face Tech Job Postings Dataset,SOC 15-1221 (Computer and Information Research Scientists / AI)
J00016,Deloitte Consulting AI Institute,Consulting,Artificial Intelligence,Machine Learning Engineer,Entry-Level (0-2 yrs),7,Thailand (Bangkok),Local / Thailand,Python;TensorFlow;Scikit-Learn;MLOps;Cloud (AWS/GCP/Azure);Docker & Containers,43000,61000,52000,63000,83000,73000,2020-02-25,2020,2,Kaggle Data Science & AI Salaries (2020-2025) & U.S. BLS OEWS,Hugging Face Tech Job Postings Dataset,SOC 15-1221 (Computer and Information Research Scientists / AI)
J00017,SCB 10X / SCBX,Finance & Banking,Statistics,Quantitative Risk Analyst,Senior/Lead (5+ yrs),2,Thailand (Bangkok),Local / Thailand,Python;R;Statistics & Probability;Linear Algebra & Calculus;Financial Modeling,154000,210000,182000,156000,200000,178000,2020-02-03,2020,2,Kaggle Data Science & AI Salaries (2020-2025) & U.S. BLS OEWS,Hugging Face Tech Job Postings Dataset,SOC 15-2041 (Statisticians)
J00018,Line Man Wongnai,Tech,Data Science,Data Engineer,Entry-Level (0-2 yrs),6,Thailand (Bangkok),Local / Thailand,Python;SQL;Big Data (Spark/Hadoop);Airflow & ETL;Cloud (AWS/GCP/Azure);Docker & Containers;Storytelling with Data;Git & Version Control,42000,55000,48500,57000,75000,66000,2020-02-15,2020,2,Kaggle Data Science & AI Salaries (2020-2025) & U.S. BLS OEWS,Hugging Face Tech Job Postings Dataset,SOC 15-2051 (Data Scientists)
J00019,Shopee,Retail & E-Commerce,Artificial Intelligence,Computer Vision Specialist,Entry-Level (0-2 yrs),8,Singapore,Asia-Pacific,Python;PyTorch;Deep Learning;Docker & Containers;Algorithms;Git & Version Control,41000,61000,51000,63000,76000,69500,2020-02-28,2020,2,Kaggle Data Science & AI Salaries (2020-2025) & U.S. BLS OEWS,Hugging Face Tech Job Postings Dataset,SOC 15-1221 (Computer and Information Research Scientists / AI)
J00020,Roche Bioinformatics,Healthcare,Artificial Intelligence,Computer Vision Specialist,Entry-Level (0-2 yrs),5,Switzerland,Europe,Python;PyTorch;Deep Learning;Docker & Containers;Algorithms;Agile & Scrum,42000,56000,49000,59000,76000,67500,2020-02-19,2020,2,Kaggle Data Science & AI Salaries (2020-2025) & U.S. BLS OEWS,Hugging Face Tech Job Postings Dataset,SOC 15-1221 (Computer and Information Research Scientists / AI)
J00021,PTT Digital Solutions,Energy & Manufacturing,Data Science,Senior Data Scientist,Mid-Level (3-5 yrs),4,Thailand (Bangkok),Local / Thailand,Python;SQL;Machine Learning;Cloud (AWS/GCP/Azure);Storytelling with Data;Airflow & ETL;Git & Version Control,74000,128000,101000,88000,139000,113500,2020-02-01,2020,2,Kaggle Data Science & AI Salaries (2020-2025) & U.S. BLS OEWS,Hugging Face Tech Job Postings Dataset,SOC 15-2051 (Data Scientists)
J00022,Google Cloud,Tech,Artificial Intelligence,Generative AI Engineer,Mid-Level (3-5 yrs),3,US / Remote,North America,Python;LLMs & GenAI;PyTorch;Cloud (AWS/GCP/Azure);Git & Version Control;Problem Solving,82000,111000,96500,99000,135000,117000,2020-02-21,2020,2,Kaggle Data Science & AI Salaries (2020-2025) & U.S. BLS OEWS,Hugging Face Tech Job Postings Dataset,SOC 15-1221 (Computer and Information Research Scientists / AI)
J00023,Bitkub Online,Finance & Banking,Artificial Intelligence,Generative AI Engineer,Entry-Level (0-2 yrs),4,Thailand (Bangkok),Local / Thailand,Python;LLMs & GenAI;PyTorch;Cloud (AWS/GCP/Azure);Git & Version Control,44000,62000,53000,55000,84000,69500,2020-02-13,2020,2,Kaggle Data Science & AI Salaries (2020-2025) & U.S. BLS OEWS,Hugging Face Tech Job Postings Dataset,SOC 15-1221 (Computer and Information Research Scientists / AI)
J00024,Meta AI,Tech,Statistics,Quantitative Risk Analyst,Senior/Lead (5+ yrs),6,US / Remote,North America,Python;R;Statistics & Probability;Linear Algebra & Calculus;Financial Modeling;Storytelling with Data;Git & Version Control,149000,205000,177000,173000,219000,196000,2020-02-03,2020,2,Kaggle Data Science & AI Salaries (2020-2025) & U.S. BLS OEWS,Hugging Face Tech Job Postings Dataset,SOC 15-2041 (Statisticians)
J00025,Shopee,Retail & E-Commerce,Artificial Intelligence,Generative AI Engineer,Mid-Level (3-5 yrs),3,Singapore,Asia-Pacific,Python;LLMs & GenAI;PyTorch;Cloud (AWS/GCP/Azure);Git & Version Control;Research & Experimentation,70000,122000,96000,94000,132000,113000,2020-02-11,2020,2,Kaggle Data Science & AI Salaries (2020-2025) & U.S. BLS OEWS,Hugging Face Tech Job Postings Dataset,SOC 15-1221 (Computer and Information Research Scientists / AI)
J00026,Deloitte Consulting AI Institute,Consulting,Artificial Intelligence,Machine Learning Engineer,Entry-Level (0-2 yrs),6,Thailand (Bangkok),Local / Thailand,Python;TensorFlow;Scikit-Learn;MLOps;Cloud (AWS/GCP/Azure);Docker & Containers,40000,62000,51000,61000,81000,71000,2020-02-15,2020,2,Kaggle Data Science & AI Salaries (2020-2025) & U.S. BLS OEWS,Hugging Face Tech Job Postings Dataset,SOC 15-1221 (Computer and Information Research Scientists / AI)
J00027,Siemens AI Industry,Manufacturing,Statistics,Quantitative Risk Analyst,Entry-Level (0-2 yrs),2,Germany,Europe,Python;R;Statistics & Probability;Linear Algebra & Calculus;Financial Modeling;Agile & Scrum,42000,58000,50000,65000,73000,69000,2020-03-10,2020,3,Kaggle Data Science & AI Salaries (2020-2025) & U.S. BLS OEWS,Hugging Face Tech Job Postings Dataset,SOC 15-2041 (Statisticians)
J00028,Bumrungrad International Hospital,Healthcare,Statistics,Statistician,Mid-Level (3-5 yrs),5,Thailand (Bangkok),Local / Thailand,R;Statistics & Probability;SQL;Time Series Analysis;Critical Thinking,76000,119000,97500,92000,133000,112500,2020-03-26,2020,3,Kaggle Data Science & AI Salaries (2020-2025) & U.S. BLS OEWS,Hugging Face Tech Job Postings Dataset,SOC 15-2041 (Statisticians)
J00029,Shopee,Retail & E-Commerce,Artificial Intelligence,AI Engineer,Senior/Lead (5+ yrs),6,Singapore,Asia-Pacific,Python;PyTorch;Docker & Containers;MLOps;LLMs & GenAI;Cloud (AWS/GCP/Azure);Storytelling with Data,138000,232000,185000,171000,221000,196000,2020-03-18,2020,3,Kaggle Data Science & AI Salaries (2020-2025) & U.S. BLS OEWS,Hugging Face Tech Job Postings Dataset,SOC 15-1221 (Computer and Information Research Scientists / AI)
J00030,Deloitte Consulting AI Institute,Consulting,Statistics,Statistician,Entry-Level (0-2 yrs),8,Thailand (Bangkok),Local / Thailand,R;Statistics & Probability;SQL;Time Series Analysis;Critical Thinking;Problem Solving,43000,57000,50000,62000,77000,69500,2020-03-14,2020,3,Kaggle Data Science & AI Salaries (2020-2025) & U.S. BLS OEWS,Hugging Face Tech Job Postings Dataset,SOC 15-2041 (Statisticians)
J00031,McKinsey & Company QuantumBlack,Consulting,Artificial Intelligence,AI Engineer,Mid-Level (3-5 yrs),2,Global / Remote,Global / Remote,Python;PyTorch;Docker & Containers;MLOps;LLMs & GenAI;Cloud (AWS/GCP/Azure);Storytelling with Data,72000,124000,98000,98000,131000,114500,2020-03-11,2020,3,Kaggle Data Science & AI Salaries (2020-2025) & U.S. BLS OEWS,Hugging Face Tech Job Postings Dataset,SOC 15-1221 (Computer and Information Research Scientists / AI)
J00032,True Digital Group,Telecom,Statistics,Statistician,Entry-Level (0-2 yrs),9,Thailand (Bangkok),Local / Thailand,R;Statistics & Probability;SQL;Time Series Analysis;Critical Thinking;Business Acumen,43000,61000,52000,61000,80000,70500,2020-03-15,2020,3,Kaggle Data Science & AI Salaries (2020-2025) & U.S. BLS OEWS,Hugging Face Tech Job Postings Dataset,SOC 15-2041 (Statisticians)
J00033,Roche Bioinformatics,Healthcare,Artificial Intelligence,Computer Vision Specialist,Senior/Lead (5+ yrs),6,Switzerland,Europe,Python;PyTorch;Deep Learning;Docker & Containers;Algorithms,162000,237000,199500,162000,218000,190000,2020-03-04,2020,3,Kaggle Data Science & AI Salaries (2020-2025) & U.S. BLS OEWS,Hugging Face Tech Job Postings Dataset,SOC 15-1221 (Computer and Information Research Scientists / AI)
J00034,Line Man Wongnai,Tech,Data Science,Senior Data Scientist,Mid-Level (3-5 yrs),5,Thailand (Bangkok),Local / Thailand,Python;SQL;Machine Learning;Cloud (AWS/GCP/Azure);Storytelling with Data;Airflow & ETL;Git & Version Control,74000,122000,98000,94000,127000,110500,2020-03-21,2020,3,Kaggle Data Science & AI Salaries (2020-2025) & U.S. BLS OEWS,Hugging Face Tech Job Postings Dataset,SOC 15-2051 (Data Scientists)
J00035,Line Man Wongnai,Tech,Statistics,Quantitative Risk Analyst,Entry-Level (0-2 yrs),6,Thailand (Bangkok),Local / Thailand,Python;R;Statistics & Probability;Linear Algebra & Calculus;Financial Modeling,39000,58000,48500,59000,72000,65500,2020-03-05,2020,3,Kaggle Data Science & AI Salaries (2020-2025) & U.S. BLS OEWS,Hugging Face Tech Job Postings Dataset,SOC 15-2041 (Statisticians)
J00036,True Digital Group,Telecom,Data Science,Data Engineer,Senior/Lead (5+ yrs),5,Thailand (Bangkok),Local / Thailand,Python;SQL;Big Data (Spark/Hadoop);Airflow & ETL;Cloud (AWS/GCP/Azure);Docker & Containers,157000,218000,187500,159000,219000,189000,2020-03-19,2020,3,Kaggle Data Science & AI Salaries (2020-2025) & U.S. BLS OEWS,Hugging Face Tech Job Postings Dataset,SOC 15-2051 (Data Scientists)
J00037,Agoda,Tech,Artificial Intelligence,Generative AI Engineer,Entry-Level (0-2 yrs),6,Thailand (Bangkok),Local / Thailand,Python;LLMs & GenAI;PyTorch;Cloud (AWS/GCP/Azure);Git & Version Control;Cross-functional Communication,40000,58000,49000,63000,79000,71000,2020-03-18,2020,3,Kaggle Data Science & AI Salaries (2020-2025) & U.S. BLS OEWS,Hugging Face Tech Job Postings Dataset,SOC 15-1221 (Computer and Information Research Scientists / AI)
J00038,Amazon Web Services (AWS),Tech,Artificial Intelligence,Machine Learning Engineer,Mid-Level (3-5 yrs),3,Singapore,Asia-Pacific,Python;TensorFlow;Scikit-Learn;MLOps;Cloud (AWS/GCP/Azure);Docker & Containers;Git & Version Control,81000,126000,103500,91000,136000,113500,2020-03-18,2020,3,Kaggle Data Science & AI Salaries (2020-2025) & U.S. BLS OEWS,Hugging Face Tech Job Postings Dataset,SOC 15-1221 (Computer and Information Research Scientists / AI)
J00039,True Digital Group,Telecom,Data Science,Data Engineer,Entry-Level (0-2 yrs),5,Thailand (Bangkok),Local / Thailand,Python;SQL;Big Data (Spark/Hadoop);Airflow & ETL;Cloud (AWS/GCP/Azure);Docker & Containers;Cross-functional Communication;Git & Version Control,40000,64000,52000,59000,76000,67500,2020-03-04,2020,3,Kaggle Data Science & AI Salaries (2020-2025) & U.S. BLS OEWS,Hugging Face Tech Job Postings Dataset,SOC 15-2051 (Data Scientists)
J00040,PTT Digital Solutions,Energy & Manufacturing,Artificial Intelligence,Generative AI Engineer,Senior/Lead (5+ yrs),5,Thailand (Bangkok),Local / Thailand,Python;LLMs & GenAI;PyTorch;Cloud (AWS/GCP/Azure);Git & Version Control;Research & Experimentation,158000,234000,196000,162000,210000,186000,2020-03-07,2020,3,Kaggle Data Science & AI Salaries (2020-2025) & U.S. BLS OEWS,Hugging Face Tech Job Postings Dataset,SOC 15-1221 (Computer and Information Research Scientists / AI)
J00041,True Digital Group,Telecom,Artificial Intelligence,AI Engineer,Mid-Level (3-5 yrs),5,Thailand (Bangkok),Local / Thailand,Python;PyTorch;Docker & Containers;MLOps;LLMs & GenAI;Cloud (AWS/GCP/Azure),72000,121000,96500,90000,133000,111500,2020-03-28,2020,3,Kaggle Data Science & AI Salaries (2020-2025) & U.S. BLS OEWS,Hugging Face Tech Job Postings Dataset,SOC 15-1221 (Computer and Information Research Scientists / AI)
J00042,Amazon Web Services (AWS),Tech,Artificial Intelligence,Machine Learning Engineer,Entry-Level (0-2 yrs),8,Singapore,Asia-Pacific,Python;TensorFlow;Scikit-Learn;MLOps;Cloud (AWS/GCP/Azure);Docker & Containers;Problem Solving,46000,64000,55000,64000,73000,68500,2020-03-11,2020,3,Kaggle Data Science & AI Salaries (2020-2025) & U.S. BLS OEWS,Hugging Face Tech Job Postings Dataset,SOC 15-1221 (Computer and Information Research Scientists / AI)
J00043,PTT Digital Solutions,Energy & Manufacturing,Data Science,Data Engineer,Mid-Level (3-5 yrs),5,Thailand (Bangkok),Local / Thailand,Python;SQL;Big Data (Spark/Hadoop);Airflow & ETL;Cloud (AWS/GCP/Azure);Docker & Containers;Research & Experimentation,78000,122000,100000,91000,120000,105500,2020-04-17,2020,4,Kaggle Data Science & AI Salaries (2020-2025) & U.S. BLS OEWS,Hugging Face Tech Job Postings Dataset,SOC 15-2051 (Data Scientists)
J00044,Central Retail Digital,Retail & E-Commerce,Data Science,Senior Data Scientist,Mid-Level (3-5 yrs),4,Thailand (Bangkok),Local / Thailand,Python;SQL;Machine Learning;Cloud (AWS/GCP/Azure);Storytelling with Data;Airflow & ETL;Cross-functional Communication;Git & Version Control,73000,110000,91500,98000,134000,116000,2020-04-23,2020,4,Kaggle Data Science & AI Salaries (2020-2025) & U.S. BLS OEWS,Hugging Face Tech Job Postings Dataset,SOC 15-2051 (Data Scientists)
J00045,BDMS Health Network,Healthcare,Artificial Intelligence,Machine Learning Engineer,Mid-Level (3-5 yrs),4,Thailand (Bangkok),Local / Thailand,Python;TensorFlow;Scikit-Learn;MLOps;Cloud (AWS/GCP/Azure);Docker & Containers;Business Acumen;Git & Version Control,71000,118000,94500,88000,124000,106000,2020-04-05,2020,4,Kaggle Data Science & AI Salaries (2020-2025) & U.S. BLS OEWS,Hugging Face Tech Job Postings Dataset,SOC 15-1221 (Computer and Information Research Scientists / AI)
J00046,Siemens AI Industry,Manufacturing,Statistics,Statistician,Mid-Level (3-5 yrs),6,Germany,Europe,R;Statistics & Probability;SQL;Time Series Analysis;Critical Thinking;Git & Version Control,80000,111000,95500,95000,136000,115500,2020-04-06,2020,4,Kaggle Data Science & AI Salaries (2020-2025) & U.S. BLS OEWS,Hugging Face Tech Job Postings Dataset,SOC 15-2041 (Statisticians)
J00047,Google Cloud,Tech,Statistics,Statistician,Entry-Level (0-2 yrs),8,US / Remote,North America,R;Statistics & Probability;SQL;Time Series Analysis;Critical Thinking;Git & Version Control,39000,61000,50000,56000,80000,68000,2020-04-09,2020,4,Kaggle Data Science & AI Salaries (2020-2025) & U.S. BLS OEWS,Hugging Face Tech Job Postings Dataset,SOC 15-2041 (Statisticians)
J00048,SCB 10X / SCBX,Finance & Banking,Data Science,Senior Data Scientist,Entry-Level (0-2 yrs),7,Thailand (Bangkok),Local / Thailand,Python;SQL;Machine Learning;Cloud (AWS/GCP/Azure);Storytelling with Data;Airflow & ETL;Research & Experimentation,44000,61000,52500,55000,80000,67500,2020-04-21,2020,4,Kaggle Data Science & AI Salaries (2020-2025) & U.S. BLS OEWS,Hugging Face Tech Job Postings Dataset,SOC 15-2051 (Data Scientists)
J00049,SCB 10X / SCBX,Finance & Banking,Artificial Intelligence,Machine Learning Engineer,Entry-Level (0-2 yrs),9,Thailand (Bangkok),Local / Thailand,Python;TensorFlow;Scikit-Learn;MLOps;Cloud (AWS/GCP/Azure);Docker & Containers,38000,61000,49500,60000,77000,68500,2020-04-04,2020,4,Kaggle Data Science & AI Salaries (2020-2025) & U.S. BLS OEWS,Hugging Face Tech Job Postings Dataset,SOC 15-1221 (Computer and Information Research Scientists / AI)
J00050,Deloitte Consulting AI Institute,Consulting,Artificial Intelligence,Computer Vision Specialist,Mid-Level (3-5 yrs),2,Thailand (Bangkok),Local / Thailand,Python;PyTorch;Deep Learning;Docker & Containers;Algorithms;Problem Solving,74000,124000,99000,86000,125000,105500,2020-04-27,2020,4,Kaggle Data Science & AI Salaries (2020-2025) & U.S. BLS OEWS,Hugging Face Tech Job Postings Dataset,SOC 15-1221 (Computer and Information Research Scientists / AI)
J00051,Grab,Tech,Artificial Intelligence,Computer Vision Specialist,Entry-Level (0-2 yrs),2,Singapore,Asia-Pacific,Python;PyTorch;Deep Learning;Docker & Containers;Algorithms;Cross-functional Communication;Git & Version Control,43000,56000,49500,58000,74000,66000,2020-04-15,2020,4,Kaggle Data Science & AI Salaries (2020-2025) & U.S. BLS OEWS,Hugging Face Tech Job Postings Dataset,SOC 15-1221 (Computer and Information Research Scientists / AI)
J00052,True Digital Group,Telecom,Artificial Intelligence,Machine Learning Engineer,Senior/Lead (5+ yrs),2,Thailand (Bangkok),Local / Thailand,Python;TensorFlow;Scikit-Learn;MLOps;Cloud (AWS/GCP/Azure);Docker & Containers,160000,225000,192500,156000,228000,192000,2020-04-09,2020,4,Kaggle Data Science & AI Salaries (2020-2025) & U.S. BLS OEWS,Hugging Face Tech Job Postings Dataset,SOC 15-1221 (Computer and Information Research Scientists / AI)
J00053,SCB 10X / SCBX,Finance & Banking,Artificial Intelligence,Generative AI Engineer,Mid-Level (3-5 yrs),5,Thailand (Bangkok),Local / Thailand,Python;LLMs & GenAI;PyTorch;Cloud (AWS/GCP/Azure);Git & Version Control;Business Acumen,80000,116000,98000,101000,119000,110000,2020-04-07,2020,4,Kaggle Data Science & AI Salaries (2020-2025) & U.S. BLS OEWS,Hugging Face Tech Job Postings Dataset,SOC 15-1221 (Computer and Information Research Scientists / AI)
J00054,Amazon Web Services (AWS),Tech,Statistics,Biostatistician,Mid-Level (3-5 yrs),6,Singapore,Asia-Pacific,R;Statistics & Probability;Clinical Trials;Research & Experimentation;Data Modeling,74000,123000,98500,98000,135000,116500,2020-04-08,2020,4,Kaggle Data Science & AI Salaries (2020-2025) & U.S. BLS OEWS,Hugging Face Tech Job Postings Dataset,SOC 15-2041 (Statisticians)
J00055,Microsoft,Tech,Statistics,Biostatistician,Entry-Level (0-2 yrs),2,US / Remote,North America,R;Statistics & Probability;Clinical Trials;Research & Experimentation;Data Modeling;Business Acumen;Git & Version Control,47000,64000,55500,56000,83000,69500,2020-04-06,2020,4,Kaggle Data Science & AI Salaries (2020-2025) & U.S. BLS OEWS,Hugging Face Tech Job Postings Dataset,SOC 15-2041 (Statisticians)
J00056,Microsoft,Tech,Artificial Intelligence,Machine Learning Engineer,Entry-Level (0-2 yrs),3,US / Remote,North America,Python;TensorFlow;Scikit-Learn;MLOps;Cloud (AWS/GCP/Azure);Docker & Containers,38000,57000,47500,65000,84000,74500,2020-04-23,2020,4,Kaggle Data Science & AI Salaries (2020-2025) & U.S. BLS OEWS,Hugging Face Tech Job Postings Dataset,SOC 15-1221 (Computer and Information Research Scientists / AI)
J00057,Amazon Web Services (AWS),Tech,Data Science,Data Engineer,Mid-Level (3-5 yrs),4,Singapore,Asia-Pacific,Python;SQL;Big Data (Spark/Hadoop);Airflow & ETL;Cloud (AWS/GCP/Azure);Docker & Containers;Git & Version Control,69000,120000,94500,95000,124000,109500,2020-04-07,2020,4,Kaggle Data Science & AI Salaries (2020-2025) & U.S. BLS OEWS,Hugging Face Tech Job Postings Dataset,SOC 15-2051 (Data Scientists)
J00058,Grab,Tech,Statistics,Quantitative Risk Analyst,Entry-Level (0-2 yrs),3,Singapore,Asia-Pacific,Python;R;Statistics & Probability;Linear Algebra & Calculus;Financial Modeling;Git & Version Control,40000,59000,49500,65000,75000,70000,2020-04-04,2020,4,Kaggle Data Science & AI Salaries (2020-2025) & U.S. BLS OEWS,Hugging Face Tech Job Postings Dataset,SOC 15-2041 (Statisticians)
J00059,Roche Bioinformatics,Healthcare,Statistics,Biostatistician,Entry-Level (0-2 yrs),4,Switzerland,Europe,R;Statistics & Probability;Clinical Trials;Research & Experimentation;Data Modeling;Storytelling with Data;Git & Version Control,39000,62000,50500,62000,74000,68000,2020-05-27,2020,5,Kaggle Data Science & AI Salaries (2020-2025) & U.S. BLS OEWS,Hugging Face Tech Job Postings Dataset,SOC 15-2041 (Statisticians)
J00060,Central Retail Digital,Retail & E-Commerce,Artificial Intelligence,Computer Vision Specialist,Mid-Level (3-5 yrs),6,Thailand (Bangkok),Local / Thailand,Python;PyTorch;Deep Learning;Docker & Containers;Algorithms;Git & Version Control,81000,115000,98000,100000,135000,117500,2020-05-09,2020,5,Kaggle Data Science & AI Salaries (2020-2025) & U.S. BLS OEWS,Hugging Face Tech Job Postings Dataset,SOC 15-1221 (Computer and Information Research Scientists / AI)
J00061,Amazon Web Services (AWS),Tech,Artificial Intelligence,Machine Learning Engineer,Entry-Level (0-2 yrs),3,Singapore,Asia-Pacific,Python;TensorFlow;Scikit-Learn;MLOps;Cloud (AWS/GCP/Azure);Docker & Containers,42000,60000,51000,55000,83000,69000,2020-05-25,2020,5,Kaggle Data Science & AI Salaries (2020-2025) & U.S. BLS OEWS,Hugging Face Tech Job Postings Dataset,SOC 15-1221 (Computer and Information Research Scientists / AI)
J00062,Shopee,Retail & E-Commerce,Statistics,Biostatistician,Mid-Level (3-5 yrs),1,Singapore,Asia-Pacific,R;Statistics & Probability;Clinical Trials;Research & Experimentation;Data Modeling,71000,120000,95500,85000,137000,111000,2020-05-13,2020,5,Kaggle Data Science & AI Salaries (2020-2025) & U.S. BLS OEWS,Hugging Face Tech Job Postings Dataset,SOC 15-2041 (Statisticians)
J00063,Grab,Tech,Artificial Intelligence,Computer Vision Specialist,Senior/Lead (5+ yrs),1,Singapore,Asia-Pacific,Python;PyTorch;Deep Learning;Docker & Containers;Algorithms,153000,236000,194500,166000,209000,187500,2020-05-24,2020,5,Kaggle Data Science & AI Salaries (2020-2025) & U.S. BLS OEWS,Hugging Face Tech Job Postings Dataset,SOC 15-1221 (Computer and Information Research Scientists / AI)
J00064,Bumrungrad International Hospital,Healthcare,Data Science,Data Scientist,Senior/Lead (5+ yrs),5,Thailand (Bangkok),Local / Thailand,Python;SQL;Scikit-Learn;Statistics & Probability;Data Modeling;Business Acumen;Critical Thinking;Git & Version Control,147000,222000,184500,171000,201000,186000,2020-05-03,2020,5,Kaggle Data Science & AI Salaries (2020-2025) & U.S. BLS OEWS,Hugging Face Tech Job Postings Dataset,SOC 15-2051 (Data Scientists)
J00065,Google Cloud,Tech,Data Science,Data Scientist,Mid-Level (3-5 yrs),3,US / Remote,North America,Python;SQL;Scikit-Learn;Statistics & Probability;Data Modeling;Business Acumen;Business Acumen;Git & Version Control,73000,121000,97000,85000,123000,104000,2020-05-08,2020,5,Kaggle Data Science & AI Salaries (2020-2025) & U.S. BLS OEWS,Hugging Face Tech Job Postings Dataset,SOC 15-2051 (Data Scientists)
J00066,Google Cloud,Tech,Data Science,Senior Data Scientist,Mid-Level (3-5 yrs),4,US / Remote,North America,Python;SQL;Machine Learning;Cloud (AWS/GCP/Azure);Storytelling with Data;Airflow & ETL;Problem Solving,84000,125000,104500,97000,130000,113500,2020-05-14,2020,5,Kaggle Data Science & AI Salaries (2020-2025) & U.S. BLS OEWS,Hugging Face Tech Job Postings Dataset,SOC 15-2051 (Data Scientists)
J00067,Agoda,Tech,Artificial Intelligence,Generative AI Engineer,Mid-Level (3-5 yrs),6,Thailand (Bangkok),Local / Thailand,Python;LLMs & GenAI;PyTorch;Cloud (AWS/GCP/Azure);Git & Version Control;Research & Experimentation,82000,127000,104500,101000,119000,110000,2020-05-24,2020,5,Kaggle Data Science & AI Salaries (2020-2025) & U.S. BLS OEWS,Hugging Face Tech Job Postings Dataset,SOC 15-1221 (Computer and Information Research Scientists / AI)
J00068,Bitkub Online,Finance & Banking,Artificial Intelligence,Machine Learning Engineer,Entry-Level (0-2 yrs),5,Thailand (Bangkok),Local / Thailand,Python;TensorFlow;Scikit-Learn;MLOps;Cloud (AWS/GCP/Azure);Docker & Containers,41000,64000,52500,65000,74000,69500,2020-05-08,2020,5,Kaggle Data Science & AI Salaries (2020-2025) & U.S. BLS OEWS,Hugging Face Tech Job Postings Dataset,SOC 15-1221 (Computer and Information Research Scientists / AI)
J00069,Amazon Web Services (AWS),Tech,Data Science,Data Engineer,Mid-Level (3-5 yrs),3,Singapore,Asia-Pacific,Python;SQL;Big Data (Spark/Hadoop);Airflow & ETL;Cloud (AWS/GCP/Azure);Docker & Containers;Cross-functional Communication,75000,125000,100000,94000,129000,111500,2020-05-19,2020,5,Kaggle Data Science & AI Salaries (2020-2025) & U.S. BLS OEWS,Hugging Face Tech Job Postings Dataset,SOC 15-2051 (Data Scientists)
J00070,Kasikorn Business-Technology Group (KBTG),Finance & Banking,Data Science,Data Engineer,Mid-Level (3-5 yrs),2,Thailand (Bangkok),Local / Thailand,Python;SQL;Big Data (Spark/Hadoop);Airflow & ETL;Cloud (AWS/GCP/Azure);Docker & Containers;Agile & Scrum,72000,115000,93500,90000,135000,112500,2020-05-15,2020,5,Kaggle Data Science & AI Salaries (2020-2025) & U.S. BLS OEWS,Hugging Face Tech Job Postings Dataset,SOC 15-2051 (Data Scientists)
J00071,Central Retail Digital,Retail & E-Commerce,Artificial Intelligence,Generative AI Engineer,Entry-Level (0-2 yrs),5,Thailand (Bangkok),Local / Thailand,Python;LLMs & GenAI;PyTorch;Cloud (AWS/GCP/Azure);Git & Version Control,39000,62000,50500,56000,73000,64500,2020-05-11,2020,5,Kaggle Data Science & AI Salaries (2020-2025) & U.S. BLS OEWS,Hugging Face Tech Job Postings Dataset,SOC 15-1221 (Computer and Information Research Scientists / AI)
J00072,Shopee,Retail & E-Commerce,Statistics,Quantitative Risk Analyst,Mid-Level (3-5 yrs),2,Singapore,Asia-Pacific,Python;R;Statistics & Probability;Linear Algebra & Calculus;Financial Modeling;Business Acumen;Git & Version Control,75000,119000,97000,99000,120000,109500,2020-06-23,2020,6,Kaggle Data Science & AI Salaries (2020-2025) & U.S. BLS OEWS,Hugging Face Tech Job Postings Dataset,SOC 15-2041 (Statisticians)
J00073,Roche Bioinformatics,Healthcare,Artificial Intelligence,AI Engineer,Entry-Level (0-2 yrs),7,Switzerland,Europe,Python;PyTorch;Docker & Containers;MLOps;LLMs & GenAI;Cloud (AWS/GCP/Azure),39000,62000,50500,65000,77000,71000,2020-06-27,2020,6,Kaggle Data Science & AI Salaries (2020-2025) & U.S. BLS OEWS,Hugging Face Tech Job Postings Dataset,SOC 15-1221 (Computer and Information Research Scientists / AI)
J00074,Line Man Wongnai,Tech,Artificial Intelligence,AI Engineer,Senior/Lead (5+ yrs),4,Thailand (Bangkok),Local / Thailand,Python;PyTorch;Docker & Containers;MLOps;LLMs & GenAI;Cloud (AWS/GCP/Azure);Critical Thinking,153000,223000,188000,147000,199000,173000,2020-06-27,2020,6,Kaggle Data Science & AI Salaries (2020-2025) & U.S. BLS OEWS,Hugging Face Tech Job Postings Dataset,SOC 15-1221 (Computer and Information Research Scientists / AI)
J00075,PTT Digital Solutions,Energy & Manufacturing,Artificial Intelligence,Computer Vision Specialist,Entry-Level (0-2 yrs),8,Thailand (Bangkok),Local / Thailand,Python;PyTorch;Deep Learning;Docker & Containers;Algorithms;Git & Version Control,41000,61000,51000,62000,79000,70500,2020-06-01,2020,6,Kaggle Data Science & AI Salaries (2020-2025) & U.S. BLS OEWS,Hugging Face Tech Job Postings Dataset,SOC 15-1221 (Computer and Information Research Scientists / AI)
J00076,SCB 10X / SCBX,Finance & Banking,Artificial Intelligence,Generative AI Engineer,Senior/Lead (5+ yrs),4,Thailand (Bangkok),Local / Thailand,Python;LLMs & GenAI;PyTorch;Cloud (AWS/GCP/Azure);Git & Version Control,162000,207000,184500,169000,223000,196000,2020-06-15,2020,6,Kaggle Data Science & AI Salaries (2020-2025) & U.S. BLS OEWS,Hugging Face Tech Job Postings Dataset,SOC 15-1221 (Computer and Information Research Scientists / AI)
J00077,Kasikorn Business-Technology Group (KBTG),Finance & Banking,Artificial Intelligence,Computer Vision Specialist,Senior/Lead (5+ yrs),4,Thailand (Bangkok),Local / Thailand,Python;PyTorch;Deep Learning;Docker & Containers;Algorithms,162000,218000,190000,145000,219000,182000,2020-06-06,2020,6,Kaggle Data Science & AI Salaries (2020-2025) & U.S. BLS OEWS,Hugging Face Tech Job Postings Dataset,SOC 15-1221 (Computer and Information Research Scientists / AI)
J00078,Central Retail Digital,Retail & E-Commerce,Data Science,Data Scientist,Mid-Level (3-5 yrs),2,Thailand (Bangkok),Local / Thailand,Python;SQL;Scikit-Learn;Statistics & Probability;Data Modeling;Business Acumen;Git & Version Control,68000,122000,95000,89000,125000,107000,2020-06-02,2020,6,Kaggle Data Science & AI Salaries (2020-2025) & U.S. BLS OEWS,Hugging Face Tech Job Postings Dataset,SOC 15-2051 (Data Scientists)
J00079,SCB 10X / SCBX,Finance & Banking,Data Science,Data Scientist,Mid-Level (3-5 yrs),4,Thailand (Bangkok),Local / Thailand,Python;SQL;Scikit-Learn;Statistics & Probability;Data Modeling;Business Acumen;Research & Experimentation,71000,127000,99000,93000,132000,112500,2020-06-13,2020,6,Kaggle Data Science & AI Salaries (2020-2025) & U.S. BLS OEWS,Hugging Face Tech Job Postings Dataset,SOC 15-2051 (Data Scientists)
J00080,BDMS Health Network,Healthcare,Statistics,Statistician,Mid-Level (3-5 yrs),4,Thailand (Bangkok),Local / Thailand,R;Statistics & Probability;SQL;Time Series Analysis;Critical Thinking;Git & Version Control,73000,121000,97000,90000,124000,107000,2020-06-01,2020,6,Kaggle Data Science & AI Salaries (2020-2025) & U.S. BLS OEWS,Hugging Face Tech Job Postings Dataset,SOC 15-2041 (Statisticians)
J00081,Central Retail Digital,Retail & E-Commerce,Artificial Intelligence,AI Engineer,Senior/Lead (5+ yrs),4,Thailand (Bangkok),Local / Thailand,Python;PyTorch;Docker & Containers;MLOps;LLMs & GenAI;Cloud (AWS/GCP/Azure);Git & Version Control,152000,231000,191500,173000,229000,201000,2020-06-09,2020,6,Kaggle Data Science & AI Salaries (2020-2025) & U.S. BLS OEWS,Hugging Face Tech Job Postings Dataset,SOC 15-1221 (Computer and Information Research Scientists / AI)
J00082,Meta AI,Tech,Artificial Intelligence,AI Engineer,Mid-Level (3-5 yrs),2,US / Remote,North America,Python;PyTorch;Docker & Containers;MLOps;LLMs & GenAI;Cloud (AWS/GCP/Azure);Problem Solving,77000,129000,103000,91000,138000,114500,2020-06-19,2020,6,Kaggle Data Science & AI Salaries (2020-2025) & U.S. BLS OEWS,Hugging Face Tech Job Postings Dataset,SOC 15-1221 (Computer and Information Research Scientists / AI)
J00083,Bumrungrad International Hospital,Healthcare,Data Science,Senior Data Scientist,Senior/Lead (5+ yrs),1,Thailand (Bangkok),Local / Thailand,Python;SQL;Machine Learning;Cloud (AWS/GCP/Azure);Storytelling with Data;Airflow & ETL;Research & Experimentation;Git & Version Control,158000,216000,187000,161000,200000,180500,2020-06-16,2020,6,Kaggle Data Science & AI Salaries (2020-2025) & U.S. BLS OEWS,Hugging Face Tech Job Postings Dataset,SOC 15-2051 (Data Scientists)
J00084,Meta AI,Tech,Data Science,Data Scientist,Entry-Level (0-2 yrs),2,US / Remote,North America,Python;SQL;Scikit-Learn;Statistics & Probability;Data Modeling;Business Acumen;Git & Version Control,38000,57000,47500,57000,78000,67500,2020-06-07,2020,6,Kaggle Data Science & AI Salaries (2020-2025) & U.S. BLS OEWS,Hugging Face Tech Job Postings Dataset,SOC 15-2051 (Data Scientists)
J00085,Grab,Tech,Data Science,Senior Data Scientist,Mid-Level (3-5 yrs),3,Singapore,Asia-Pacific,Python;SQL;Machine Learning;Cloud (AWS/GCP/Azure);Storytelling with Data;Airflow & ETL;Git & Version Control,69000,113000,91000,96000,121000,108500,2020-07-12,2020,7,Kaggle Data Science & AI Salaries (2020-2025) & U.S. BLS OEWS,Hugging Face Tech Job Postings Dataset,SOC 15-2051 (Data Scientists)
J00086,SCB 10X / SCBX,Finance & Banking,Data Science,Senior Data Scientist,Mid-Level (3-5 yrs),6,Thailand (Bangkok),Local / Thailand,Python;SQL;Machine Learning;Cloud (AWS/GCP/Azure);Storytelling with Data;Airflow & ETL;Git & Version Control,74000,112000,93000,90000,121000,105500,2020-07-26,2020,7,Kaggle Data Science & AI Salaries (2020-2025) & U.S. BLS OEWS,Hugging Face Tech Job Postings Dataset,SOC 15-2051 (Data Scientists)
J00087,Microsoft,Tech,Data Science,Senior Data Scientist,Entry-Level (0-2 yrs),7,US / Remote,North America,Python;SQL;Machine Learning;Cloud (AWS/GCP/Azure);Storytelling with Data;Airflow & ETL;Problem Solving,40000,60000,50000,56000,76000,66000,2020-07-01,2020,7,Kaggle Data Science & AI Salaries (2020-2025) & U.S. BLS OEWS,Hugging Face Tech Job Postings Dataset,SOC 15-2051 (Data Scientists)
J00088,Siemens AI Industry,Manufacturing,Data Science,Data Engineer,Senior/Lead (5+ yrs),5,Germany,Europe,Python;SQL;Big Data (Spark/Hadoop);Airflow & ETL;Cloud (AWS/GCP/Azure);Docker & Containers;Git & Version Control,136000,225000,180500,171000,228000,199500,2020-07-16,2020,7,Kaggle Data Science & AI Salaries (2020-2025) & U.S. BLS OEWS,Hugging Face Tech Job Postings Dataset,SOC 15-2051 (Data Scientists)
J00089,Grab,Tech,Data Science,Senior Data Scientist,Mid-Level (3-5 yrs),2,Singapore,Asia-Pacific,Python;SQL;Machine Learning;Cloud (AWS/GCP/Azure);Storytelling with Data;Airflow & ETL;Agile & Scrum;Git & Version Control,73000,116000,94500,95000,139000,117000,2020-07-11,2020,7,Kaggle Data Science & AI Salaries (2020-2025) & U.S. BLS OEWS,Hugging Face Tech Job Postings Dataset,SOC 15-2051 (Data Scientists)
J00090,Google Cloud,Tech,Artificial Intelligence,AI Engineer,Entry-Level (0-2 yrs),5,US / Remote,North America,Python;PyTorch;Docker & Containers;MLOps;LLMs & GenAI;Cloud (AWS/GCP/Azure),44000,58000,51000,63000,81000,72000,2020-07-14,2020,7,Kaggle Data Science & AI Salaries (2020-2025) & U.S. BLS OEWS,Hugging Face Tech Job Postings Dataset,SOC 15-1221 (Computer and Information Research Scientists / AI)
J00091,Line Man Wongnai,Tech,Data Science,Data Engineer,Mid-Level (3-5 yrs),4,Thailand (Bangkok),Local / Thailand,Python;SQL;Big Data (Spark/Hadoop);Airflow & ETL;Cloud (AWS/GCP/Azure);Docker & Containers;Research & Experimentation;Git & Version Control,73000,117000,95000,99000,135000,117000,2020-07-06,2020,7,Kaggle Data Science & AI Salaries (2020-2025) & U.S. BLS OEWS,Hugging Face Tech Job Postings Dataset,SOC 15-2051 (Data Scientists)
J00092,Google Cloud,Tech,Artificial Intelligence,Machine Learning Engineer,Mid-Level (3-5 yrs),1,US / Remote,North America,Python;TensorFlow;Scikit-Learn;MLOps;Cloud (AWS/GCP/Azure);Docker & Containers,73000,116000,94500,101000,120000,110500,2020-07-24,2020,7,Kaggle Data Science & AI Salaries (2020-2025) & U.S. BLS OEWS,Hugging Face Tech Job Postings Dataset,SOC 15-1221 (Computer and Information Research Scientists / AI)
J00093,SCB 10X / SCBX,Finance & Banking,Statistics,Quantitative Risk Analyst,Senior/Lead (5+ yrs),1,Thailand (Bangkok),Local / Thailand,Python;R;Statistics & Probability;Linear Algebra & Calculus;Financial Modeling;Git & Version Control,146000,239000,192500,170000,219000,194500,2020-07-20,2020,7,Kaggle Data Science & AI Salaries (2020-2025) & U.S. BLS OEWS,Hugging Face Tech Job Postings Dataset,SOC 15-2041 (Statisticians)
J00094,Deloitte Consulting AI Institute,Consulting,Artificial Intelligence,Computer Vision Specialist,Entry-Level (0-2 yrs),7,Thailand (Bangkok),Local / Thailand,Python;PyTorch;Deep Learning;Docker & Containers;Algorithms;Business Acumen;Git & Version Control,39000,57000,48000,62000,81000,71500,2020-07-10,2020,7,Kaggle Data Science & AI Salaries (2020-2025) & U.S. BLS OEWS,Hugging Face Tech Job Postings Dataset,SOC 15-1221 (Computer and Information Research Scientists / AI)
J00095,PTT Digital Solutions,Energy & Manufacturing,Artificial Intelligence,Machine Learning Engineer,Entry-Level (0-2 yrs),9,Thailand (Bangkok),Local / Thailand,Python;TensorFlow;Scikit-Learn;MLOps;Cloud (AWS/GCP/Azure);Docker & Containers;Storytelling with Data,39000,58000,48500,59000,76000,67500,2020-07-04,2020,7,Kaggle Data Science & AI Salaries (2020-2025) & U.S. BLS OEWS,Hugging Face Tech Job Postings Dataset,SOC 15-1221 (Computer and Information Research Scientists / AI)
J00096,Agoda,Tech,Artificial Intelligence,Generative AI Engineer,Entry-Level (0-2 yrs),6,Thailand (Bangkok),Local / Thailand,Python;LLMs & GenAI;PyTorch;Cloud (AWS/GCP/Azure);Git & Version Control,47000,59000,53000,56000,82000,69000,2020-07-22,2020,7,Kaggle Data Science & AI Salaries (2020-2025) & U.S. BLS OEWS,Hugging Face Tech Job Postings Dataset,SOC 15-1221 (Computer and Information Research Scientists / AI)
J00097,Central Retail Digital,Retail & E-Commerce,Artificial Intelligence,Machine Learning Engineer,Mid-Level (3-5 yrs),4,Thailand (Bangkok),Local / Thailand,Python;TensorFlow;Scikit-Learn;MLOps;Cloud (AWS/GCP/Azure);Docker & Containers,71000,127000,99000,91000,128000,109500,2020-07-08,2020,7,Kaggle Data Science & AI Salaries (2020-2025) & U.S. BLS OEWS,Hugging Face Tech Job Postings Dataset,SOC 15-1221 (Computer and Information Research Scientists / AI)
J00098,Central Retail Digital,Retail & E-Commerce,Statistics,Biostatistician,Entry-Level (0-2 yrs),3,Thailand (Bangkok),Local / Thailand,R;Statistics & Probability;Clinical Trials;Research & Experimentation;Data Modeling;Storytelling with Data,38000,58000,48000,60000,84000,72000,2020-07-13,2020,7,Kaggle Data Science & AI Salaries (2020-2025) & U.S. BLS OEWS,Hugging Face Tech Job Postings Dataset,SOC 15-2041 (Statisticians)
J00099,Amazon Web Services (AWS),Tech,Data Science,Data Engineer,Senior/Lead (5+ yrs),6,Singapore,Asia-Pacific,Python;SQL;Big Data (Spark/Hadoop);Airflow & ETL;Cloud (AWS/GCP/Azure);Docker & Containers;Git & Version Control,164000,221000,192500,170000,211000,190500,2020-07-23,2020,7,Kaggle Data Science & AI Salaries (2020-2025) & U.S. BLS OEWS,Hugging Face Tech Job Postings Dataset,SOC 15-2051 (Data Scientists)
J00100,Kasikorn Business-Technology Group (KBTG),Finance & Banking,Statistics,Quantitative Risk Analyst,Mid-Level (3-5 yrs),5,Thailand (Bangkok),Local / Thailand,Python;R;Statistics & Probability;Linear Algebra & Calculus;Financial Modeling;Problem Solving;Git & Version Control,81000,123000,102000,95000,121000,108000,2020-07-06,2020,7,Kaggle Data Science & AI Salaries (2020-2025) & U.S. BLS OEWS,Hugging Face Tech Job Postings Dataset,SOC 15-2041 (Statisticians)
J00101,True Digital Group,Telecom,Artificial Intelligence,Computer Vision Specialist,Entry-Level (0-2 yrs),3,Thailand (Bangkok),Local / Thailand,Python;PyTorch;Deep Learning;Docker & Containers;Algorithms;Business Acumen,47000,59000,53000,65000,80000,72500,2020-08-24,2020,8,Kaggle Data Science & AI Salaries (2020-2025) & U.S. BLS OEWS,Hugging Face Tech Job Postings Dataset,SOC 15-1221 (Computer and Information Research Scientists / AI)
J00102,SCB 10X / SCBX,Finance & Banking,Artificial Intelligence,Machine Learning Engineer,Mid-Level (3-5 yrs),4,Thailand (Bangkok),Local / Thailand,Python;TensorFlow;Scikit-Learn;MLOps;Cloud (AWS/GCP/Azure);Docker & Containers;Git & Version Control,77000,127000,102000,93000,138000,115500,2020-08-19,2020,8,Kaggle Data Science & AI Salaries (2020-2025) & U.S. BLS OEWS,Hugging Face Tech Job Postings Dataset,SOC 15-1221 (Computer and Information Research Scientists / AI)
J00103,Amazon Web Services (AWS),Tech,Data Science,Data Engineer,Entry-Level (0-2 yrs),4,Singapore,Asia-Pacific,Python;SQL;Big Data (Spark/Hadoop);Airflow & ETL;Cloud (AWS/GCP/Azure);Docker & Containers;Storytelling with Data;Git & Version Control,39000,60000,49500,63000,84000,73500,2020-08-26,2020,8,Kaggle Data Science & AI Salaries (2020-2025) & U.S. BLS OEWS,Hugging Face Tech Job Postings Dataset,SOC 15-2051 (Data Scientists)
J00104,Bitkub Online,Finance & Banking,Statistics,Quantitative Risk Analyst,Senior/Lead (5+ yrs),4,Thailand (Bangkok),Local / Thailand,Python;R;Statistics & Probability;Linear Algebra & Calculus;Financial Modeling,143000,227000,185000,161000,211000,186000,2020-08-20,2020,8,Kaggle Data Science & AI Salaries (2020-2025) & U.S. BLS OEWS,Hugging Face Tech Job Postings Dataset,SOC 15-2041 (Statisticians)
J00105,Roche Bioinformatics,Healthcare,Data Science,Data Engineer,Entry-Level (0-2 yrs),7,Switzerland,Europe,Python;SQL;Big Data (Spark/Hadoop);Airflow & ETL;Cloud (AWS/GCP/Azure);Docker & Containers,44000,55000,49500,60000,75000,67500,2020-08-26,2020,8,Kaggle Data Science & AI Salaries (2020-2025) & U.S. BLS OEWS,Hugging Face Tech Job Postings Dataset,SOC 15-2051 (Data Scientists)
J00106,Bitkub Online,Finance & Banking,Data Science,Data Scientist,Entry-Level (0-2 yrs),9,Thailand (Bangkok),Local / Thailand,Python;SQL;Scikit-Learn;Statistics & Probability;Data Modeling;Business Acumen;Git & Version Control,46000,61000,53500,65000,75000,70000,2020-08-25,2020,8,Kaggle Data Science & AI Salaries (2020-2025) & U.S. BLS OEWS,Hugging Face Tech Job Postings Dataset,SOC 15-2051 (Data Scientists)
J00107,Bumrungrad International Hospital,Healthcare,Data Science,Data Scientist,Mid-Level (3-5 yrs),5,Thailand (Bangkok),Local / Thailand,Python;SQL;Scikit-Learn;Statistics & Probability;Data Modeling;Business Acumen;Research & Experimentation;Git & Version Control,78000,114000,96000,88000,136000,112000,2020-08-12,2020,8,Kaggle Data Science & AI Salaries (2020-2025) & U.S. BLS OEWS,Hugging Face Tech Job Postings Dataset,SOC 15-2051 (Data Scientists)
J00108,Kasikorn Business-Technology Group (KBTG),Finance & Banking,Statistics,Quantitative Risk Analyst,Mid-Level (3-5 yrs),1,Thailand (Bangkok),Local / Thailand,Python;R;Statistics & Probability;Linear Algebra & Calculus;Financial Modeling;Critical Thinking,73000,120000,96500,87000,136000,111500,2020-08-27,2020,8,Kaggle Data Science & AI Salaries (2020-2025) & U.S. BLS OEWS,Hugging Face Tech Job Postings Dataset,SOC 15-2041 (Statisticians)
J00109,True Digital Group,Telecom,Artificial Intelligence,AI Engineer,Entry-Level (0-2 yrs),9,Thailand (Bangkok),Local / Thailand,Python;PyTorch;Docker & Containers;MLOps;LLMs & GenAI;Cloud (AWS/GCP/Azure),38000,58000,48000,57000,76000,66500,2020-08-04,2020,8,Kaggle Data Science & AI Salaries (2020-2025) & U.S. BLS OEWS,Hugging Face Tech Job Postings Dataset,SOC 15-1221 (Computer and Information Research Scientists / AI)
J00110,Agoda,Tech,Artificial Intelligence,Generative AI Engineer,Mid-Level (3-5 yrs),5,Thailand (Bangkok),Local / Thailand,Python;LLMs & GenAI;PyTorch;Cloud (AWS/GCP/Azure);Git & Version Control,75000,129000,102000,93000,130000,111500,2020-08-27,2020,8,Kaggle Data Science & AI Salaries (2020-2025) & U.S. BLS OEWS,Hugging Face Tech Job Postings Dataset,SOC 15-1221 (Computer and Information Research Scientists / AI)
J00111,Central Retail Digital,Retail & E-Commerce,Artificial Intelligence,Machine Learning Engineer,Entry-Level (0-2 yrs),8,Thailand (Bangkok),Local / Thailand,Python;TensorFlow;Scikit-Learn;MLOps;Cloud (AWS/GCP/Azure);Docker & Containers,38000,63000,50500,63000,74000,68500,2020-08-07,2020,8,Kaggle Data Science & AI Salaries (2020-2025) & U.S. BLS OEWS,Hugging Face Tech Job Postings Dataset,SOC 15-1221 (Computer and Information Research Scientists / AI)
J00112,Deloitte Consulting AI Institute,Consulting,Statistics,Quantitative Risk Analyst,Entry-Level (0-2 yrs),2,Thailand (Bangkok),Local / Thailand,Python;R;Statistics & Probability;Linear Algebra & Calculus;Financial Modeling;Git & Version Control,42000,56000,49000,56000,82000,69000,2020-09-10,2020,9,Kaggle Data Science & AI Salaries (2020-2025) & U.S. BLS OEWS,Hugging Face Tech Job Postings Dataset,SOC 15-2041 (Statisticians)
J00113,Central Retail Digital,Retail & E-Commerce,Data Science,Data Engineer,Senior/Lead (5+ yrs),3,Thailand (Bangkok),Local / Thailand,Python;SQL;Big Data (Spark/Hadoop);Airflow & ETL;Cloud (AWS/GCP/Azure);Docker & Containers;Storytelling with Data,150000,211000,180500,153000,213000,183000,2020-09-17,2020,9,Kaggle Data Science & AI Salaries (2020-2025) & U.S. BLS OEWS,Hugging Face Tech Job Postings Dataset,SOC 15-2051 (Data Scientists)
J00114,BDMS Health Network,Healthcare,Statistics,Quantitative Risk Analyst,Mid-Level (3-5 yrs),5,Thailand (Bangkok),Local / Thailand,Python;R;Statistics & Probability;Linear Algebra & Calculus;Financial Modeling,72000,123000,97500,93000,126000,109500,2020-09-09,2020,9,Kaggle Data Science & AI Salaries (2020-2025) & U.S. BLS OEWS,Hugging Face Tech Job Postings Dataset,SOC 15-2041 (Statisticians)
J00115,Central Retail Digital,Retail & E-Commerce,Data Science,Data Scientist,Entry-Level (0-2 yrs),5,Thailand (Bangkok),Local / Thailand,Python;SQL;Scikit-Learn;Statistics & Probability;Data Modeling;Business Acumen;Agile & Scrum,46000,63000,54500,63000,79000,71000,2020-09-01,2020,9,Kaggle Data Science & AI Salaries (2020-2025) & U.S. BLS OEWS,Hugging Face Tech Job Postings Dataset,SOC 15-2051 (Data Scientists)
J00116,Microsoft,Tech,Data Science,Data Scientist,Entry-Level (0-2 yrs),8,US / Remote,North America,Python;SQL;Scikit-Learn;Statistics & Probability;Data Modeling;Business Acumen;Business Acumen;Git & Version Control,41000,62000,51500,61000,84000,72500,2020-09-08,2020,9,Kaggle Data Science & AI Salaries (2020-2025) & U.S. BLS OEWS,Hugging Face Tech Job Postings Dataset,SOC 15-2051 (Data Scientists)
J00117,Meta AI,Tech,Statistics,Statistician,Senior/Lead (5+ yrs),6,US / Remote,North America,R;Statistics & Probability;SQL;Time Series Analysis;Critical Thinking;Business Acumen,147000,214000,180500,149000,218000,183500,2020-09-05,2020,9,Kaggle Data Science & AI Salaries (2020-2025) & U.S. BLS OEWS,Hugging Face Tech Job Postings Dataset,SOC 15-2041 (Statisticians)
J00118,Central Retail Digital,Retail & E-Commerce,Statistics,Quantitative Risk Analyst,Mid-Level (3-5 yrs),2,Thailand (Bangkok),Local / Thailand,Python;R;Statistics & Probability;Linear Algebra & Calculus;Financial Modeling;Git & Version Control,84000,128000,106000,96000,123000,109500,2020-09-14,2020,9,Kaggle Data Science & AI Salaries (2020-2025) & U.S. BLS OEWS,Hugging Face Tech Job Postings Dataset,SOC 15-2041 (Statisticians)
J00119,Bumrungrad International Hospital,Healthcare,Data Science,Senior Data Scientist,Entry-Level (0-2 yrs),6,Thailand (Bangkok),Local / Thailand,Python;SQL;Machine Learning;Cloud (AWS/GCP/Azure);Storytelling with Data;Airflow & ETL;Storytelling with Data,42000,56000,49000,55000,80000,67500,2020-09-07,2020,9,Kaggle Data Science & AI Salaries (2020-2025) & U.S. BLS OEWS,Hugging Face Tech Job Postings Dataset,SOC 15-2051 (Data Scientists)
J00120,Amazon Web Services (AWS),Tech,Artificial Intelligence,Machine Learning Engineer,Senior/Lead (5+ yrs),4,Singapore,Asia-Pacific,Python;TensorFlow;Scikit-Learn;MLOps;Cloud (AWS/GCP/Azure);Docker & Containers;Business Acumen,152000,218000,185000,170000,200000,185000,2020-09-19,2020,9,Kaggle Data Science & AI Salaries (2020-2025) & U.S. BLS OEWS,Hugging Face Tech Job Postings Dataset,SOC 15-1221 (Computer and Information Research Scientists / AI)
J00121,Google Cloud,Tech,Artificial Intelligence,Computer Vision Specialist,Entry-Level (0-2 yrs),4,US / Remote,North America,Python;PyTorch;Deep Learning;Docker & Containers;Algorithms;Critical Thinking,45000,60000,52500,61000,74000,67500,2020-09-07,2020,9,Kaggle Data Science & AI Salaries (2020-2025) & U.S. BLS OEWS,Hugging Face Tech Job Postings Dataset,SOC 15-1221 (Computer and Information Research Scientists / AI)
J00122,Line Man Wongnai,Tech,Statistics,Biostatistician,Mid-Level (3-5 yrs),4,Thailand (Bangkok),Local / Thailand,R;Statistics & Probability;Clinical Trials;Research & Experimentation;Data Modeling,81000,125000,103000,87000,128000,107500,2020-09-16,2020,9,Kaggle Data Science & AI Salaries (2020-2025) & U.S. BLS OEWS,Hugging Face Tech Job Postings Dataset,SOC 15-2041 (Statisticians)
J00123,McKinsey & Company QuantumBlack,Consulting,Artificial Intelligence,AI Engineer,Entry-Level (0-2 yrs),5,Global / Remote,Global / Remote,Python;PyTorch;Docker & Containers;MLOps;LLMs & GenAI;Cloud (AWS/GCP/Azure);Critical Thinking;Git & Version Control,44000,64000,54000,64000,81000,72500,2020-09-21,2020,9,Kaggle Data Science & AI Salaries (2020-2025) & U.S. BLS OEWS,Hugging Face Tech Job Postings Dataset,SOC 15-1221 (Computer and Information Research Scientists / AI)
J00124,PTT Digital Solutions,Energy & Manufacturing,Artificial Intelligence,Generative AI Engineer,Mid-Level (3-5 yrs),3,Thailand (Bangkok),Local / Thailand,Python;LLMs & GenAI;PyTorch;Cloud (AWS/GCP/Azure);Git & Version Control,73000,112000,92500,93000,125000,109000,2020-10-02,2020,10,Kaggle Data Science & AI Salaries (2020-2025) & U.S. BLS OEWS,Hugging Face Tech Job Postings Dataset,SOC 15-1221 (Computer and Information Research Scientists / AI)
J00125,Bitkub Online,Finance & Banking,Data Science,Data Scientist,Mid-Level (3-5 yrs),5,Thailand (Bangkok),Local / Thailand,Python;SQL;Scikit-Learn;Statistics & Probability;Data Modeling;Business Acumen;Git & Version Control,78000,117000,97500,100000,139000,119500,2020-10-12,2020,10,Kaggle Data Science & AI Salaries (2020-2025) & U.S. BLS OEWS,Hugging Face Tech Job Postings Dataset,SOC 15-2051 (Data Scientists)
J00126,True Digital Group,Telecom,Artificial Intelligence,Computer Vision Specialist,Senior/Lead (5+ yrs),4,Thailand (Bangkok),Local / Thailand,Python;PyTorch;Deep Learning;Docker & Containers;Algorithms;Git & Version Control,135000,212000,173500,173000,202000,187500,2020-10-04,2020,10,Kaggle Data Science & AI Salaries (2020-2025) & U.S. BLS OEWS,Hugging Face Tech Job Postings Dataset,SOC 15-1221 (Computer and Information Research Scientists / AI)
J00127,BDMS Health Network,Healthcare,Artificial Intelligence,AI Engineer,Mid-Level (3-5 yrs),6,Thailand (Bangkok),Local / Thailand,Python;PyTorch;Docker & Containers;MLOps;LLMs & GenAI;Cloud (AWS/GCP/Azure);Agile & Scrum;Git & Version Control,72000,120000,96000,85000,139000,112000,2020-10-02,2020,10,Kaggle Data Science & AI Salaries (2020-2025) & U.S. BLS OEWS,Hugging Face Tech Job Postings Dataset,SOC 15-1221 (Computer and Information Research Scientists / AI)
J00128,Shopee,Retail & E-Commerce,Data Science,Data Engineer,Mid-Level (3-5 yrs),1,Singapore,Asia-Pacific,Python;SQL;Big Data (Spark/Hadoop);Airflow & ETL;Cloud (AWS/GCP/Azure);Docker & Containers;Business Acumen,77000,119000,98000,87000,133000,110000,2020-10-04,2020,10,Kaggle Data Science & AI Salaries (2020-2025) & U.S. BLS OEWS,Hugging Face Tech Job Postings Dataset,SOC 15-2051 (Data Scientists)
J00129,Amazon Web Services (AWS),Tech,Data Science,Data Scientist,Mid-Level (3-5 yrs),6,Singapore,Asia-Pacific,Python;SQL;Scikit-Learn;Statistics & Probability;Data Modeling;Business Acumen,70000,126000,98000,86000,134000,110000,2020-10-04,2020,10,Kaggle Data Science & AI Salaries (2020-2025) & U.S. BLS OEWS,Hugging Face Tech Job Postings Dataset,SOC 15-2051 (Data Scientists)
J00130,Microsoft,Tech,Artificial Intelligence,Generative AI Engineer,Mid-Level (3-5 yrs),3,US / Remote,North America,Python;LLMs & GenAI;PyTorch;Cloud (AWS/GCP/Azure);Git & Version Control,82000,129000,105500,91000,127000,109000,2020-10-18,2020,10,Kaggle Data Science & AI Salaries (2020-2025) & U.S. BLS OEWS,Hugging Face Tech Job Postings Dataset,SOC 15-1221 (Computer and Information Research Scientists / AI)
J00131,Microsoft,Tech,Artificial Intelligence,Generative AI Engineer,Mid-Level (3-5 yrs),4,US / Remote,North America,Python;LLMs & GenAI;PyTorch;Cloud (AWS/GCP/Azure);Git & Version Control;Agile & Scrum,73000,110000,91500,96000,138000,117000,2020-10-16,2020,10,Kaggle Data Science & AI Salaries (2020-2025) & U.S. BLS OEWS,Hugging Face Tech Job Postings Dataset,SOC 15-1221 (Computer and Information Research Scientists / AI)
J00132,Grab,Tech,Artificial Intelligence,Machine Learning Engineer,Mid-Level (3-5 yrs),1,Singapore,Asia-Pacific,Python;TensorFlow;Scikit-Learn;MLOps;Cloud (AWS/GCP/Azure);Docker & Containers;Business Acumen,80000,112000,96000,89000,123000,106000,2020-10-02,2020,10,Kaggle Data Science & AI Salaries (2020-2025) & U.S. BLS OEWS,Hugging Face Tech Job Postings Dataset,SOC 15-1221 (Computer and Information Research Scientists / AI)
J00133,Shopee,Retail & E-Commerce,Artificial Intelligence,Computer Vision Specialist,Senior/Lead (5+ yrs),3,Singapore,Asia-Pacific,Python;PyTorch;Deep Learning;Docker & Containers;Algorithms;Critical Thinking,147000,228000,187500,157000,199000,178000,2020-10-05,2020,10,Kaggle Data Science & AI Salaries (2020-2025) & U.S. BLS OEWS,Hugging Face Tech Job Postings Dataset,SOC 15-1221 (Computer and Information Research Scientists / AI)
J00134,Line Man Wongnai,Tech,Data Science,Senior Data Scientist,Mid-Level (3-5 yrs),4,Thailand (Bangkok),Local / Thailand,Python;SQL;Machine Learning;Cloud (AWS/GCP/Azure);Storytelling with Data;Airflow & ETL,84000,115000,99500,97000,126000,111500,2020-10-13,2020,10,Kaggle Data Science & AI Salaries (2020-2025) & U.S. BLS OEWS,Hugging Face Tech Job Postings Dataset,SOC 15-2051 (Data Scientists)
J00135,Google Cloud,Tech,Data Science,Data Scientist,Senior/Lead (5+ yrs),6,US / Remote,North America,Python;SQL;Scikit-Learn;Statistics & Probability;Data Modeling;Business Acumen;Git & Version Control,163000,232000,197500,163000,222000,192500,2020-10-02,2020,10,Kaggle Data Science & AI Salaries (2020-2025) & U.S. BLS OEWS,Hugging Face Tech Job Postings Dataset,SOC 15-2051 (Data Scientists)
J00136,Line Man Wongnai,Tech,Artificial Intelligence,Machine Learning Engineer,Mid-Level (3-5 yrs),5,Thailand (Bangkok),Local / Thailand,Python;TensorFlow;Scikit-Learn;MLOps;Cloud (AWS/GCP/Azure);Docker & Containers;Storytelling with Data,76000,121000,98500,92000,131000,111500,2020-10-22,2020,10,Kaggle Data Science & AI Salaries (2020-2025) & U.S. BLS OEWS,Hugging Face Tech Job Postings Dataset,SOC 15-1221 (Computer and Information Research Scientists / AI)
J00137,Grab,Tech,Statistics,Statistician,Senior/Lead (5+ yrs),1,Singapore,Asia-Pacific,R;Statistics & Probability;SQL;Time Series Analysis;Critical Thinking;Git & Version Control,164000,219000,191500,146000,218000,182000,2020-10-17,2020,10,Kaggle Data Science & AI Salaries (2020-2025) & U.S. BLS OEWS,Hugging Face Tech Job Postings Dataset,SOC 15-2041 (Statisticians)
J00138,Siemens AI Industry,Manufacturing,Statistics,Biostatistician,Entry-Level (0-2 yrs),7,Germany,Europe,R;Statistics & Probability;Clinical Trials;Research & Experimentation;Data Modeling;Cross-functional Communication,42000,61000,51500,61000,77000,69000,2020-10-22,2020,10,Kaggle Data Science & AI Salaries (2020-2025) & U.S. BLS OEWS,Hugging Face Tech Job Postings Dataset,SOC 15-2041 (Statisticians)
J00139,McKinsey & Company QuantumBlack,Consulting,Artificial Intelligence,Computer Vision Specialist,Senior/Lead (5+ yrs),5,Global / Remote,Global / Remote,Python;PyTorch;Deep Learning;Docker & Containers;Algorithms;Cross-functional Communication;Git & Version Control,165000,226000,195500,145000,227000,186000,2020-11-28,2020,11,Kaggle Data Science & AI Salaries (2020-2025) & U.S. BLS OEWS,Hugging Face Tech Job Postings Dataset,SOC 15-1221 (Computer and Information Research Scientists / AI)
J00140,Line Man Wongnai,Tech,Artificial Intelligence,Machine Learning Engineer,Mid-Level (3-5 yrs),3,Thailand (Bangkok),Local / Thailand,Python;TensorFlow;Scikit-Learn;MLOps;Cloud (AWS/GCP/Azure);Docker & Containers;Cross-functional Communication;Git & Version Control,72000,129000,100500,85000,123000,104000,2020-11-03,2020,11,Kaggle Data Science & AI Salaries (2020-2025) & U.S. BLS OEWS,Hugging Face Tech Job Postings Dataset,SOC 15-1221 (Computer and Information Research Scientists / AI)
J00141,Google Cloud,Tech,Statistics,Statistician,Senior/Lead (5+ yrs),4,US / Remote,North America,R;Statistics & Probability;SQL;Time Series Analysis;Critical Thinking;Critical Thinking,137000,221000,179000,154000,229000,191500,2020-11-14,2020,11,Kaggle Data Science & AI Salaries (2020-2025) & U.S. BLS OEWS,Hugging Face Tech Job Postings Dataset,SOC 15-2041 (Statisticians)
J00142,Kasikorn Business-Technology Group (KBTG),Finance & Banking,Statistics,Quantitative Risk Analyst,Mid-Level (3-5 yrs),1,Thailand (Bangkok),Local / Thailand,Python;R;Statistics & Probability;Linear Algebra & Calculus;Financial Modeling;Agile & Scrum;Git & Version Control,81000,129000,105000,95000,137000,116000,2020-11-11,2020,11,Kaggle Data Science & AI Salaries (2020-2025) & U.S. BLS OEWS,Hugging Face Tech Job Postings Dataset,SOC 15-2041 (Statisticians)
J00143,BDMS Health Network,Healthcare,Artificial Intelligence,AI Engineer,Senior/Lead (5+ yrs),4,Thailand (Bangkok),Local / Thailand,Python;PyTorch;Docker & Containers;MLOps;LLMs & GenAI;Cloud (AWS/GCP/Azure),146000,231000,188500,162000,220000,191000,2020-11-04,2020,11,Kaggle Data Science & AI Salaries (2020-2025) & U.S. BLS OEWS,Hugging Face Tech Job Postings Dataset,SOC 15-1221 (Computer and Information Research Scientists / AI)
J00144,PTT Digital Solutions,Energy & Manufacturing,Artificial Intelligence,AI Engineer,Entry-Level (0-2 yrs),6,Thailand (Bangkok),Local / Thailand,Python;PyTorch;Docker & Containers;MLOps;LLMs & GenAI;Cloud (AWS/GCP/Azure);Git & Version Control,43000,58000,50500,56000,83000,69500,2020-11-24,2020,11,Kaggle Data Science & AI Salaries (2020-2025) & U.S. BLS OEWS,Hugging Face Tech Job Postings Dataset,SOC 15-1221 (Computer and Information Research Scientists / AI)
J00145,Deloitte Consulting AI Institute,Consulting,Artificial Intelligence,Machine Learning Engineer,Entry-Level (0-2 yrs),5,Thailand (Bangkok),Local / Thailand,Python;TensorFlow;Scikit-Learn;MLOps;Cloud (AWS/GCP/Azure);Docker & Containers;Agile & Scrum,39000,64000,51500,59000,78000,68500,2020-11-25,2020,11,Kaggle Data Science & AI Salaries (2020-2025) & U.S. BLS OEWS,Hugging Face Tech Job Postings Dataset,SOC 15-1221 (Computer and Information Research Scientists / AI)
J00146,Deloitte Consulting AI Institute,Consulting,Artificial Intelligence,AI Engineer,Senior/Lead (5+ yrs),6,Thailand (Bangkok),Local / Thailand,Python;PyTorch;Docker & Containers;MLOps;LLMs & GenAI;Cloud (AWS/GCP/Azure);Problem Solving;Git & Version Control,154000,231000,192500,158000,218000,188000,2020-11-01,2020,11,Kaggle Data Science & AI Salaries (2020-2025) & U.S. BLS OEWS,Hugging Face Tech Job Postings Dataset,SOC 15-1221 (Computer and Information Research Scientists / AI)
J00147,Amazon Web Services (AWS),Tech,Artificial Intelligence,AI Engineer,Mid-Level (3-5 yrs),4,Singapore,Asia-Pacific,Python;PyTorch;Docker & Containers;MLOps;LLMs & GenAI;Cloud (AWS/GCP/Azure);Git & Version Control,82000,119000,100500,93000,138000,115500,2020-11-24,2020,11,Kaggle Data Science & AI Salaries (2020-2025) & U.S. BLS OEWS,Hugging Face Tech Job Postings Dataset,SOC 15-1221 (Computer and Information Research Scientists / AI)
J00148,Grab,Tech,Artificial Intelligence,Machine Learning Engineer,Mid-Level (3-5 yrs),5,Singapore,Asia-Pacific,Python;TensorFlow;Scikit-Learn;MLOps;Cloud (AWS/GCP/Azure);Docker & Containers;Agile & Scrum;Git & Version Control,78000,116000,97000,99000,127000,113000,2020-11-09,2020,11,Kaggle Data Science & AI Salaries (2020-2025) & U.S. BLS OEWS,Hugging Face Tech Job Postings Dataset,SOC 15-1221 (Computer and Information Research Scientists / AI)
J00149,McKinsey & Company QuantumBlack,Consulting,Data Science,Senior Data Scientist,Senior/Lead (5+ yrs),4,Global / Remote,Global / Remote,Python;SQL;Machine Learning;Cloud (AWS/GCP/Azure);Storytelling with Data;Airflow & ETL;Research & Experimentation;Git & Version Control,162000,208000,185000,162000,226000,194000,2020-11-28,2020,11,Kaggle Data Science & AI Salaries (2020-2025) & U.S. BLS OEWS,Hugging Face Tech Job Postings Dataset,SOC 15-2051 (Data Scientists)
J00150,Bumrungrad International Hospital,Healthcare,Statistics,Quantitative Risk Analyst,Mid-Level (3-5 yrs),2,Thailand (Bangkok),Local / Thailand,Python;R;Statistics & Probability;Linear Algebra & Calculus;Financial Modeling;Git & Version Control,71000,124000,97500,96000,138000,117000,2020-11-06,2020,11,Kaggle Data Science & AI Salaries (2020-2025) & U.S. BLS OEWS,Hugging Face Tech Job Postings Dataset,SOC 15-2041 (Statisticians)
J00151,Amazon Web Services (AWS),Tech,Statistics,Quantitative Risk Analyst,Mid-Level (3-5 yrs),3,Singapore,Asia-Pacific,Python;R;Statistics & Probability;Linear Algebra & Calculus;Financial Modeling;Agile & Scrum,80000,125000,102500,94000,131000,112500,2020-11-24,2020,11,Kaggle Data Science & AI Salaries (2020-2025) & U.S. BLS OEWS,Hugging Face Tech Job Postings Dataset,SOC 15-2041 (Statisticians)
J00152,Meta AI,Tech,Data Science,Data Scientist,Senior/Lead (5+ yrs),4,US / Remote,North America,Python;SQL;Scikit-Learn;Statistics & Probability;Data Modeling;Business Acumen;Problem Solving,162000,222000,192000,145000,200000,172500,2020-11-26,2020,11,Kaggle Data Science & AI Salaries (2020-2025) & U.S. BLS OEWS,Hugging Face Tech Job Postings Dataset,SOC 15-2051 (Data Scientists)
J00153,Line Man Wongnai,Tech,Data Science,Data Scientist,Mid-Level (3-5 yrs),2,Thailand (Bangkok),Local / Thailand,Python;SQL;Scikit-Learn;Statistics & Probability;Data Modeling;Business Acumen;Git & Version Control,82000,123000,102500,90000,134000,112000,2020-11-04,2020,11,Kaggle Data Science & AI Salaries (2020-2025) & U.S. BLS OEWS,Hugging Face Tech Job Postings Dataset,SOC 15-2051 (Data Scientists)
J00154,Meta AI,Tech,Artificial Intelligence,Generative AI Engineer,Mid-Level (3-5 yrs),5,US / Remote,North America,Python;LLMs & GenAI;PyTorch;Cloud (AWS/GCP/Azure);Git & Version Control;Critical Thinking,74000,120000,97000,98000,133000,115500,2020-12-13,2020,12,Kaggle Data Science & AI Salaries (2020-2025) & U.S. BLS OEWS,Hugging Face Tech Job Postings Dataset,SOC 15-1221 (Computer and Information Research Scientists / AI)
J00155,McKinsey & Company QuantumBlack,Consulting,Data Science,Data Engineer,Senior/Lead (5+ yrs),6,Global / Remote,Global / Remote,Python;SQL;Big Data (Spark/Hadoop);Airflow & ETL;Cloud (AWS/GCP/Azure);Docker & Containers;Research & Experimentation;Git & Version Control,145000,223000,184000,145000,204000,174500,2020-12-15,2020,12,Kaggle Data Science & AI Salaries (2020-2025) & U.S. BLS OEWS,Hugging Face Tech Job Postings Dataset,SOC 15-2051 (Data Scientists)
J00156,PTT Digital Solutions,Energy & Manufacturing,Data Science,Senior Data Scientist,Mid-Level (3-5 yrs),5,Thailand (Bangkok),Local / Thailand,Python;SQL;Machine Learning;Cloud (AWS/GCP/Azure);Storytelling with Data;Airflow & ETL;Git & Version Control,80000,114000,97000,97000,123000,110000,2020-12-03,2020,12,Kaggle Data Science & AI Salaries (2020-2025) & U.S. BLS OEWS,Hugging Face Tech Job Postings Dataset,SOC 15-2051 (Data Scientists)
J00157,Line Man Wongnai,Tech,Artificial Intelligence,Computer Vision Specialist,Mid-Level (3-5 yrs),1,Thailand (Bangkok),Local / Thailand,Python;PyTorch;Deep Learning;Docker & Containers;Algorithms;Business Acumen,74000,118000,96000,94000,121000,107500,2020-12-15,2020,12,Kaggle Data Science & AI Salaries (2020-2025) & U.S. BLS OEWS,Hugging Face Tech Job Postings Dataset,SOC 15-1221 (Computer and Information Research Scientists / AI)
J00158,Grab,Tech,Artificial Intelligence,AI Engineer,Entry-Level (0-2 yrs),7,Singapore,Asia-Pacific,Python;PyTorch;Docker & Containers;MLOps;LLMs & GenAI;Cloud (AWS/GCP/Azure);Git & Version Control,43000,62000,52500,61000,83000,72000,2020-12-18,2020,12,Kaggle Data Science & AI Salaries (2020-2025) & U.S. BLS OEWS,Hugging Face Tech Job Postings Dataset,SOC 15-1221 (Computer and Information Research Scientists / AI)
J00159,BDMS Health Network,Healthcare,Artificial Intelligence,Machine Learning Engineer,Mid-Level (3-5 yrs),3,Thailand (Bangkok),Local / Thailand,Python;TensorFlow;Scikit-Learn;MLOps;Cloud (AWS/GCP/Azure);Docker & Containers;Git & Version Control,76000,129000,102500,93000,135000,114000,2020-12-13,2020,12,Kaggle Data Science & AI Salaries (2020-2025) & U.S. BLS OEWS,Hugging Face Tech Job Postings Dataset,SOC 15-1221 (Computer and Information Research Scientists / AI)
J00160,SCB 10X / SCBX,Finance & Banking,Data Science,Senior Data Scientist,Entry-Level (0-2 yrs),5,Thailand (Bangkok),Local / Thailand,Python;SQL;Machine Learning;Cloud (AWS/GCP/Azure);Storytelling with Data;Airflow & ETL;Cross-functional Communication;Git & Version Control,44000,58000,51000,58000,84000,71000,2020-12-27,2020,12,Kaggle Data Science & AI Salaries (2020-2025) & U.S. BLS OEWS,Hugging Face Tech Job Postings Dataset,SOC 15-2051 (Data Scientists)
J00161,Agoda,Tech,Artificial Intelligence,Machine Learning Engineer,Mid-Level (3-5 yrs),4,Thailand (Bangkok),Local / Thailand,Python;TensorFlow;Scikit-Learn;MLOps;Cloud (AWS/GCP/Azure);Docker & Containers;Git & Version Control,72000,123000,97500,100000,124000,112000,2020-12-13,2020,12,Kaggle Data Science & AI Salaries (2020-2025) & U.S. BLS OEWS,Hugging Face Tech Job Postings Dataset,SOC 15-1221 (Computer and Information Research Scientists / AI)
J00162,Shopee,Retail & E-Commerce,Data Science,Data Engineer,Entry-Level (0-2 yrs),6,Singapore,Asia-Pacific,Python;SQL;Big Data (Spark/Hadoop);Airflow & ETL;Cloud (AWS/GCP/Azure);Docker & Containers;Cross-functional Communication,38000,60000,49000,63000,78000,70500,2020-12-21,2020,12,Kaggle Data Science & AI Salaries (2020-2025) & U.S. BLS OEWS,Hugging Face Tech Job Postings Dataset,SOC 15-2051 (Data Scientists)
J00163,True Digital Group,Telecom,Data Science,Senior Data Scientist,Mid-Level (3-5 yrs),1,Thailand (Bangkok),Local / Thailand,Python;SQL;Machine Learning;Cloud (AWS/GCP/Azure);Storytelling with Data;Airflow & ETL;Git & Version Control,70000,129000,99500,94000,119000,106500,2020-12-25,2020,12,Kaggle Data Science & AI Salaries (2020-2025) & U.S. BLS OEWS,Hugging Face Tech Job Postings Dataset,SOC 15-2051 (Data Scientists)
J00164,True Digital Group,Telecom,Data Science,Data Engineer,Senior/Lead (5+ yrs),2,Thailand (Bangkok),Local / Thailand,Python;SQL;Big Data (Spark/Hadoop);Airflow & ETL;Cloud (AWS/GCP/Azure);Docker & Containers;Critical Thinking;Git & Version Control,153000,229000,191000,173000,222000,197500,2020-12-05,2020,12,Kaggle Data Science & AI Salaries (2020-2025) & U.S. BLS OEWS,Hugging Face Tech Job Postings Dataset,SOC 15-2051 (Data Scientists)
J00165,Agoda,Tech,Statistics,Statistician,Mid-Level (3-5 yrs),1,Thailand (Bangkok),Local / Thailand,R;Statistics & Probability;SQL;Time Series Analysis;Critical Thinking;Problem Solving;Git & Version Control,69000,111000,90000,98000,130000,114000,2020-12-14,2020,12,Kaggle Data Science & AI Salaries (2020-2025) & U.S. BLS OEWS,Hugging Face Tech Job Postings Dataset,SOC 15-2041 (Statisticians)
J00166,McKinsey & Company QuantumBlack,Consulting,Statistics,Statistician,Mid-Level (3-5 yrs),4,Global / Remote,Global / Remote,R;Statistics & Probability;SQL;Time Series Analysis;Critical Thinking;Critical Thinking;Git & Version Control,73000,118000,95500,87000,119000,103000,2020-12-19,2020,12,Kaggle Data Science & AI Salaries (2020-2025) & U.S. BLS OEWS,Hugging Face Tech Job Postings Dataset,SOC 15-2041 (Statisticians)
J00167,Kasikorn Business-Technology Group (KBTG),Finance & Banking,Artificial Intelligence,Machine Learning Engineer,Mid-Level (3-5 yrs),5,Thailand (Bangkok),Local / Thailand,Python;TensorFlow;Scikit-Learn;MLOps;Cloud (AWS/GCP/Azure);Docker & Containers;Cross-functional Communication,69000,125000,97000,90000,120000,105000,2020-12-27,2020,12,Kaggle Data Science & AI Salaries (2020-2025) & U.S. BLS OEWS,Hugging Face Tech Job Postings Dataset,SOC 15-1221 (Computer and Information Research Scientists / AI)
J00168,Agoda,Tech,Statistics,Statistician,Entry-Level (0-2 yrs),5,Thailand (Bangkok),Local / Thailand,R;Statistics & Probability;SQL;Time Series Analysis;Critical Thinking;Problem Solving,39000,59000,49000,63000,79000,71000,2021-01-26,2021,1,Kaggle Data Science & AI Salaries (2020-2025) & U.S. BLS OEWS,Hugging Face Tech Job Postings Dataset,SOC 15-2041 (Statisticians)
J00169,BDMS Health Network,Healthcare,Artificial Intelligence,AI Engineer,Mid-Level (3-5 yrs),5,Thailand (Bangkok),Local / Thailand,Python;PyTorch;Docker & Containers;MLOps;LLMs & GenAI;Cloud (AWS/GCP/Azure);Critical Thinking,70000,111000,90500,94000,127000,110500,2021-01-24,2021,1,Kaggle Data Science & AI Salaries (2020-2025) & U.S. BLS OEWS,Hugging Face Tech Job Postings Dataset,SOC 15-1221 (Computer and Information Research Scientists / AI)
J00170,BDMS Health Network,Healthcare,Artificial Intelligence,Generative AI Engineer,Mid-Level (3-5 yrs),6,Thailand (Bangkok),Local / Thailand,Python;LLMs & GenAI;PyTorch;Cloud (AWS/GCP/Azure);Git & Version Control,82000,113000,97500,88000,131000,109500,2021-01-04,2021,1,Kaggle Data Science & AI Salaries (2020-2025) & U.S. BLS OEWS,Hugging Face Tech Job Postings Dataset,SOC 15-1221 (Computer and Information Research Scientists / AI)
J00171,Line Man Wongnai,Tech,Statistics,Biostatistician,Senior/Lead (5+ yrs),5,Thailand (Bangkok),Local / Thailand,R;Statistics & Probability;Clinical Trials;Research & Experimentation;Data Modeling;Git & Version Control,150000,223000,186500,153000,197000,175000,2021-01-16,2021,1,Kaggle Data Science & AI Salaries (2020-2025) & U.S. BLS OEWS,Hugging Face Tech Job Postings Dataset,SOC 15-2041 (Statisticians)
J00172,Bumrungrad International Hospital,Healthcare,Data Science,Senior Data Scientist,Entry-Level (0-2 yrs),5,Thailand (Bangkok),Local / Thailand,Python;SQL;Machine Learning;Cloud (AWS/GCP/Azure);Storytelling with Data;Airflow & ETL;Git & Version Control,38000,61000,49500,64000,76000,70000,2021-01-10,2021,1,Kaggle Data Science & AI Salaries (2020-2025) & U.S. BLS OEWS,Hugging Face Tech Job Postings Dataset,SOC 15-2051 (Data Scientists)
J00173,Siemens AI Industry,Manufacturing,Artificial Intelligence,Computer Vision Specialist,Mid-Level (3-5 yrs),3,Germany,Europe,Python;PyTorch;Deep Learning;Docker & Containers;Algorithms;Agile & Scrum;Git & Version Control,81000,129000,105000,87000,125000,106000,2021-01-14,2021,1,Kaggle Data Science & AI Salaries (2020-2025) & U.S. BLS OEWS,Hugging Face Tech Job Postings Dataset,SOC 15-1221 (Computer and Information Research Scientists / AI)
J00174,Central Retail Digital,Retail & E-Commerce,Data Science,Senior Data Scientist,Entry-Level (0-2 yrs),7,Thailand (Bangkok),Local / Thailand,Python;SQL;Machine Learning;Cloud (AWS/GCP/Azure);Storytelling with Data;Airflow & ETL;Problem Solving;Git & Version Control,46000,59000,52500,58000,76000,67000,2021-01-03,2021,1,Kaggle Data Science & AI Salaries (2020-2025) & U.S. BLS OEWS,Hugging Face Tech Job Postings Dataset,SOC 15-2051 (Data Scientists)
J00175,Central Retail Digital,Retail & E-Commerce,Artificial Intelligence,Computer Vision Specialist,Senior/Lead (5+ yrs),2,Thailand (Bangkok),Local / Thailand,Python;PyTorch;Deep Learning;Docker & Containers;Algorithms;Git & Version Control,143000,235000,189000,147000,198000,172500,2021-01-01,2021,1,Kaggle Data Science & AI Salaries (2020-2025) & U.S. BLS OEWS,Hugging Face Tech Job Postings Dataset,SOC 15-1221 (Computer and Information Research Scientists / AI)
J00176,Siemens AI Industry,Manufacturing,Statistics,Biostatistician,Mid-Level (3-5 yrs),5,Germany,Europe,R;Statistics & Probability;Clinical Trials;Research & Experimentation;Data Modeling;Agile & Scrum;Git & Version Control,71000,111000,91000,89000,137000,113000,2021-01-12,2021,1,Kaggle Data Science & AI Salaries (2020-2025) & U.S. BLS OEWS,Hugging Face Tech Job Postings Dataset,SOC 15-2041 (Statisticians)
J00177,McKinsey & Company QuantumBlack,Consulting,Artificial Intelligence,Generative AI Engineer,Senior/Lead (5+ yrs),5,Global / Remote,Global / Remote,Python;LLMs & GenAI;PyTorch;Cloud (AWS/GCP/Azure);Git & Version Control,159000,214000,186500,158000,213000,185500,2021-01-17,2021,1,Kaggle Data Science & AI Salaries (2020-2025) & U.S. BLS OEWS,Hugging Face Tech Job Postings Dataset,SOC 15-1221 (Computer and Information Research Scientists / AI)
J00178,Agoda,Tech,Artificial Intelligence,Generative AI Engineer,Senior/Lead (5+ yrs),5,Thailand (Bangkok),Local / Thailand,Python;LLMs & GenAI;PyTorch;Cloud (AWS/GCP/Azure);Git & Version Control;Storytelling with Data,158000,231000,194500,149000,200000,174500,2021-01-22,2021,1,Kaggle Data Science & AI Salaries (2020-2025) & U.S. BLS OEWS,Hugging Face Tech Job Postings Dataset,SOC 15-1221 (Computer and Information Research Scientists / AI)
J00179,Grab,Tech,Statistics,Statistician,Senior/Lead (5+ yrs),1,Singapore,Asia-Pacific,R;Statistics & Probability;SQL;Time Series Analysis;Critical Thinking,142000,221000,181500,146000,208000,177000,2021-01-26,2021,1,Kaggle Data Science & AI Salaries (2020-2025) & U.S. BLS OEWS,Hugging Face Tech Job Postings Dataset,SOC 15-2041 (Statisticians)
J00180,BDMS Health Network,Healthcare,Data Science,Data Engineer,Mid-Level (3-5 yrs),4,Thailand (Bangkok),Local / Thailand,Python;SQL;Big Data (Spark/Hadoop);Airflow & ETL;Cloud (AWS/GCP/Azure);Docker & Containers;Agile & Scrum;Git & Version Control,82000,111000,96500,96000,121000,108500,2021-01-27,2021,1,Kaggle Data Science & AI Salaries (2020-2025) & U.S. BLS OEWS,Hugging Face Tech Job Postings Dataset,SOC 15-2051 (Data Scientists)
J00181,Central Retail Digital,Retail & E-Commerce,Statistics,Biostatistician,Mid-Level (3-5 yrs),2,Thailand (Bangkok),Local / Thailand,R;Statistics & Probability;Clinical Trials;Research & Experimentation;Data Modeling,74000,117000,95500,94000,137000,115500,2021-01-08,2021,1,Kaggle Data Science & AI Salaries (2020-2025) & U.S. BLS OEWS,Hugging Face Tech Job Postings Dataset,SOC 15-2041 (Statisticians)
J00182,Amazon Web Services (AWS),Tech,Data Science,Data Engineer,Mid-Level (3-5 yrs),3,Singapore,Asia-Pacific,Python;SQL;Big Data (Spark/Hadoop);Airflow & ETL;Cloud (AWS/GCP/Azure);Docker & Containers,76000,119000,97500,95000,129000,112000,2021-01-03,2021,1,Kaggle Data Science & AI Salaries (2020-2025) & U.S. BLS OEWS,Hugging Face Tech Job Postings Dataset,SOC 15-2051 (Data Scientists)
J00183,Central Retail Digital,Retail & E-Commerce,Artificial Intelligence,Generative AI Engineer,Entry-Level (0-2 yrs),4,Thailand (Bangkok),Local / Thailand,Python;LLMs & GenAI;PyTorch;Cloud (AWS/GCP/Azure);Git & Version Control;Agile & Scrum,41000,62000,51500,56000,75000,65500,2021-02-04,2021,2,Kaggle Data Science & AI Salaries (2020-2025) & U.S. BLS OEWS,Hugging Face Tech Job Postings Dataset,SOC 15-1221 (Computer and Information Research Scientists / AI)
J00184,Microsoft,Tech,Statistics,Statistician,Mid-Level (3-5 yrs),5,US / Remote,North America,R;Statistics & Probability;SQL;Time Series Analysis;Critical Thinking;Problem Solving,70000,126000,98000,85000,119000,102000,2021-02-17,2021,2,Kaggle Data Science & AI Salaries (2020-2025) & U.S. BLS OEWS,Hugging Face Tech Job Postings Dataset,SOC 15-2041 (Statisticians)
J00185,Kasikorn Business-Technology Group (KBTG),Finance & Banking,Statistics,Biostatistician,Entry-Level (0-2 yrs),4,Thailand (Bangkok),Local / Thailand,R;Statistics & Probability;Clinical Trials;Research & Experimentation;Data Modeling;Critical Thinking;Git & Version Control,40000,57000,48500,65000,79000,72000,2021-02-24,2021,2,Kaggle Data Science & AI Salaries (2020-2025) & U.S. BLS OEWS,Hugging Face Tech Job Postings Dataset,SOC 15-2041 (Statisticians)
J00186,Bitkub Online,Finance & Banking,Artificial Intelligence,Machine Learning Engineer,Entry-Level (0-2 yrs),9,Thailand (Bangkok),Local / Thailand,Python;TensorFlow;Scikit-Learn;MLOps;Cloud (AWS/GCP/Azure);Docker & Containers;Research & Experimentation;Git & Version Control,46000,56000,51000,64000,79000,71500,2021-02-20,2021,2,Kaggle Data Science & AI Salaries (2020-2025) & U.S. BLS OEWS,Hugging Face Tech Job Postings Dataset,SOC 15-1221 (Computer and Information Research Scientists / AI)
J00187,Amazon Web Services (AWS),Tech,Data Science,Data Scientist,Entry-Level (0-2 yrs),7,Singapore,Asia-Pacific,Python;SQL;Scikit-Learn;Statistics & Probability;Data Modeling;Business Acumen,46000,61000,53500,55000,77000,66000,2021-02-17,2021,2,Kaggle Data Science & AI Salaries (2020-2025) & U.S. BLS OEWS,Hugging Face Tech Job Postings Dataset,SOC 15-2051 (Data Scientists)
J00188,Amazon Web Services (AWS),Tech,Data Science,Data Engineer,Senior/Lead (5+ yrs),5,Singapore,Asia-Pacific,Python;SQL;Big Data (Spark/Hadoop);Airflow & ETL;Cloud (AWS/GCP/Azure);Docker & Containers;Storytelling with Data;Git & Version Control,138000,221000,179500,162000,196000,179000,2021-02-03,2021,2,Kaggle Data Science & AI Salaries (2020-2025) & U.S. BLS OEWS,Hugging Face Tech Job Postings Dataset,SOC 15-2051 (Data Scientists)
J00189,Microsoft,Tech,Artificial Intelligence,Computer Vision Specialist,Senior/Lead (5+ yrs),5,US / Remote,North America,Python;PyTorch;Deep Learning;Docker & Containers;Algorithms;Business Acumen;Git & Version Control,162000,236000,199000,167000,217000,192000,2021-02-23,2021,2,Kaggle Data Science & AI Salaries (2020-2025) & U.S. BLS OEWS,Hugging Face Tech Job Postings Dataset,SOC 15-1221 (Computer and Information Research Scientists / AI)
J00190,Amazon Web Services (AWS),Tech,Data Science,Data Engineer,Entry-Level (0-2 yrs),9,Singapore,Asia-Pacific,Python;SQL;Big Data (Spark/Hadoop);Airflow & ETL;Cloud (AWS/GCP/Azure);Docker & Containers;Agile & Scrum;Git & Version Control,45000,58000,51500,61000,81000,71000,2021-02-14,2021,2,Kaggle Data Science & AI Salaries (2020-2025) & U.S. BLS OEWS,Hugging Face Tech Job Postings Dataset,SOC 15-2051 (Data Scientists)
J00191,Grab,Tech,Data Science,Data Scientist,Mid-Level (3-5 yrs),2,Singapore,Asia-Pacific,Python;SQL;Scikit-Learn;Statistics & Probability;Data Modeling;Business Acumen,83000,112000,97500,95000,130000,112500,2021-02-24,2021,2,Kaggle Data Science & AI Salaries (2020-2025) & U.S. BLS OEWS,Hugging Face Tech Job Postings Dataset,SOC 15-2051 (Data Scientists)
J00192,Agoda,Tech,Statistics,Biostatistician,Mid-Level (3-5 yrs),5,Thailand (Bangkok),Local / Thailand,R;Statistics & Probability;Clinical Trials;Research & Experimentation;Data Modeling,68000,123000,95500,96000,125000,110500,2021-02-21,2021,2,Kaggle Data Science & AI Salaries (2020-2025) & U.S. BLS OEWS,Hugging Face Tech Job Postings Dataset,SOC 15-2041 (Statisticians)
J00193,Siemens AI Industry,Manufacturing,Data Science,Data Scientist,Entry-Level (0-2 yrs),8,Germany,Europe,Python;SQL;Scikit-Learn;Statistics & Probability;Data Modeling;Business Acumen;Git & Version Control,43000,61000,52000,65000,77000,71000,2021-02-18,2021,2,Kaggle Data Science & AI Salaries (2020-2025) & U.S. BLS OEWS,Hugging Face Tech Job Postings Dataset,SOC 15-2051 (Data Scientists)
J00194,Microsoft,Tech,Artificial Intelligence,Computer Vision Specialist,Mid-Level (3-5 yrs),5,US / Remote,North America,Python;PyTorch;Deep Learning;Docker & Containers;Algorithms,76000,129000,102500,94000,135000,114500,2021-02-28,2021,2,Kaggle Data Science & AI Salaries (2020-2025) & U.S. BLS OEWS,Hugging Face Tech Job Postings Dataset,SOC 15-1221 (Computer and Information Research Scientists / AI)
J00195,Shopee,Retail & E-Commerce,Artificial Intelligence,Generative AI Engineer,Mid-Level (3-5 yrs),6,Singapore,Asia-Pacific,Python;LLMs & GenAI;PyTorch;Cloud (AWS/GCP/Azure);Git & Version Control;Storytelling with Data,84000,112000,98000,93000,135000,114000,2021-02-23,2021,2,Kaggle Data Science & AI Salaries (2020-2025) & U.S. BLS OEWS,Hugging Face Tech Job Postings Dataset,SOC 15-1221 (Computer and Information Research Scientists / AI)
J00196,Kasikorn Business-Technology Group (KBTG),Finance & Banking,Artificial Intelligence,Computer Vision Specialist,Mid-Level (3-5 yrs),6,Thailand (Bangkok),Local / Thailand,Python;PyTorch;Deep Learning;Docker & Containers;Algorithms,68000,112000,90000,87000,138000,112500,2021-02-08,2021,2,Kaggle Data Science & AI Salaries (2020-2025) & U.S. BLS OEWS,Hugging Face Tech Job Postings Dataset,SOC 15-1221 (Computer and Information Research Scientists / AI)
J00197,SCB 10X / SCBX,Finance & Banking,Statistics,Biostatistician,Entry-Level (0-2 yrs),8,Thailand (Bangkok),Local / Thailand,R;Statistics & Probability;Clinical Trials;Research & Experimentation;Data Modeling;Critical Thinking;Git & Version Control,46000,59000,52500,62000,75000,68500,2021-03-27,2021,3,Kaggle Data Science & AI Salaries (2020-2025) & U.S. BLS OEWS,Hugging Face Tech Job Postings Dataset,SOC 15-2041 (Statisticians)
J00198,Line Man Wongnai,Tech,Statistics,Statistician,Mid-Level (3-5 yrs),2,Thailand (Bangkok),Local / Thailand,R;Statistics & Probability;SQL;Time Series Analysis;Critical Thinking;Storytelling with Data;Git & Version Control,82000,128000,105000,93000,123000,108000,2021-03-08,2021,3,Kaggle Data Science & AI Salaries (2020-2025) & U.S. BLS OEWS,Hugging Face Tech Job Postings Dataset,SOC 15-2041 (Statisticians)
J00199,Roche Bioinformatics,Healthcare,Artificial Intelligence,Computer Vision Specialist,Mid-Level (3-5 yrs),3,Switzerland,Europe,Python;PyTorch;Deep Learning;Docker & Containers;Algorithms;Business Acumen;Git & Version Control,72000,110000,91000,87000,139000,113000,2021-03-13,2021,3,Kaggle Data Science & AI Salaries (2020-2025) & U.S. BLS OEWS,Hugging Face Tech Job Postings Dataset,SOC 15-1221 (Computer and Information Research Scientists / AI)
J00200,Siemens AI Industry,Manufacturing,Artificial Intelligence,Generative AI Engineer,Mid-Level (3-5 yrs),6,Germany,Europe,Python;LLMs & GenAI;PyTorch;Cloud (AWS/GCP/Azure);Git & Version Control;Storytelling with Data,79000,128000,103500,94000,134000,114000,2021-03-12,2021,3,Kaggle Data Science & AI Salaries (2020-2025) & U.S. BLS OEWS,Hugging Face Tech Job Postings Dataset,SOC 15-1221 (Computer and Information Research Scientists / AI)
J00201,BDMS Health Network,Healthcare,Data Science,Data Scientist,Entry-Level (0-2 yrs),5,Thailand (Bangkok),Local / Thailand,Python;SQL;Scikit-Learn;Statistics & Probability;Data Modeling;Business Acumen;Storytelling with Data,42000,59000,50500,55000,74000,64500,2021-03-10,2021,3,Kaggle Data Science & AI Salaries (2020-2025) & U.S. BLS OEWS,Hugging Face Tech Job Postings Dataset,SOC 15-2051 (Data Scientists)
J00202,Bumrungrad International Hospital,Healthcare,Artificial Intelligence,Machine Learning Engineer,Senior/Lead (5+ yrs),3,Thailand (Bangkok),Local / Thailand,Python;TensorFlow;Scikit-Learn;MLOps;Cloud (AWS/GCP/Azure);Docker & Containers;Storytelling with Data,164000,233000,198500,161000,219000,190000,2021-03-08,2021,3,Kaggle Data Science & AI Salaries (2020-2025) & U.S. BLS OEWS,Hugging Face Tech Job Postings Dataset,SOC 15-1221 (Computer and Information Research Scientists / AI)
J00203,Bumrungrad International Hospital,Healthcare,Statistics,Statistician,Mid-Level (3-5 yrs),5,Thailand (Bangkok),Local / Thailand,R;Statistics & Probability;SQL;Time Series Analysis;Critical Thinking;Problem Solving;Git & Version Control,82000,119000,100500,89000,127000,108000,2021-03-08,2021,3,Kaggle Data Science & AI Salaries (2020-2025) & U.S. BLS OEWS,Hugging Face Tech Job Postings Dataset,SOC 15-2041 (Statisticians)
J00204,Bumrungrad International Hospital,Healthcare,Data Science,Data Engineer,Senior/Lead (5+ yrs),5,Thailand (Bangkok),Local / Thailand,Python;SQL;Big Data (Spark/Hadoop);Airflow & ETL;Cloud (AWS/GCP/Azure);Docker & Containers;Git & Version Control,153000,229000,191000,152000,205000,178500,2021-03-11,2021,3,Kaggle Data Science & AI Salaries (2020-2025) & U.S. BLS OEWS,Hugging Face Tech Job Postings Dataset,SOC 15-2051 (Data Scientists)
J00205,SCB 10X / SCBX,Finance & Banking,Statistics,Quantitative Risk Analyst,Senior/Lead (5+ yrs),4,Thailand (Bangkok),Local / Thailand,Python;R;Statistics & Probability;Linear Algebra & Calculus;Financial Modeling;Problem Solving,145000,211000,178000,161000,201000,181000,2021-03-07,2021,3,Kaggle Data Science & AI Salaries (2020-2025) & U.S. BLS OEWS,Hugging Face Tech Job Postings Dataset,SOC 15-2041 (Statisticians)
J00206,PTT Digital Solutions,Energy & Manufacturing,Artificial Intelligence,Generative AI Engineer,Senior/Lead (5+ yrs),2,Thailand (Bangkok),Local / Thailand,Python;LLMs & GenAI;PyTorch;Cloud (AWS/GCP/Azure);Git & Version Control;Critical Thinking,142000,234000,188000,169000,207000,188000,2021-03-03,2021,3,Kaggle Data Science & AI Salaries (2020-2025) & U.S. BLS OEWS,Hugging Face Tech Job Postings Dataset,SOC 15-1221 (Computer and Information Research Scientists / AI)
J00207,Microsoft,Tech,Statistics,Biostatistician,Entry-Level (0-2 yrs),2,US / Remote,North America,R;Statistics & Probability;Clinical Trials;Research & Experimentation;Data Modeling;Storytelling with Data;Git & Version Control,46000,58000,52000,58000,83000,70500,2021-03-16,2021,3,Kaggle Data Science & AI Salaries (2020-2025) & U.S. BLS OEWS,Hugging Face Tech Job Postings Dataset,SOC 15-2041 (Statisticians)
J00208,Line Man Wongnai,Tech,Statistics,Quantitative Risk Analyst,Entry-Level (0-2 yrs),5,Thailand (Bangkok),Local / Thailand,Python;R;Statistics & Probability;Linear Algebra & Calculus;Financial Modeling;Critical Thinking;Git & Version Control,45000,56000,50500,60000,77000,68500,2021-03-13,2021,3,Kaggle Data Science & AI Salaries (2020-2025) & U.S. BLS OEWS,Hugging Face Tech Job Postings Dataset,SOC 15-2041 (Statisticians)
J00209,Line Man Wongnai,Tech,Statistics,Statistician,Senior/Lead (5+ yrs),6,Thailand (Bangkok),Local / Thailand,R;Statistics & Probability;SQL;Time Series Analysis;Critical Thinking,152000,215000,183500,145000,218000,181500,2021-04-12,2021,4,Kaggle Data Science & AI Salaries (2020-2025) & U.S. BLS OEWS,Hugging Face Tech Job Postings Dataset,SOC 15-2041 (Statisticians)
J00210,Roche Bioinformatics,Healthcare,Data Science,Data Scientist,Entry-Level (0-2 yrs),6,Switzerland,Europe,Python;SQL;Scikit-Learn;Statistics & Probability;Data Modeling;Business Acumen,40000,59000,49500,61000,76000,68500,2021-04-23,2021,4,Kaggle Data Science & AI Salaries (2020-2025) & U.S. BLS OEWS,Hugging Face Tech Job Postings Dataset,SOC 15-2051 (Data Scientists)
J00211,BDMS Health Network,Healthcare,Data Science,Senior Data Scientist,Senior/Lead (5+ yrs),3,Thailand (Bangkok),Local / Thailand,Python;SQL;Machine Learning;Cloud (AWS/GCP/Azure);Storytelling with Data;Airflow & ETL;Agile & Scrum,150000,224000,187000,173000,219000,196000,2021-04-08,2021,4,Kaggle Data Science & AI Salaries (2020-2025) & U.S. BLS OEWS,Hugging Face Tech Job Postings Dataset,SOC 15-2051 (Data Scientists)
J00212,Meta AI,Tech,Data Science,Data Engineer,Senior/Lead (5+ yrs),2,US / Remote,North America,Python;SQL;Big Data (Spark/Hadoop);Airflow & ETL;Cloud (AWS/GCP/Azure);Docker & Containers,139000,238000,188500,149000,223000,186000,2021-04-28,2021,4,Kaggle Data Science & AI Salaries (2020-2025) & U.S. BLS OEWS,Hugging Face Tech Job Postings Dataset,SOC 15-2051 (Data Scientists)
J00213,Amazon Web Services (AWS),Tech,Statistics,Quantitative Risk Analyst,Mid-Level (3-5 yrs),4,Singapore,Asia-Pacific,Python;R;Statistics & Probability;Linear Algebra & Calculus;Financial Modeling;Critical Thinking,73000,121000,97000,94000,127000,110500,2021-04-09,2021,4,Kaggle Data Science & AI Salaries (2020-2025) & U.S. BLS OEWS,Hugging Face Tech Job Postings Dataset,SOC 15-2041 (Statisticians)
J00214,Microsoft,Tech,Artificial Intelligence,Machine Learning Engineer,Mid-Level (3-5 yrs),3,US / Remote,North America,Python;TensorFlow;Scikit-Learn;MLOps;Cloud (AWS/GCP/Azure);Docker & Containers,72000,117000,94500,94000,136000,115000,2021-04-12,2021,4,Kaggle Data Science & AI Salaries (2020-2025) & U.S. BLS OEWS,Hugging Face Tech Job Postings Dataset,SOC 15-1221 (Computer and Information Research Scientists / AI)
J00215,Roche Bioinformatics,Healthcare,Artificial Intelligence,Generative AI Engineer,Mid-Level (3-5 yrs),6,Switzerland,Europe,Python;LLMs & GenAI;PyTorch;Cloud (AWS/GCP/Azure);Git & Version Control;Cross-functional Communication,79000,113000,96000,98000,126000,112000,2021-04-25,2021,4,Kaggle Data Science & AI Salaries (2020-2025) & U.S. BLS OEWS,Hugging Face Tech Job Postings Dataset,SOC 15-1221 (Computer and Information Research Scientists / AI)
J00216,Google Cloud,Tech,Artificial Intelligence,Machine Learning Engineer,Mid-Level (3-5 yrs),3,US / Remote,North America,Python;TensorFlow;Scikit-Learn;MLOps;Cloud (AWS/GCP/Azure);Docker & Containers;Cross-functional Communication;Git & Version Control,75000,129000,102000,99000,132000,115500,2021-04-19,2021,4,Kaggle Data Science & AI Salaries (2020-2025) & U.S. BLS OEWS,Hugging Face Tech Job Postings Dataset,SOC 15-1221 (Computer and Information Research Scientists / AI)
J00217,McKinsey & Company QuantumBlack,Consulting,Artificial Intelligence,Machine Learning Engineer,Entry-Level (0-2 yrs),7,Global / Remote,Global / Remote,Python;TensorFlow;Scikit-Learn;MLOps;Cloud (AWS/GCP/Azure);Docker & Containers;Business Acumen;Git & Version Control,40000,58000,49000,58000,75000,66500,2021-04-25,2021,4,Kaggle Data Science & AI Salaries (2020-2025) & U.S. BLS OEWS,Hugging Face Tech Job Postings Dataset,SOC 15-1221 (Computer and Information Research Scientists / AI)
J00218,BDMS Health Network,Healthcare,Statistics,Biostatistician,Mid-Level (3-5 yrs),4,Thailand (Bangkok),Local / Thailand,R;Statistics & Probability;Clinical Trials;Research & Experimentation;Data Modeling;Agile & Scrum;Git & Version Control,75000,114000,94500,85000,134000,109500,2021-04-03,2021,4,Kaggle Data Science & AI Salaries (2020-2025) & U.S. BLS OEWS,Hugging Face Tech Job Postings Dataset,SOC 15-2041 (Statisticians)
J00219,True Digital Group,Telecom,Artificial Intelligence,Computer Vision Specialist,Mid-Level (3-5 yrs),1,Thailand (Bangkok),Local / Thailand,Python;PyTorch;Deep Learning;Docker & Containers;Algorithms;Git & Version Control,69000,127000,98000,94000,119000,106500,2021-04-03,2021,4,Kaggle Data Science & AI Salaries (2020-2025) & U.S. BLS OEWS,Hugging Face Tech Job Postings Dataset,SOC 15-1221 (Computer and Information Research Scientists / AI)
J00220,Shopee,Retail & E-Commerce,Data Science,Data Scientist,Mid-Level (3-5 yrs),1,Singapore,Asia-Pacific,Python;SQL;Scikit-Learn;Statistics & Probability;Data Modeling;Business Acumen;Git & Version Control,79000,127000,103000,90000,124000,107000,2021-04-05,2021,4,Kaggle Data Science & AI Salaries (2020-2025) & U.S. BLS OEWS,Hugging Face Tech Job Postings Dataset,SOC 15-2051 (Data Scientists)
J00221,Amazon Web Services (AWS),Tech,Artificial Intelligence,Computer Vision Specialist,Entry-Level (0-2 yrs),7,Singapore,Asia-Pacific,Python;PyTorch;Deep Learning;Docker & Containers;Algorithms;Business Acumen;Git & Version Control,46000,58000,52000,60000,84000,72000,2021-04-05,2021,4,Kaggle Data Science & AI Salaries (2020-2025) & U.S. BLS OEWS,Hugging Face Tech Job Postings Dataset,SOC 15-1221 (Computer and Information Research Scientists / AI)
J00222,Meta AI,Tech,Artificial Intelligence,Computer Vision Specialist,Mid-Level (3-5 yrs),4,US / Remote,North America,Python;PyTorch;Deep Learning;Docker & Containers;Algorithms;Business Acumen;Git & Version Control,78000,122000,100000,94000,129000,111500,2021-04-16,2021,4,Kaggle Data Science & AI Salaries (2020-2025) & U.S. BLS OEWS,Hugging Face Tech Job Postings Dataset,SOC 15-1221 (Computer and Information Research Scientists / AI)
J00223,Meta AI,Tech,Artificial Intelligence,Generative AI Engineer,Senior/Lead (5+ yrs),4,US / Remote,North America,Python;LLMs & GenAI;PyTorch;Cloud (AWS/GCP/Azure);Git & Version Control;Research & Experimentation,145000,218000,181500,149000,195000,172000,2021-04-28,2021,4,Kaggle Data Science & AI Salaries (2020-2025) & U.S. BLS OEWS,Hugging Face Tech Job Postings Dataset,SOC 15-1221 (Computer and Information Research Scientists / AI)
J00224,Grab,Tech,Data Science,Senior Data Scientist,Entry-Level (0-2 yrs),2,Singapore,Asia-Pacific,Python;SQL;Machine Learning;Cloud (AWS/GCP/Azure);Storytelling with Data;Airflow & ETL;Research & Experimentation,44000,60000,52000,63000,76000,69500,2021-04-08,2021,4,Kaggle Data Science & AI Salaries (2020-2025) & U.S. BLS OEWS,Hugging Face Tech Job Postings Dataset,SOC 15-2051 (Data Scientists)
J00225,Agoda,Tech,Statistics,Quantitative Risk Analyst,Mid-Level (3-5 yrs),4,Thailand (Bangkok),Local / Thailand,Python;R;Statistics & Probability;Linear Algebra & Calculus;Financial Modeling;Research & Experimentation,82000,119000,100500,89000,134000,111500,2021-05-09,2021,5,Kaggle Data Science & AI Salaries (2020-2025) & U.S. BLS OEWS,Hugging Face Tech Job Postings Dataset,SOC 15-2041 (Statisticians)
J00226,SCB 10X / SCBX,Finance & Banking,Data Science,Data Engineer,Mid-Level (3-5 yrs),5,Thailand (Bangkok),Local / Thailand,Python;SQL;Big Data (Spark/Hadoop);Airflow & ETL;Cloud (AWS/GCP/Azure);Docker & Containers;Git & Version Control,80000,128000,104000,98000,133000,115500,2021-05-26,2021,5,Kaggle Data Science & AI Salaries (2020-2025) & U.S. BLS OEWS,Hugging Face Tech Job Postings Dataset,SOC 15-2051 (Data Scientists)
J00227,Central Retail Digital,Retail & E-Commerce,Data Science,Data Engineer,Entry-Level (0-2 yrs),3,Thailand (Bangkok),Local / Thailand,Python;SQL;Big Data (Spark/Hadoop);Airflow & ETL;Cloud (AWS/GCP/Azure);Docker & Containers;Git & Version Control,39000,58000,48500,62000,80000,71000,2021-05-07,2021,5,Kaggle Data Science & AI Salaries (2020-2025) & U.S. BLS OEWS,Hugging Face Tech Job Postings Dataset,SOC 15-2051 (Data Scientists)
J00228,Bumrungrad International Hospital,Healthcare,Artificial Intelligence,AI Engineer,Entry-Level (0-2 yrs),2,Thailand (Bangkok),Local / Thailand,Python;PyTorch;Docker & Containers;MLOps;LLMs & GenAI;Cloud (AWS/GCP/Azure);Problem Solving,39000,56000,47500,57000,81000,69000,2021-05-01,2021,5,Kaggle Data Science & AI Salaries (2020-2025) & U.S. BLS OEWS,Hugging Face Tech Job Postings Dataset,SOC 15-1221 (Computer and Information Research Scientists / AI)
J00229,Microsoft,Tech,Artificial Intelligence,Generative AI Engineer,Entry-Level (0-2 yrs),6,US / Remote,North America,Python;LLMs & GenAI;PyTorch;Cloud (AWS/GCP/Azure);Git & Version Control,45000,60000,52500,59000,81000,70000,2021-05-03,2021,5,Kaggle Data Science & AI Salaries (2020-2025) & U.S. BLS OEWS,Hugging Face Tech Job Postings Dataset,SOC 15-1221 (Computer and Information Research Scientists / AI)
J00230,Grab,Tech,Artificial Intelligence,AI Engineer,Entry-Level (0-2 yrs),8,Singapore,Asia-Pacific,Python;PyTorch;Docker & Containers;MLOps;LLMs & GenAI;Cloud (AWS/GCP/Azure);Research & Experimentation,38000,59000,48500,57000,82000,69500,2021-05-25,2021,5,Kaggle Data Science & AI Salaries (2020-2025) & U.S. BLS OEWS,Hugging Face Tech Job Postings Dataset,SOC 15-1221 (Computer and Information Research Scientists / AI)
J00231,PTT Digital Solutions,Energy & Manufacturing,Data Science,Data Engineer,Mid-Level (3-5 yrs),4,Thailand (Bangkok),Local / Thailand,Python;SQL;Big Data (Spark/Hadoop);Airflow & ETL;Cloud (AWS/GCP/Azure);Docker & Containers;Git & Version Control,72000,129000,100500,88000,134000,111000,2021-05-07,2021,5,Kaggle Data Science & AI Salaries (2020-2025) & U.S. BLS OEWS,Hugging Face Tech Job Postings Dataset,SOC 15-2051 (Data Scientists)
J00232,Microsoft,Tech,Data Science,Data Engineer,Mid-Level (3-5 yrs),3,US / Remote,North America,Python;SQL;Big Data (Spark/Hadoop);Airflow & ETL;Cloud (AWS/GCP/Azure);Docker & Containers;Critical Thinking,83000,113000,98000,97000,134000,115500,2021-05-21,2021,5,Kaggle Data Science & AI Salaries (2020-2025) & U.S. BLS OEWS,Hugging Face Tech Job Postings Dataset,SOC 15-2051 (Data Scientists)
J00233,Bitkub Online,Finance & Banking,Artificial Intelligence,Generative AI Engineer,Mid-Level (3-5 yrs),1,Thailand (Bangkok),Local / Thailand,Python;LLMs & GenAI;PyTorch;Cloud (AWS/GCP/Azure);Git & Version Control,82000,114000,98000,86000,132000,109000,2021-05-06,2021,5,Kaggle Data Science & AI Salaries (2020-2025) & U.S. BLS OEWS,Hugging Face Tech Job Postings Dataset,SOC 15-1221 (Computer and Information Research Scientists / AI)
J00234,Central Retail Digital,Retail & E-Commerce,Statistics,Biostatistician,Entry-Level (0-2 yrs),5,Thailand (Bangkok),Local / Thailand,R;Statistics & Probability;Clinical Trials;Research & Experimentation;Data Modeling;Business Acumen;Git & Version Control,38000,55000,46500,63000,78000,70500,2021-05-08,2021,5,Kaggle Data Science & AI Salaries (2020-2025) & U.S. BLS OEWS,Hugging Face Tech Job Postings Dataset,SOC 15-2041 (Statisticians)
J00235,Line Man Wongnai,Tech,Statistics,Statistician,Entry-Level (0-2 yrs),7,Thailand (Bangkok),Local / Thailand,R;Statistics & Probability;SQL;Time Series Analysis;Critical Thinking;Agile & Scrum;Git & Version Control,46000,64000,55000,61000,73000,67000,2021-05-04,2021,5,Kaggle Data Science & AI Salaries (2020-2025) & U.S. BLS OEWS,Hugging Face Tech Job Postings Dataset,SOC 15-2041 (Statisticians)
J00236,Grab,Tech,Statistics,Statistician,Entry-Level (0-2 yrs),7,Singapore,Asia-Pacific,R;Statistics & Probability;SQL;Time Series Analysis;Critical Thinking,45000,59000,52000,57000,81000,69000,2021-05-02,2021,5,Kaggle Data Science & AI Salaries (2020-2025) & U.S. BLS OEWS,Hugging Face Tech Job Postings Dataset,SOC 15-2041 (Statisticians)
J00237,Microsoft,Tech,Statistics,Statistician,Mid-Level (3-5 yrs),5,US / Remote,North America,R;Statistics & Probability;SQL;Time Series Analysis;Critical Thinking;Business Acumen;Git & Version Control,79000,114000,96500,88000,126000,107000,2021-05-20,2021,5,Kaggle Data Science & AI Salaries (2020-2025) & U.S. BLS OEWS,Hugging Face Tech Job Postings Dataset,SOC 15-2041 (Statisticians)
J00238,Meta AI,Tech,Artificial Intelligence,Computer Vision Specialist,Entry-Level (0-2 yrs),4,US / Remote,North America,Python;PyTorch;Deep Learning;Docker & Containers;Algorithms;Storytelling with Data,42000,63000,52500,60000,78000,69000,2021-05-06,2021,5,Kaggle Data Science & AI Salaries (2020-2025) & U.S. BLS OEWS,Hugging Face Tech Job Postings Dataset,SOC 15-1221 (Computer and Information Research Scientists / AI)
J00239,Agoda,Tech,Statistics,Biostatistician,Senior/Lead (5+ yrs),5,Thailand (Bangkok),Local / Thailand,R;Statistics & Probability;Clinical Trials;Research & Experimentation;Data Modeling;Git & Version Control,143000,229000,186000,164000,214000,189000,2021-05-16,2021,5,Kaggle Data Science & AI Salaries (2020-2025) & U.S. BLS OEWS,Hugging Face Tech Job Postings Dataset,SOC 15-2041 (Statisticians)
J00240,Meta AI,Tech,Artificial Intelligence,Computer Vision Specialist,Mid-Level (3-5 yrs),3,US / Remote,North America,Python;PyTorch;Deep Learning;Docker & Containers;Algorithms;Git & Version Control,74000,116000,95000,86000,132000,109000,2021-05-06,2021,5,Kaggle Data Science & AI Salaries (2020-2025) & U.S. BLS OEWS,Hugging Face Tech Job Postings Dataset,SOC 15-1221 (Computer and Information Research Scientists / AI)
J00241,Kasikorn Business-Technology Group (KBTG),Finance & Banking,Artificial Intelligence,Generative AI Engineer,Entry-Level (0-2 yrs),5,Thailand (Bangkok),Local / Thailand,Python;LLMs & GenAI;PyTorch;Cloud (AWS/GCP/Azure);Git & Version Control;Agile & Scrum,38000,60000,49000,64000,80000,72000,2021-06-19,2021,6,Kaggle Data Science & AI Salaries (2020-2025) & U.S. BLS OEWS,Hugging Face Tech Job Postings Dataset,SOC 15-1221 (Computer and Information Research Scientists / AI)
J00242,Central Retail Digital,Retail & E-Commerce,Artificial Intelligence,AI Engineer,Mid-Level (3-5 yrs),5,Thailand (Bangkok),Local / Thailand,Python;PyTorch;Docker & Containers;MLOps;LLMs & GenAI;Cloud (AWS/GCP/Azure);Research & Experimentation,80000,110000,95000,100000,132000,116000,2021-06-26,2021,6,Kaggle Data Science & AI Salaries (2020-2025) & U.S. BLS OEWS,Hugging Face Tech Job Postings Dataset,SOC 15-1221 (Computer and Information Research Scientists / AI)
J00243,Kasikorn Business-Technology Group (KBTG),Finance & Banking,Data Science,Senior Data Scientist,Mid-Level (3-5 yrs),4,Thailand (Bangkok),Local / Thailand,Python;SQL;Machine Learning;Cloud (AWS/GCP/Azure);Storytelling with Data;Airflow & ETL;Agile & Scrum,81000,125000,103000,85000,131000,108000,2021-06-10,2021,6,Kaggle Data Science & AI Salaries (2020-2025) & U.S. BLS OEWS,Hugging Face Tech Job Postings Dataset,SOC 15-2051 (Data Scientists)
J00244,SCB 10X / SCBX,Finance & Banking,Artificial Intelligence,Generative AI Engineer,Senior/Lead (5+ yrs),1,Thailand (Bangkok),Local / Thailand,Python;LLMs & GenAI;PyTorch;Cloud (AWS/GCP/Azure);Git & Version Control;Storytelling with Data,138000,212000,175000,156000,202000,179000,2021-06-21,2021,6,Kaggle Data Science & AI Salaries (2020-2025) & U.S. BLS OEWS,Hugging Face Tech Job Postings Dataset,SOC 15-1221 (Computer and Information Research Scientists / AI)
J00245,Line Man Wongnai,Tech,Statistics,Quantitative Risk Analyst,Mid-Level (3-5 yrs),4,Thailand (Bangkok),Local / Thailand,Python;R;Statistics & Probability;Linear Algebra & Calculus;Financial Modeling;Cross-functional Communication;Git & Version Control,80000,125000,102500,94000,133000,113500,2021-06-06,2021,6,Kaggle Data Science & AI Salaries (2020-2025) & U.S. BLS OEWS,Hugging Face Tech Job Postings Dataset,SOC 15-2041 (Statisticians)
J00246,Line Man Wongnai,Tech,Statistics,Quantitative Risk Analyst,Mid-Level (3-5 yrs),3,Thailand (Bangkok),Local / Thailand,Python;R;Statistics & Probability;Linear Algebra & Calculus;Financial Modeling;Storytelling with Data;Git & Version Control,79000,120000,99500,95000,138000,116500,2021-06-11,2021,6,Kaggle Data Science & AI Salaries (2020-2025) & U.S. BLS OEWS,Hugging Face Tech Job Postings Dataset,SOC 15-2041 (Statisticians)
J00247,BDMS Health Network,Healthcare,Data Science,Data Engineer,Mid-Level (3-5 yrs),4,Thailand (Bangkok),Local / Thailand,Python;SQL;Big Data (Spark/Hadoop);Airflow & ETL;Cloud (AWS/GCP/Azure);Docker & Containers;Git & Version Control,82000,116000,99000,89000,130000,109500,2021-06-24,2021,6,Kaggle Data Science & AI Salaries (2020-2025) & U.S. BLS OEWS,Hugging Face Tech Job Postings Dataset,SOC 15-2051 (Data Scientists)
J00248,Central Retail Digital,Retail & E-Commerce,Data Science,Senior Data Scientist,Senior/Lead (5+ yrs),4,Thailand (Bangkok),Local / Thailand,Python;SQL;Machine Learning;Cloud (AWS/GCP/Azure);Storytelling with Data;Airflow & ETL,167000,204000,185500,146000,205000,175500,2021-06-10,2021,6,Kaggle Data Science & AI Salaries (2020-2025) & U.S. BLS OEWS,Hugging Face Tech Job Postings Dataset,SOC 15-2051 (Data Scientists)
J00249,Agoda,Tech,Data Science,Data Scientist,Senior/Lead (5+ yrs),2,Thailand (Bangkok),Local / Thailand,Python;SQL;Scikit-Learn;Statistics & Probability;Data Modeling;Business Acumen;Git & Version Control,163000,204000,183500,168000,219000,193500,2021-06-18,2021,6,Kaggle Data Science & AI Salaries (2020-2025) & U.S. BLS OEWS,Hugging Face Tech Job Postings Dataset,SOC 15-2051 (Data Scientists)
J00250,Siemens AI Industry,Manufacturing,Statistics,Biostatistician,Entry-Level (0-2 yrs),2,Germany,Europe,R;Statistics & Probability;Clinical Trials;Research & Experimentation;Data Modeling,42000,56000,49000,57000,83000,70000,2021-06-10,2021,6,Kaggle Data Science & AI Salaries (2020-2025) & U.S. BLS OEWS,Hugging Face Tech Job Postings Dataset,SOC 15-2041 (Statisticians)
J00251,SCB 10X / SCBX,Finance & Banking,Statistics,Biostatistician,Mid-Level (3-5 yrs),2,Thailand (Bangkok),Local / Thailand,R;Statistics & Probability;Clinical Trials;Research & Experimentation;Data Modeling;Agile & Scrum;Git & Version Control,80000,124000,102000,98000,122000,110000,2021-06-27,2021,6,Kaggle Data Science & AI Salaries (2020-2025) & U.S. BLS OEWS,Hugging Face Tech Job Postings Dataset,SOC 15-2041 (Statisticians)
J00252,Shopee,Retail & E-Commerce,Statistics,Biostatistician,Mid-Level (3-5 yrs),1,Singapore,Asia-Pacific,R;Statistics & Probability;Clinical Trials;Research & Experimentation;Data Modeling;Business Acumen;Git & Version Control,80000,121000,100500,86000,120000,103000,2021-06-14,2021,6,Kaggle Data Science & AI Salaries (2020-2025) & U.S. BLS OEWS,Hugging Face Tech Job Postings Dataset,SOC 15-2041 (Statisticians)
J00253,Deloitte Consulting AI Institute,Consulting,Artificial Intelligence,Machine Learning Engineer,Senior/Lead (5+ yrs),2,Thailand (Bangkok),Local / Thailand,Python;TensorFlow;Scikit-Learn;MLOps;Cloud (AWS/GCP/Azure);Docker & Containers;Critical Thinking,160000,234000,197000,171000,217000,194000,2021-06-02,2021,6,Kaggle Data Science & AI Salaries (2020-2025) & U.S. BLS OEWS,Hugging Face Tech Job Postings Dataset,SOC 15-1221 (Computer and Information Research Scientists / AI)
J00254,Bumrungrad International Hospital,Healthcare,Statistics,Quantitative Risk Analyst,Mid-Level (3-5 yrs),3,Thailand (Bangkok),Local / Thailand,Python;R;Statistics & Probability;Linear Algebra & Calculus;Financial Modeling,76000,114000,95000,85000,134000,109500,2021-06-20,2021,6,Kaggle Data Science & AI Salaries (2020-2025) & U.S. BLS OEWS,Hugging Face Tech Job Postings Dataset,SOC 15-2041 (Statisticians)
J00255,Siemens AI Industry,Manufacturing,Statistics,Quantitative Risk Analyst,Entry-Level (0-2 yrs),8,Germany,Europe,Python;R;Statistics & Probability;Linear Algebra & Calculus;Financial Modeling;Critical Thinking;Git & Version Control,40000,59000,49500,56000,73000,64500,2021-06-09,2021,6,Kaggle Data Science & AI Salaries (2020-2025) & U.S. BLS OEWS,Hugging Face Tech Job Postings Dataset,SOC 15-2041 (Statisticians)
J00256,SCB 10X / SCBX,Finance & Banking,Data Science,Data Engineer,Mid-Level (3-5 yrs),6,Thailand (Bangkok),Local / Thailand,Python;SQL;Big Data (Spark/Hadoop);Airflow & ETL;Cloud (AWS/GCP/Azure);Docker & Containers;Problem Solving;Git & Version Control,70000,113000,91500,94000,129000,111500,2021-06-24,2021,6,Kaggle Data Science & AI Salaries (2020-2025) & U.S. BLS OEWS,Hugging Face Tech Job Postings Dataset,SOC 15-2051 (Data Scientists)
J00257,PTT Digital Solutions,Energy & Manufacturing,Artificial Intelligence,Generative AI Engineer,Entry-Level (0-2 yrs),8,Thailand (Bangkok),Local / Thailand,Python;LLMs & GenAI;PyTorch;Cloud (AWS/GCP/Azure);Git & Version Control,41000,64000,52500,55000,80000,67500,2021-07-12,2021,7,Kaggle Data Science & AI Salaries (2020-2025) & U.S. BLS OEWS,Hugging Face Tech Job Postings Dataset,SOC 15-1221 (Computer and Information Research Scientists / AI)
J00258,True Digital Group,Telecom,Data Science,Senior Data Scientist,Entry-Level (0-2 yrs),2,Thailand (Bangkok),Local / Thailand,Python;SQL;Machine Learning;Cloud (AWS/GCP/Azure);Storytelling with Data;Airflow & ETL;Storytelling with Data,45000,56000,50500,58000,82000,70000,2021-07-02,2021,7,Kaggle Data Science & AI Salaries (2020-2025) & U.S. BLS OEWS,Hugging Face Tech Job Postings Dataset,SOC 15-2051 (Data Scientists)
J00259,PTT Digital Solutions,Energy & Manufacturing,Artificial Intelligence,Generative AI Engineer,Mid-Level (3-5 yrs),2,Thailand (Bangkok),Local / Thailand,Python;LLMs & GenAI;PyTorch;Cloud (AWS/GCP/Azure);Git & Version Control;Problem Solving,80000,127000,103500,86000,120000,103000,2021-07-28,2021,7,Kaggle Data Science & AI Salaries (2020-2025) & U.S. BLS OEWS,Hugging Face Tech Job Postings Dataset,SOC 15-1221 (Computer and Information Research Scientists / AI)
J00260,Bitkub Online,Finance & Banking,Artificial Intelligence,AI Engineer,Entry-Level (0-2 yrs),3,Thailand (Bangkok),Local / Thailand,Python;PyTorch;Docker & Containers;MLOps;LLMs & GenAI;Cloud (AWS/GCP/Azure);Git & Version Control,40000,59000,49500,58000,81000,69500,2021-07-25,2021,7,Kaggle Data Science & AI Salaries (2020-2025) & U.S. BLS OEWS,Hugging Face Tech Job Postings Dataset,SOC 15-1221 (Computer and Information Research Scientists / AI)
J00261,Central Retail Digital,Retail & E-Commerce,Statistics,Quantitative Risk Analyst,Mid-Level (3-5 yrs),6,Thailand (Bangkok),Local / Thailand,Python;R;Statistics & Probability;Linear Algebra & Calculus;Financial Modeling;Storytelling with Data,84000,124000,104000,96000,126000,111000,2021-07-06,2021,7,Kaggle Data Science & AI Salaries (2020-2025) & U.S. BLS OEWS,Hugging Face Tech Job Postings Dataset,SOC 15-2041 (Statisticians)
J00262,Kasikorn Business-Technology Group (KBTG),Finance & Banking,Data Science,Data Scientist,Entry-Level (0-2 yrs),6,Thailand (Bangkok),Local / Thailand,Python;SQL;Scikit-Learn;Statistics & Probability;Data Modeling;Business Acumen;Git & Version Control,38000,61000,49500,55000,77000,66000,2021-07-22,2021,7,Kaggle Data Science & AI Salaries (2020-2025) & U.S. BLS OEWS,Hugging Face Tech Job Postings Dataset,SOC 15-2051 (Data Scientists)
J00263,BDMS Health Network,Healthcare,Artificial Intelligence,Machine Learning Engineer,Entry-Level (0-2 yrs),8,Thailand (Bangkok),Local / Thailand,Python;TensorFlow;Scikit-Learn;MLOps;Cloud (AWS/GCP/Azure);Docker & Containers;Git & Version Control,40000,58000,49000,65000,73000,69000,2021-07-18,2021,7,Kaggle Data Science & AI Salaries (2020-2025) & U.S. BLS OEWS,Hugging Face Tech Job Postings Dataset,SOC 15-1221 (Computer and Information Research Scientists / AI)
J00264,SCB 10X / SCBX,Finance & Banking,Artificial Intelligence,Computer Vision Specialist,Entry-Level (0-2 yrs),9,Thailand (Bangkok),Local / Thailand,Python;PyTorch;Deep Learning;Docker & Containers;Algorithms,43000,62000,52500,55000,84000,69500,2021-07-24,2021,7,Kaggle Data Science & AI Salaries (2020-2025) & U.S. BLS OEWS,Hugging Face Tech Job Postings Dataset,SOC 15-1221 (Computer and Information Research Scientists / AI)
J00265,Line Man Wongnai,Tech,Artificial Intelligence,AI Engineer,Entry-Level (0-2 yrs),7,Thailand (Bangkok),Local / Thailand,Python;PyTorch;Docker & Containers;MLOps;LLMs & GenAI;Cloud (AWS/GCP/Azure),41000,58000,49500,65000,84000,74500,2021-07-09,2021,7,Kaggle Data Science & AI Salaries (2020-2025) & U.S. BLS OEWS,Hugging Face Tech Job Postings Dataset,SOC 15-1221 (Computer and Information Research Scientists / AI)
J00266,McKinsey & Company QuantumBlack,Consulting,Artificial Intelligence,AI Engineer,Senior/Lead (5+ yrs),3,Global / Remote,Global / Remote,Python;PyTorch;Docker & Containers;MLOps;LLMs & GenAI;Cloud (AWS/GCP/Azure);Storytelling with Data;Git & Version Control,142000,216000,179000,156000,200000,178000,2021-07-20,2021,7,Kaggle Data Science & AI Salaries (2020-2025) & U.S. BLS OEWS,Hugging Face Tech Job Postings Dataset,SOC 15-1221 (Computer and Information Research Scientists / AI)
J00267,PTT Digital Solutions,Energy & Manufacturing,Data Science,Data Engineer,Entry-Level (0-2 yrs),4,Thailand (Bangkok),Local / Thailand,Python;SQL;Big Data (Spark/Hadoop);Airflow & ETL;Cloud (AWS/GCP/Azure);Docker & Containers;Git & Version Control,42000,58000,50000,61000,77000,69000,2021-07-19,2021,7,Kaggle Data Science & AI Salaries (2020-2025) & U.S. BLS OEWS,Hugging Face Tech Job Postings Dataset,SOC 15-2051 (Data Scientists)
J00268,Meta AI,Tech,Artificial Intelligence,Generative AI Engineer,Senior/Lead (5+ yrs),3,US / Remote,North America,Python;LLMs & GenAI;PyTorch;Cloud (AWS/GCP/Azure);Git & Version Control;Research & Experimentation,158000,236000,197000,171000,210000,190500,2021-07-05,2021,7,Kaggle Data Science & AI Salaries (2020-2025) & U.S. BLS OEWS,Hugging Face Tech Job Postings Dataset,SOC 15-1221 (Computer and Information Research Scientists / AI)
J00269,Siemens AI Industry,Manufacturing,Artificial Intelligence,Computer Vision Specialist,Entry-Level (0-2 yrs),3,Germany,Europe,Python;PyTorch;Deep Learning;Docker & Containers;Algorithms;Git & Version Control,39000,63000,51000,56000,72000,64000,2021-07-14,2021,7,Kaggle Data Science & AI Salaries (2020-2025) & U.S. BLS OEWS,Hugging Face Tech Job Postings Dataset,SOC 15-1221 (Computer and Information Research Scientists / AI)
J00270,Bitkub Online,Finance & Banking,Statistics,Statistician,Mid-Level (3-5 yrs),6,Thailand (Bangkok),Local / Thailand,R;Statistics & Probability;SQL;Time Series Analysis;Critical Thinking;Git & Version Control,83000,115000,99000,98000,121000,109500,2021-07-20,2021,7,Kaggle Data Science & AI Salaries (2020-2025) & U.S. BLS OEWS,Hugging Face Tech Job Postings Dataset,SOC 15-2041 (Statisticians)
J00271,Central Retail Digital,Retail & E-Commerce,Statistics,Biostatistician,Mid-Level (3-5 yrs),2,Thailand (Bangkok),Local / Thailand,R;Statistics & Probability;Clinical Trials;Research & Experimentation;Data Modeling;Problem Solving;Git & Version Control,78000,115000,96500,85000,120000,102500,2021-08-20,2021,8,Kaggle Data Science & AI Salaries (2020-2025) & U.S. BLS OEWS,Hugging Face Tech Job Postings Dataset,SOC 15-2041 (Statisticians)
J00272,Microsoft,Tech,Data Science,Senior Data Scientist,Entry-Level (0-2 yrs),8,US / Remote,North America,Python;SQL;Machine Learning;Cloud (AWS/GCP/Azure);Storytelling with Data;Airflow & ETL;Critical Thinking;Git & Version Control,42000,56000,49000,57000,72000,64500,2021-08-14,2021,8,Kaggle Data Science & AI Salaries (2020-2025) & U.S. BLS OEWS,Hugging Face Tech Job Postings Dataset,SOC 15-2051 (Data Scientists)
J00273,PTT Digital Solutions,Energy & Manufacturing,Artificial Intelligence,Generative AI Engineer,Mid-Level (3-5 yrs),1,Thailand (Bangkok),Local / Thailand,Python;LLMs & GenAI;PyTorch;Cloud (AWS/GCP/Azure);Git & Version Control;Research & Experimentation,71000,129000,100000,92000,131000,111500,2021-08-15,2021,8,Kaggle Data Science & AI Salaries (2020-2025) & U.S. BLS OEWS,Hugging Face Tech Job Postings Dataset,SOC 15-1221 (Computer and Information Research Scientists / AI)
J00274,PTT Digital Solutions,Energy & Manufacturing,Data Science,Data Engineer,Mid-Level (3-5 yrs),1,Thailand (Bangkok),Local / Thailand,Python;SQL;Big Data (Spark/Hadoop);Airflow & ETL;Cloud (AWS/GCP/Azure);Docker & Containers;Storytelling with Data;Git & Version Control,78000,126000,102000,97000,127000,112000,2021-08-17,2021,8,Kaggle Data Science & AI Salaries (2020-2025) & U.S. BLS OEWS,Hugging Face Tech Job Postings Dataset,SOC 15-2051 (Data Scientists)
J00275,Kasikorn Business-Technology Group (KBTG),Finance & Banking,Statistics,Quantitative Risk Analyst,Entry-Level (0-2 yrs),9,Thailand (Bangkok),Local / Thailand,Python;R;Statistics & Probability;Linear Algebra & Calculus;Financial Modeling;Git & Version Control,45000,55000,50000,65000,78000,71500,2021-08-18,2021,8,Kaggle Data Science & AI Salaries (2020-2025) & U.S. BLS OEWS,Hugging Face Tech Job Postings Dataset,SOC 15-2041 (Statisticians)
J00276,McKinsey & Company QuantumBlack,Consulting,Statistics,Quantitative Risk Analyst,Mid-Level (3-5 yrs),1,Global / Remote,Global / Remote,Python;R;Statistics & Probability;Linear Algebra & Calculus;Financial Modeling,71000,119000,95000,100000,135000,117500,2021-08-10,2021,8,Kaggle Data Science & AI Salaries (2020-2025) & U.S. BLS OEWS,Hugging Face Tech Job Postings Dataset,SOC 15-2041 (Statisticians)
J00277,Roche Bioinformatics,Healthcare,Artificial Intelligence,AI Engineer,Mid-Level (3-5 yrs),2,Switzerland,Europe,Python;PyTorch;Docker & Containers;MLOps;LLMs & GenAI;Cloud (AWS/GCP/Azure);Git & Version Control,75000,123000,99000,86000,129000,107500,2021-08-23,2021,8,Kaggle Data Science & AI Salaries (2020-2025) & U.S. BLS OEWS,Hugging Face Tech Job Postings Dataset,SOC 15-1221 (Computer and Information Research Scientists / AI)
J00278,Meta AI,Tech,Artificial Intelligence,Computer Vision Specialist,Mid-Level (3-5 yrs),3,US / Remote,North America,Python;PyTorch;Deep Learning;Docker & Containers;Algorithms,75000,113000,94000,95000,133000,114000,2021-08-09,2021,8,Kaggle Data Science & AI Salaries (2020-2025) & U.S. BLS OEWS,Hugging Face Tech Job Postings Dataset,SOC 15-1221 (Computer and Information Research Scientists / AI)
J00279,Bumrungrad International Hospital,Healthcare,Artificial Intelligence,Computer Vision Specialist,Mid-Level (3-5 yrs),1,Thailand (Bangkok),Local / Thailand,Python;PyTorch;Deep Learning;Docker & Containers;Algorithms;Agile & Scrum;Git & Version Control,69000,124000,96500,95000,120000,107500,2021-08-17,2021,8,Kaggle Data Science & AI Salaries (2020-2025) & U.S. BLS OEWS,Hugging Face Tech Job Postings Dataset,SOC 15-1221 (Computer and Information Research Scientists / AI)
J00280,Roche Bioinformatics,Healthcare,Artificial Intelligence,Computer Vision Specialist,Mid-Level (3-5 yrs),4,Switzerland,Europe,Python;PyTorch;Deep Learning;Docker & Containers;Algorithms;Problem Solving;Git & Version Control,68000,113000,90500,90000,137000,113500,2021-08-06,2021,8,Kaggle Data Science & AI Salaries (2020-2025) & U.S. BLS OEWS,Hugging Face Tech Job Postings Dataset,SOC 15-1221 (Computer and Information Research Scientists / AI)
J00281,Kasikorn Business-Technology Group (KBTG),Finance & Banking,Data Science,Data Engineer,Entry-Level (0-2 yrs),9,Thailand (Bangkok),Local / Thailand,Python;SQL;Big Data (Spark/Hadoop);Airflow & ETL;Cloud (AWS/GCP/Azure);Docker & Containers;Git & Version Control,40000,57000,48500,64000,84000,74000,2021-08-01,2021,8,Kaggle Data Science & AI Salaries (2020-2025) & U.S. BLS OEWS,Hugging Face Tech Job Postings Dataset,SOC 15-2051 (Data Scientists)
J00282,Google Cloud,Tech,Statistics,Statistician,Senior/Lead (5+ yrs),5,US / Remote,North America,R;Statistics & Probability;SQL;Time Series Analysis;Critical Thinking;Cross-functional Communication,162000,225000,193500,159000,202000,180500,2021-08-03,2021,8,Kaggle Data Science & AI Salaries (2020-2025) & U.S. BLS OEWS,Hugging Face Tech Job Postings Dataset,SOC 15-2041 (Statisticians)
J00283,Roche Bioinformatics,Healthcare,Statistics,Biostatistician,Entry-Level (0-2 yrs),6,Switzerland,Europe,R;Statistics & Probability;Clinical Trials;Research & Experimentation;Data Modeling;Git & Version Control,43000,60000,51500,64000,72000,68000,2021-08-02,2021,8,Kaggle Data Science & AI Salaries (2020-2025) & U.S. BLS OEWS,Hugging Face Tech Job Postings Dataset,SOC 15-2041 (Statisticians)
J00284,Grab,Tech,Artificial Intelligence,AI Engineer,Mid-Level (3-5 yrs),5,Singapore,Asia-Pacific,Python;PyTorch;Docker & Containers;MLOps;LLMs & GenAI;Cloud (AWS/GCP/Azure);Git & Version Control,73000,128000,100500,85000,127000,106000,2021-08-20,2021,8,Kaggle Data Science & AI Salaries (2020-2025) & U.S. BLS OEWS,Hugging Face Tech Job Postings Dataset,SOC 15-1221 (Computer and Information Research Scientists / AI)
J00285,Roche Bioinformatics,Healthcare,Statistics,Biostatistician,Mid-Level (3-5 yrs),2,Switzerland,Europe,R;Statistics & Probability;Clinical Trials;Research & Experimentation;Data Modeling;Business Acumen,84000,125000,104500,91000,119000,105000,2021-09-13,2021,9,Kaggle Data Science & AI Salaries (2020-2025) & U.S. BLS OEWS,Hugging Face Tech Job Postings Dataset,SOC 15-2041 (Statisticians)
J00286,SCB 10X / SCBX,Finance & Banking,Data Science,Data Engineer,Senior/Lead (5+ yrs),1,Thailand (Bangkok),Local / Thailand,Python;SQL;Big Data (Spark/Hadoop);Airflow & ETL;Cloud (AWS/GCP/Azure);Docker & Containers;Storytelling with Data,144000,208000,176000,165000,204000,184500,2021-09-07,2021,9,Kaggle Data Science & AI Salaries (2020-2025) & U.S. BLS OEWS,Hugging Face Tech Job Postings Dataset,SOC 15-2051 (Data Scientists)
J00287,Roche Bioinformatics,Healthcare,Artificial Intelligence,AI Engineer,Entry-Level (0-2 yrs),3,Switzerland,Europe,Python;PyTorch;Docker & Containers;MLOps;LLMs & GenAI;Cloud (AWS/GCP/Azure);Git & Version Control,42000,61000,51500,65000,84000,74500,2021-09-11,2021,9,Kaggle Data Science & AI Salaries (2020-2025) & U.S. BLS OEWS,Hugging Face Tech Job Postings Dataset,SOC 15-1221 (Computer and Information Research Scientists / AI)
J00288,Central Retail Digital,Retail & E-Commerce,Statistics,Quantitative Risk Analyst,Mid-Level (3-5 yrs),5,Thailand (Bangkok),Local / Thailand,Python;R;Statistics & Probability;Linear Algebra & Calculus;Financial Modeling;Cross-functional Communication;Git & Version Control,74000,113000,93500,94000,129000,111500,2021-09-20,2021,9,Kaggle Data Science & AI Salaries (2020-2025) & U.S. BLS OEWS,Hugging Face Tech Job Postings Dataset,SOC 15-2041 (Statisticians)
J00289,PTT Digital Solutions,Energy & Manufacturing,Data Science,Data Scientist,Senior/Lead (5+ yrs),1,Thailand (Bangkok),Local / Thailand,Python;SQL;Scikit-Learn;Statistics & Probability;Data Modeling;Business Acumen;Git & Version Control,138000,220000,179000,168000,220000,194000,2021-09-14,2021,9,Kaggle Data Science & AI Salaries (2020-2025) & U.S. BLS OEWS,Hugging Face Tech Job Postings Dataset,SOC 15-2051 (Data Scientists)
J00290,Deloitte Consulting AI Institute,Consulting,Artificial Intelligence,AI Engineer,Entry-Level (0-2 yrs),5,Thailand (Bangkok),Local / Thailand,Python;PyTorch;Docker & Containers;MLOps;LLMs & GenAI;Cloud (AWS/GCP/Azure);Git & Version Control,38000,57000,47500,58000,82000,70000,2021-09-11,2021,9,Kaggle Data Science & AI Salaries (2020-2025) & U.S. BLS OEWS,Hugging Face Tech Job Postings Dataset,SOC 15-1221 (Computer and Information Research Scientists / AI)
J00291,Agoda,Tech,Artificial Intelligence,Machine Learning Engineer,Mid-Level (3-5 yrs),3,Thailand (Bangkok),Local / Thailand,Python;TensorFlow;Scikit-Learn;MLOps;Cloud (AWS/GCP/Azure);Docker & Containers;Git & Version Control,74000,121000,97500,101000,136000,118500,2021-09-22,2021,9,Kaggle Data Science & AI Salaries (2020-2025) & U.S. BLS OEWS,Hugging Face Tech Job Postings Dataset,SOC 15-1221 (Computer and Information Research Scientists / AI)
J00292,Microsoft,Tech,Statistics,Statistician,Mid-Level (3-5 yrs),6,US / Remote,North America,R;Statistics & Probability;SQL;Time Series Analysis;Critical Thinking;Cross-functional Communication;Git & Version Control,70000,113000,91500,92000,137000,114500,2021-09-14,2021,9,Kaggle Data Science & AI Salaries (2020-2025) & U.S. BLS OEWS,Hugging Face Tech Job Postings Dataset,SOC 15-2041 (Statisticians)
J00293,Kasikorn Business-Technology Group (KBTG),Finance & Banking,Statistics,Quantitative Risk Analyst,Entry-Level (0-2 yrs),7,Thailand (Bangkok),Local / Thailand,Python;R;Statistics & Probability;Linear Algebra & Calculus;Financial Modeling;Research & Experimentation,43000,55000,49000,61000,76000,68500,2021-09-05,2021,9,Kaggle Data Science & AI Salaries (2020-2025) & U.S. BLS OEWS,Hugging Face Tech Job Postings Dataset,SOC 15-2041 (Statisticians)
J00294,Central Retail Digital,Retail & E-Commerce,Artificial Intelligence,AI Engineer,Entry-Level (0-2 yrs),8,Thailand (Bangkok),Local / Thailand,Python;PyTorch;Docker & Containers;MLOps;LLMs & GenAI;Cloud (AWS/GCP/Azure);Research & Experimentation;Git & Version Control,43000,63000,53000,61000,77000,69000,2021-09-10,2021,9,Kaggle Data Science & AI Salaries (2020-2025) & U.S. BLS OEWS,Hugging Face Tech Job Postings Dataset,SOC 15-1221 (Computer and Information Research Scientists / AI)
J00295,Bumrungrad International Hospital,Healthcare,Artificial Intelligence,AI Engineer,Entry-Level (0-2 yrs),3,Thailand (Bangkok),Local / Thailand,Python;PyTorch;Docker & Containers;MLOps;LLMs & GenAI;Cloud (AWS/GCP/Azure),42000,57000,49500,59000,84000,71500,2021-09-04,2021,9,Kaggle Data Science & AI Salaries (2020-2025) & U.S. BLS OEWS,Hugging Face Tech Job Postings Dataset,SOC 15-1221 (Computer and Information Research Scientists / AI)
J00296,BDMS Health Network,Healthcare,Artificial Intelligence,AI Engineer,Mid-Level (3-5 yrs),1,Thailand (Bangkok),Local / Thailand,Python;PyTorch;Docker & Containers;MLOps;LLMs & GenAI;Cloud (AWS/GCP/Azure);Git & Version Control,75000,110000,92500,93000,129000,111000,2021-09-24,2021,9,Kaggle Data Science & AI Salaries (2020-2025) & U.S. BLS OEWS,Hugging Face Tech Job Postings Dataset,SOC 15-1221 (Computer and Information Research Scientists / AI)
J00297,Amazon Web Services (AWS),Tech,Data Science,Data Scientist,Mid-Level (3-5 yrs),2,Singapore,Asia-Pacific,Python;SQL;Scikit-Learn;Statistics & Probability;Data Modeling;Business Acumen;Problem Solving;Git & Version Control,81000,112000,96500,101000,129000,115000,2021-09-15,2021,9,Kaggle Data Science & AI Salaries (2020-2025) & U.S. BLS OEWS,Hugging Face Tech Job Postings Dataset,SOC 15-2051 (Data Scientists)
J00298,McKinsey & Company QuantumBlack,Consulting,Statistics,Quantitative Risk Analyst,Entry-Level (0-2 yrs),6,Global / Remote,Global / Remote,Python;R;Statistics & Probability;Linear Algebra & Calculus;Financial Modeling,46000,61000,53500,61000,73000,67000,2021-09-17,2021,9,Kaggle Data Science & AI Salaries (2020-2025) & U.S. BLS OEWS,Hugging Face Tech Job Postings Dataset,SOC 15-2041 (Statisticians)
J00299,Bitkub Online,Finance & Banking,Artificial Intelligence,AI Engineer,Mid-Level (3-5 yrs),3,Thailand (Bangkok),Local / Thailand,Python;PyTorch;Docker & Containers;MLOps;LLMs & GenAI;Cloud (AWS/GCP/Azure);Research & Experimentation,78000,114000,96000,88000,125000,106500,2021-09-04,2021,9,Kaggle Data Science & AI Salaries (2020-2025) & U.S. BLS OEWS,Hugging Face Tech Job Postings Dataset,SOC 15-1221 (Computer and Information Research Scientists / AI)
J00300,Grab,Tech,Artificial Intelligence,Computer Vision Specialist,Entry-Level (0-2 yrs),2,Singapore,Asia-Pacific,Python;PyTorch;Deep Learning;Docker & Containers;Algorithms;Business Acumen,47000,60000,53500,56000,79000,67500,2021-10-23,2021,10,Kaggle Data Science & AI Salaries (2020-2025) & U.S. BLS OEWS,Hugging Face Tech Job Postings Dataset,SOC 15-1221 (Computer and Information Research Scientists / AI)
J00301,Bitkub Online,Finance & Banking,Statistics,Biostatistician,Entry-Level (0-2 yrs),3,Thailand (Bangkok),Local / Thailand,R;Statistics & Probability;Clinical Trials;Research & Experimentation;Data Modeling;Git & Version Control,40000,63000,51500,60000,72000,66000,2021-10-02,2021,10,Kaggle Data Science & AI Salaries (2020-2025) & U.S. BLS OEWS,Hugging Face Tech Job Postings Dataset,SOC 15-2041 (Statisticians)
J00302,Shopee,Retail & E-Commerce,Data Science,Data Engineer,Entry-Level (0-2 yrs),8,Singapore,Asia-Pacific,Python;SQL;Big Data (Spark/Hadoop);Airflow & ETL;Cloud (AWS/GCP/Azure);Docker & Containers;Cross-functional Communication;Git & Version Control,41000,62000,51500,64000,80000,72000,2021-10-10,2021,10,Kaggle Data Science & AI Salaries (2020-2025) & U.S. BLS OEWS,Hugging Face Tech Job Postings Dataset,SOC 15-2051 (Data Scientists)
J00303,Bumrungrad International Hospital,Healthcare,Artificial Intelligence,Generative AI Engineer,Mid-Level (3-5 yrs),6,Thailand (Bangkok),Local / Thailand,Python;LLMs & GenAI;PyTorch;Cloud (AWS/GCP/Azure);Git & Version Control;Critical Thinking,81000,112000,96500,100000,135000,117500,2021-10-27,2021,10,Kaggle Data Science & AI Salaries (2020-2025) & U.S. BLS OEWS,Hugging Face Tech Job Postings Dataset,SOC 15-1221 (Computer and Information Research Scientists / AI)
J00304,Google Cloud,Tech,Artificial Intelligence,Machine Learning Engineer,Mid-Level (3-5 yrs),6,US / Remote,North America,Python;TensorFlow;Scikit-Learn;MLOps;Cloud (AWS/GCP/Azure);Docker & Containers;Git & Version Control,78000,125000,101500,92000,138000,115000,2021-10-09,2021,10,Kaggle Data Science & AI Salaries (2020-2025) & U.S. BLS OEWS,Hugging Face Tech Job Postings Dataset,SOC 15-1221 (Computer and Information Research Scientists / AI)
J00305,BDMS Health Network,Healthcare,Data Science,Data Engineer,Entry-Level (0-2 yrs),7,Thailand (Bangkok),Local / Thailand,Python;SQL;Big Data (Spark/Hadoop);Airflow & ETL;Cloud (AWS/GCP/Azure);Docker & Containers,45000,63000,54000,59000,72000,65500,2021-10-15,2021,10,Kaggle Data Science & AI Salaries (2020-2025) & U.S. BLS OEWS,Hugging Face Tech Job Postings Dataset,SOC 15-2051 (Data Scientists)
J00306,Line Man Wongnai,Tech,Data Science,Data Scientist,Mid-Level (3-5 yrs),5,Thailand (Bangkok),Local / Thailand,Python;SQL;Scikit-Learn;Statistics & Probability;Data Modeling;Business Acumen;Git & Version Control,77000,120000,98500,91000,133000,112000,2021-10-03,2021,10,Kaggle Data Science & AI Salaries (2020-2025) & U.S. BLS OEWS,Hugging Face Tech Job Postings Dataset,SOC 15-2051 (Data Scientists)
J00307,Bitkub Online,Finance & Banking,Statistics,Quantitative Risk Analyst,Mid-Level (3-5 yrs),5,Thailand (Bangkok),Local / Thailand,Python;R;Statistics & Probability;Linear Algebra & Calculus;Financial Modeling,75000,122000,98500,94000,139000,116500,2021-10-27,2021,10,Kaggle Data Science & AI Salaries (2020-2025) & U.S. BLS OEWS,Hugging Face Tech Job Postings Dataset,SOC 15-2041 (Statisticians)
J00308,Siemens AI Industry,Manufacturing,Data Science,Data Engineer,Mid-Level (3-5 yrs),4,Germany,Europe,Python;SQL;Big Data (Spark/Hadoop);Airflow & ETL;Cloud (AWS/GCP/Azure);Docker & Containers;Agile & Scrum;Git & Version Control,77000,117000,97000,96000,122000,109000,2021-10-19,2021,10,Kaggle Data Science & AI Salaries (2020-2025) & U.S. BLS OEWS,Hugging Face Tech Job Postings Dataset,SOC 15-2051 (Data Scientists)
J00309,Microsoft,Tech,Artificial Intelligence,Machine Learning Engineer,Mid-Level (3-5 yrs),4,US / Remote,North America,Python;TensorFlow;Scikit-Learn;MLOps;Cloud (AWS/GCP/Azure);Docker & Containers;Git & Version Control,73000,112000,92500,92000,125000,108500,2021-10-22,2021,10,Kaggle Data Science & AI Salaries (2020-2025) & U.S. BLS OEWS,Hugging Face Tech Job Postings Dataset,SOC 15-1221 (Computer and Information Research Scientists / AI)
J00310,Roche Bioinformatics,Healthcare,Data Science,Data Engineer,Entry-Level (0-2 yrs),2,Switzerland,Europe,Python;SQL;Big Data (Spark/Hadoop);Airflow & ETL;Cloud (AWS/GCP/Azure);Docker & Containers;Critical Thinking;Git & Version Control,38000,63000,50500,64000,83000,73500,2021-10-22,2021,10,Kaggle Data Science & AI Salaries (2020-2025) & U.S. BLS OEWS,Hugging Face Tech Job Postings Dataset,SOC 15-2051 (Data Scientists)
J00311,Grab,Tech,Statistics,Statistician,Mid-Level (3-5 yrs),4,Singapore,Asia-Pacific,R;Statistics & Probability;SQL;Time Series Analysis;Critical Thinking;Git & Version Control,78000,119000,98500,88000,137000,112500,2021-10-22,2021,10,Kaggle Data Science & AI Salaries (2020-2025) & U.S. BLS OEWS,Hugging Face Tech Job Postings Dataset,SOC 15-2041 (Statisticians)
J00312,Deloitte Consulting AI Institute,Consulting,Data Science,Senior Data Scientist,Senior/Lead (5+ yrs),5,Thailand (Bangkok),Local / Thailand,Python;SQL;Machine Learning;Cloud (AWS/GCP/Azure);Storytelling with Data;Airflow & ETL,135000,239000,187000,156000,199000,177500,2021-11-18,2021,11,Kaggle Data Science & AI Salaries (2020-2025) & U.S. BLS OEWS,Hugging Face Tech Job Postings Dataset,SOC 15-2051 (Data Scientists)
J00313,Kasikorn Business-Technology Group (KBTG),Finance & Banking,Artificial Intelligence,AI Engineer,Mid-Level (3-5 yrs),3,Thailand (Bangkok),Local / Thailand,Python;PyTorch;Docker & Containers;MLOps;LLMs & GenAI;Cloud (AWS/GCP/Azure);Agile & Scrum,69000,116000,92500,85000,128000,106500,2021-11-13,2021,11,Kaggle Data Science & AI Salaries (2020-2025) & U.S. BLS OEWS,Hugging Face Tech Job Postings Dataset,SOC 15-1221 (Computer and Information Research Scientists / AI)
J00314,McKinsey & Company QuantumBlack,Consulting,Data Science,Data Engineer,Mid-Level (3-5 yrs),2,Global / Remote,Global / Remote,Python;SQL;Big Data (Spark/Hadoop);Airflow & ETL;Cloud (AWS/GCP/Azure);Docker & Containers;Research & Experimentation,79000,119000,99000,88000,127000,107500,2021-11-10,2021,11,Kaggle Data Science & AI Salaries (2020-2025) & U.S. BLS OEWS,Hugging Face Tech Job Postings Dataset,SOC 15-2051 (Data Scientists)
J00315,Grab,Tech,Artificial Intelligence,Computer Vision Specialist,Entry-Level (0-2 yrs),2,Singapore,Asia-Pacific,Python;PyTorch;Deep Learning;Docker & Containers;Algorithms,39000,63000,51000,62000,84000,73000,2021-11-26,2021,11,Kaggle Data Science & AI Salaries (2020-2025) & U.S. BLS OEWS,Hugging Face Tech Job Postings Dataset,SOC 15-1221 (Computer and Information Research Scientists / AI)
J00316,Deloitte Consulting AI Institute,Consulting,Statistics,Statistician,Senior/Lead (5+ yrs),6,Thailand (Bangkok),Local / Thailand,R;Statistics & Probability;SQL;Time Series Analysis;Critical Thinking;Cross-functional Communication,155000,219000,187000,150000,213000,181500,2021-11-08,2021,11,Kaggle Data Science & AI Salaries (2020-2025) & U.S. BLS OEWS,Hugging Face Tech Job Postings Dataset,SOC 15-2041 (Statisticians)
J00317,Line Man Wongnai,Tech,Data Science,Data Engineer,Mid-Level (3-5 yrs),5,Thailand (Bangkok),Local / Thailand,Python;SQL;Big Data (Spark/Hadoop);Airflow & ETL;Cloud (AWS/GCP/Azure);Docker & Containers;Storytelling with Data,76000,124000,100000,97000,124000,110500,2021-11-02,2021,11,Kaggle Data Science & AI Salaries (2020-2025) & U.S. BLS OEWS,Hugging Face Tech Job Postings Dataset,SOC 15-2051 (Data Scientists)
J00318,Siemens AI Industry,Manufacturing,Statistics,Statistician,Mid-Level (3-5 yrs),1,Germany,Europe,R;Statistics & Probability;SQL;Time Series Analysis;Critical Thinking;Research & Experimentation;Git & Version Control,77000,129000,103000,86000,134000,110000,2021-11-25,2021,11,Kaggle Data Science & AI Salaries (2020-2025) & U.S. BLS OEWS,Hugging Face Tech Job Postings Dataset,SOC 15-2041 (Statisticians)
J00319,Central Retail Digital,Retail & E-Commerce,Statistics,Statistician,Mid-Level (3-5 yrs),5,Thailand (Bangkok),Local / Thailand,R;Statistics & Probability;SQL;Time Series Analysis;Critical Thinking;Critical Thinking;Git & Version Control,83000,112000,97500,93000,134000,113500,2021-11-18,2021,11,Kaggle Data Science & AI Salaries (2020-2025) & U.S. BLS OEWS,Hugging Face Tech Job Postings Dataset,SOC 15-2041 (Statisticians)
J00320,Siemens AI Industry,Manufacturing,Data Science,Data Scientist,Mid-Level (3-5 yrs),3,Germany,Europe,Python;SQL;Scikit-Learn;Statistics & Probability;Data Modeling;Business Acumen;Business Acumen,77000,110000,93500,92000,138000,115000,2021-11-26,2021,11,Kaggle Data Science & AI Salaries (2020-2025) & U.S. BLS OEWS,Hugging Face Tech Job Postings Dataset,SOC 15-2051 (Data Scientists)
J00321,Bitkub Online,Finance & Banking,Data Science,Data Scientist,Entry-Level (0-2 yrs),6,Thailand (Bangkok),Local / Thailand,Python;SQL;Scikit-Learn;Statistics & Probability;Data Modeling;Business Acumen,44000,60000,52000,55000,78000,66500,2021-11-10,2021,11,Kaggle Data Science & AI Salaries (2020-2025) & U.S. BLS OEWS,Hugging Face Tech Job Postings Dataset,SOC 15-2051 (Data Scientists)
J00322,Roche Bioinformatics,Healthcare,Artificial Intelligence,AI Engineer,Entry-Level (0-2 yrs),3,Switzerland,Europe,Python;PyTorch;Docker & Containers;MLOps;LLMs & GenAI;Cloud (AWS/GCP/Azure);Business Acumen;Git & Version Control,39000,55000,47000,63000,75000,69000,2021-11-01,2021,11,Kaggle Data Science & AI Salaries (2020-2025) & U.S. BLS OEWS,Hugging Face Tech Job Postings Dataset,SOC 15-1221 (Computer and Information Research Scientists / AI)
J00323,Shopee,Retail & E-Commerce,Statistics,Biostatistician,Entry-Level (0-2 yrs),4,Singapore,Asia-Pacific,R;Statistics & Probability;Clinical Trials;Research & Experimentation;Data Modeling,44000,58000,51000,56000,82000,69000,2021-11-17,2021,11,Kaggle Data Science & AI Salaries (2020-2025) & U.S. BLS OEWS,Hugging Face Tech Job Postings Dataset,SOC 15-2041 (Statisticians)
J00324,Kasikorn Business-Technology Group (KBTG),Finance & Banking,Data Science,Senior Data Scientist,Senior/Lead (5+ yrs),2,Thailand (Bangkok),Local / Thailand,Python;SQL;Machine Learning;Cloud (AWS/GCP/Azure);Storytelling with Data;Airflow & ETL,155000,233000,194000,169000,221000,195000,2021-12-22,2021,12,Kaggle Data Science & AI Salaries (2020-2025) & U.S. BLS OEWS,Hugging Face Tech Job Postings Dataset,SOC 15-2051 (Data Scientists)
J00325,Google Cloud,Tech,Artificial Intelligence,Computer Vision Specialist,Entry-Level (0-2 yrs),7,US / Remote,North America,Python;PyTorch;Deep Learning;Docker & Containers;Algorithms,38000,57000,47500,64000,72000,68000,2021-12-16,2021,12,Kaggle Data Science & AI Salaries (2020-2025) & U.S. BLS OEWS,Hugging Face Tech Job Postings Dataset,SOC 15-1221 (Computer and Information Research Scientists / AI)
J00326,Meta AI,Tech,Artificial Intelligence,Generative AI Engineer,Mid-Level (3-5 yrs),6,US / Remote,North America,Python;LLMs & GenAI;PyTorch;Cloud (AWS/GCP/Azure);Git & Version Control,74000,115000,94500,94000,128000,111000,2021-12-26,2021,12,Kaggle Data Science & AI Salaries (2020-2025) & U.S. BLS OEWS,Hugging Face Tech Job Postings Dataset,SOC 15-1221 (Computer and Information Research Scientists / AI)
J00327,Google Cloud,Tech,Data Science,Data Engineer,Mid-Level (3-5 yrs),5,US / Remote,North America,Python;SQL;Big Data (Spark/Hadoop);Airflow & ETL;Cloud (AWS/GCP/Azure);Docker & Containers;Cross-functional Communication;Git & Version Control,79000,111000,95000,100000,132000,116000,2021-12-21,2021,12,Kaggle Data Science & AI Salaries (2020-2025) & U.S. BLS OEWS,Hugging Face Tech Job Postings Dataset,SOC 15-2051 (Data Scientists)
J00328,Central Retail Digital,Retail & E-Commerce,Data Science,Senior Data Scientist,Entry-Level (0-2 yrs),3,Thailand (Bangkok),Local / Thailand,Python;SQL;Machine Learning;Cloud (AWS/GCP/Azure);Storytelling with Data;Airflow & ETL;Git & Version Control,40000,60000,50000,60000,80000,70000,2021-12-25,2021,12,Kaggle Data Science & AI Salaries (2020-2025) & U.S. BLS OEWS,Hugging Face Tech Job Postings Dataset,SOC 15-2051 (Data Scientists)
J00329,True Digital Group,Telecom,Statistics,Quantitative Risk Analyst,Entry-Level (0-2 yrs),4,Thailand (Bangkok),Local / Thailand,Python;R;Statistics & Probability;Linear Algebra & Calculus;Financial Modeling;Git & Version Control,40000,55000,47500,55000,73000,64000,2021-12-22,2021,12,Kaggle Data Science & AI Salaries (2020-2025) & U.S. BLS OEWS,Hugging Face Tech Job Postings Dataset,SOC 15-2041 (Statisticians)
J00330,Google Cloud,Tech,Data Science,Senior Data Scientist,Entry-Level (0-2 yrs),6,US / Remote,North America,Python;SQL;Machine Learning;Cloud (AWS/GCP/Azure);Storytelling with Data;Airflow & ETL;Research & Experimentation,40000,55000,47500,61000,72000,66500,2021-12-20,2021,12,Kaggle Data Science & AI Salaries (2020-2025) & U.S. BLS OEWS,Hugging Face Tech Job Postings Dataset,SOC 15-2051 (Data Scientists)
J00331,Shopee,Retail & E-Commerce,Artificial Intelligence,Machine Learning Engineer,Entry-Level (0-2 yrs),4,Singapore,Asia-Pacific,Python;TensorFlow;Scikit-Learn;MLOps;Cloud (AWS/GCP/Azure);Docker & Containers,41000,62000,51500,62000,82000,72000,2021-12-06,2021,12,Kaggle Data Science & AI Salaries (2020-2025) & U.S. BLS OEWS,Hugging Face Tech Job Postings Dataset,SOC 15-1221 (Computer and Information Research Scientists / AI)
J00332,Central Retail Digital,Retail & E-Commerce,Data Science,Data Scientist,Mid-Level (3-5 yrs),1,Thailand (Bangkok),Local / Thailand,Python;SQL;Scikit-Learn;Statistics & Probability;Data Modeling;Business Acumen;Research & Experimentation;Git & Version Control,78000,128000,103000,89000,127000,108000,2021-12-09,2021,12,Kaggle Data Science & AI Salaries (2020-2025) & U.S. BLS OEWS,Hugging Face Tech Job Postings Dataset,SOC 15-2051 (Data Scientists)
J00333,Line Man Wongnai,Tech,Artificial Intelligence,Machine Learning Engineer,Entry-Level (0-2 yrs),2,Thailand (Bangkok),Local / Thailand,Python;TensorFlow;Scikit-Learn;MLOps;Cloud (AWS/GCP/Azure);Docker & Containers,41000,58000,49500,55000,84000,69500,2021-12-16,2021,12,Kaggle Data Science & AI Salaries (2020-2025) & U.S. BLS OEWS,Hugging Face Tech Job Postings Dataset,SOC 15-1221 (Computer and Information Research Scientists / AI)
J00334,True Digital Group,Telecom,Statistics,Biostatistician,Mid-Level (3-5 yrs),6,Thailand (Bangkok),Local / Thailand,R;Statistics & Probability;Clinical Trials;Research & Experimentation;Data Modeling;Cross-functional Communication;Git & Version Control,76000,113000,94500,98000,123000,110500,2021-12-04,2021,12,Kaggle Data Science & AI Salaries (2020-2025) & U.S. BLS OEWS,Hugging Face Tech Job Postings Dataset,SOC 15-2041 (Statisticians)
J00335,Kasikorn Business-Technology Group (KBTG),Finance & Banking,Artificial Intelligence,Machine Learning Engineer,Entry-Level (0-2 yrs),6,Thailand (Bangkok),Local / Thailand,Python;TensorFlow;Scikit-Learn;MLOps;Cloud (AWS/GCP/Azure);Docker & Containers,45000,55000,50000,60000,80000,70000,2021-12-13,2021,12,Kaggle Data Science & AI Salaries (2020-2025) & U.S. BLS OEWS,Hugging Face Tech Job Postings Dataset,SOC 15-1221 (Computer and Information Research Scientists / AI)
J00336,Central Retail Digital,Retail & E-Commerce,Artificial Intelligence,Computer Vision Specialist,Mid-Level (3-5 yrs),4,Thailand (Bangkok),Local / Thailand,Python;PyTorch;Deep Learning;Docker & Containers;Algorithms;Git & Version Control,77000,120000,98500,100000,129000,114500,2021-12-25,2021,12,Kaggle Data Science & AI Salaries (2020-2025) & U.S. BLS OEWS,Hugging Face Tech Job Postings Dataset,SOC 15-1221 (Computer and Information Research Scientists / AI)
J00337,SCB 10X / SCBX,Finance & Banking,Statistics,Quantitative Risk Analyst,Entry-Level (0-2 yrs),8,Thailand (Bangkok),Local / Thailand,Python;R;Statistics & Probability;Linear Algebra & Calculus;Financial Modeling;Business Acumen,47000,63000,55000,60000,79000,69500,2021-12-10,2021,12,Kaggle Data Science & AI Salaries (2020-2025) & U.S. BLS OEWS,Hugging Face Tech Job Postings Dataset,SOC 15-2041 (Statisticians)
J00338,McKinsey & Company QuantumBlack,Consulting,Artificial Intelligence,AI Engineer,Mid-Level (3-5 yrs),6,Global / Remote,Global / Remote,Python;PyTorch;Docker & Containers;MLOps;LLMs & GenAI;Cloud (AWS/GCP/Azure);Git & Version Control,69000,120000,94500,101000,120000,110500,2021-12-21,2021,12,Kaggle Data Science & AI Salaries (2020-2025) & U.S. BLS OEWS,Hugging Face Tech Job Postings Dataset,SOC 15-1221 (Computer and Information Research Scientists / AI)
J00339,True Digital Group,Telecom,Artificial Intelligence,Computer Vision Specialist,Mid-Level (3-5 yrs),4,Thailand (Bangkok),Local / Thailand,Python;PyTorch;Deep Learning;Docker & Containers;Algorithms;Cross-functional Communication,79000,116000,97500,91000,121000,106000,2021-12-21,2021,12,Kaggle Data Science & AI Salaries (2020-2025) & U.S. BLS OEWS,Hugging Face Tech Job Postings Dataset,SOC 15-1221 (Computer and Information Research Scientists / AI)
J00340,True Digital Group,Telecom,Artificial Intelligence,Computer Vision Specialist,Entry-Level (0-2 yrs),2,Thailand (Bangkok),Local / Thailand,Python;PyTorch;Deep Learning;Docker & Containers;Algorithms;Business Acumen,44000,61000,52500,60000,73000,66500,2022-01-27,2022,1,Kaggle Data Science & AI Salaries (2020-2025) & U.S. BLS OEWS,Hugging Face Tech Job Postings Dataset,SOC 15-1221 (Computer and Information Research Scientists / AI)
J00341,Google Cloud,Tech,Artificial Intelligence,AI Engineer,Entry-Level (0-2 yrs),2,US / Remote,North America,Python;PyTorch;Docker & Containers;MLOps;LLMs & GenAI;Cloud (AWS/GCP/Azure);Storytelling with Data,41000,62000,51500,59000,74000,66500,2022-01-22,2022,1,Kaggle Data Science & AI Salaries (2020-2025) & U.S. BLS OEWS,Hugging Face Tech Job Postings Dataset,SOC 15-1221 (Computer and Information Research Scientists / AI)
J00342,Meta AI,Tech,Artificial Intelligence,Computer Vision Specialist,Mid-Level (3-5 yrs),2,US / Remote,North America,Python;PyTorch;Deep Learning;Docker & Containers;Algorithms;Git & Version Control,83000,111000,97000,87000,132000,109500,2022-01-02,2022,1,Kaggle Data Science & AI Salaries (2020-2025) & U.S. BLS OEWS,Hugging Face Tech Job Postings Dataset,SOC 15-1221 (Computer and Information Research Scientists / AI)
J00343,PTT Digital Solutions,Energy & Manufacturing,Artificial Intelligence,Computer Vision Specialist,Entry-Level (0-2 yrs),2,Thailand (Bangkok),Local / Thailand,Python;PyTorch;Deep Learning;Docker & Containers;Algorithms;Critical Thinking;Git & Version Control,46000,63000,54500,56000,80000,68000,2022-01-04,2022,1,Kaggle Data Science & AI Salaries (2020-2025) & U.S. BLS OEWS,Hugging Face Tech Job Postings Dataset,SOC 15-1221 (Computer and Information Research Scientists / AI)
J00344,Shopee,Retail & E-Commerce,Statistics,Statistician,Mid-Level (3-5 yrs),5,Singapore,Asia-Pacific,R;Statistics & Probability;SQL;Time Series Analysis;Critical Thinking;Agile & Scrum,71000,126000,98500,92000,136000,114000,2022-01-04,2022,1,Kaggle Data Science & AI Salaries (2020-2025) & U.S. BLS OEWS,Hugging Face Tech Job Postings Dataset,SOC 15-2041 (Statisticians)
J00345,Siemens AI Industry,Manufacturing,Statistics,Quantitative Risk Analyst,Entry-Level (0-2 yrs),5,Germany,Europe,Python;R;Statistics & Probability;Linear Algebra & Calculus;Financial Modeling,45000,61000,53000,58000,73000,65500,2022-01-23,2022,1,Kaggle Data Science & AI Salaries (2020-2025) & U.S. BLS OEWS,Hugging Face Tech Job Postings Dataset,SOC 15-2041 (Statisticians)
J00346,BDMS Health Network,Healthcare,Statistics,Quantitative Risk Analyst,Entry-Level (0-2 yrs),5,Thailand (Bangkok),Local / Thailand,Python;R;Statistics & Probability;Linear Algebra & Calculus;Financial Modeling;Research & Experimentation,46000,55000,50500,56000,83000,69500,2022-01-16,2022,1,Kaggle Data Science & AI Salaries (2020-2025) & U.S. BLS OEWS,Hugging Face Tech Job Postings Dataset,SOC 15-2041 (Statisticians)
J00347,SCB 10X / SCBX,Finance & Banking,Artificial Intelligence,AI Engineer,Entry-Level (0-2 yrs),3,Thailand (Bangkok),Local / Thailand,Python;PyTorch;Docker & Containers;MLOps;LLMs & GenAI;Cloud (AWS/GCP/Azure);Cross-functional Communication;Git & Version Control,44000,61000,52500,58000,81000,69500,2022-01-07,2022,1,Kaggle Data Science & AI Salaries (2020-2025) & U.S. BLS OEWS,Hugging Face Tech Job Postings Dataset,SOC 15-1221 (Computer and Information Research Scientists / AI)
J00348,Grab,Tech,Data Science,Data Scientist,Mid-Level (3-5 yrs),4,Singapore,Asia-Pacific,Python;SQL;Scikit-Learn;Statistics & Probability;Data Modeling;Business Acumen;Storytelling with Data;Git & Version Control,72000,113000,92500,96000,131000,113500,2022-01-21,2022,1,Kaggle Data Science & AI Salaries (2020-2025) & U.S. BLS OEWS,Hugging Face Tech Job Postings Dataset,SOC 15-2051 (Data Scientists)
J00349,Bitkub Online,Finance & Banking,Data Science,Senior Data Scientist,Mid-Level (3-5 yrs),5,Thailand (Bangkok),Local / Thailand,Python;SQL;Machine Learning;Cloud (AWS/GCP/Azure);Storytelling with Data;Airflow & ETL;Git & Version Control,72000,112000,92000,94000,121000,107500,2022-01-18,2022,1,Kaggle Data Science & AI Salaries (2020-2025) & U.S. BLS OEWS,Hugging Face Tech Job Postings Dataset,SOC 15-2051 (Data Scientists)
J00350,Amazon Web Services (AWS),Tech,Artificial Intelligence,Generative AI Engineer,Mid-Level (3-5 yrs),6,Singapore,Asia-Pacific,Python;LLMs & GenAI;PyTorch;Cloud (AWS/GCP/Azure);Git & Version Control;Cross-functional Communication,79000,115000,97000,88000,135000,111500,2022-01-16,2022,1,Kaggle Data Science & AI Salaries (2020-2025) & U.S. BLS OEWS,Hugging Face Tech Job Postings Dataset,SOC 15-1221 (Computer and Information Research Scientists / AI)
J00351,Line Man Wongnai,Tech,Artificial Intelligence,Computer Vision Specialist,Mid-Level (3-5 yrs),1,Thailand (Bangkok),Local / Thailand,Python;PyTorch;Deep Learning;Docker & Containers;Algorithms;Research & Experimentation,68000,117000,92500,88000,124000,106000,2022-01-04,2022,1,Kaggle Data Science & AI Salaries (2020-2025) & U.S. BLS OEWS,Hugging Face Tech Job Postings Dataset,SOC 15-1221 (Computer and Information Research Scientists / AI)
J00352,Kasikorn Business-Technology Group (KBTG),Finance & Banking,Statistics,Quantitative Risk Analyst,Entry-Level (0-2 yrs),2,Thailand (Bangkok),Local / Thailand,Python;R;Statistics & Probability;Linear Algebra & Calculus;Financial Modeling;Business Acumen,42000,56000,49000,64000,81000,72500,2022-01-24,2022,1,Kaggle Data Science & AI Salaries (2020-2025) & U.S. BLS OEWS,Hugging Face Tech Job Postings Dataset,SOC 15-2041 (Statisticians)
J00353,Bumrungrad International Hospital,Healthcare,Artificial Intelligence,Generative AI Engineer,Mid-Level (3-5 yrs),3,Thailand (Bangkok),Local / Thailand,Python;LLMs & GenAI;PyTorch;Cloud (AWS/GCP/Azure);Git & Version Control;Critical Thinking,71000,115000,93000,92000,123000,107500,2022-02-16,2022,2,Kaggle Data Science & AI Salaries (2020-2025) & U.S. BLS OEWS,Hugging Face Tech Job Postings Dataset,SOC 15-1221 (Computer and Information Research Scientists / AI)
J00354,Siemens AI Industry,Manufacturing,Statistics,Statistician,Entry-Level (0-2 yrs),8,Germany,Europe,R;Statistics & Probability;SQL;Time Series Analysis;Critical Thinking;Git & Version Control,39000,64000,51500,60000,77000,68500,2022-02-21,2022,2,Kaggle Data Science & AI Salaries (2020-2025) & U.S. BLS OEWS,Hugging Face Tech Job Postings Dataset,SOC 15-2041 (Statisticians)
J00355,BDMS Health Network,Healthcare,Data Science,Data Scientist,Entry-Level (0-2 yrs),4,Thailand (Bangkok),Local / Thailand,Python;SQL;Scikit-Learn;Statistics & Probability;Data Modeling;Business Acumen,38000,60000,49000,58000,73000,65500,2022-02-25,2022,2,Kaggle Data Science & AI Salaries (2020-2025) & U.S. BLS OEWS,Hugging Face Tech Job Postings Dataset,SOC 15-2051 (Data Scientists)
J00356,Bumrungrad International Hospital,Healthcare,Artificial Intelligence,Generative AI Engineer,Senior/Lead (5+ yrs),5,Thailand (Bangkok),Local / Thailand,Python;LLMs & GenAI;PyTorch;Cloud (AWS/GCP/Azure);Git & Version Control;Storytelling with Data,140000,232000,186000,172000,226000,199000,2022-02-28,2022,2,Kaggle Data Science & AI Salaries (2020-2025) & U.S. BLS OEWS,Hugging Face Tech Job Postings Dataset,SOC 15-1221 (Computer and Information Research Scientists / AI)
J00357,PTT Digital Solutions,Energy & Manufacturing,Artificial Intelligence,Machine Learning Engineer,Mid-Level (3-5 yrs),5,Thailand (Bangkok),Local / Thailand,Python;TensorFlow;Scikit-Learn;MLOps;Cloud (AWS/GCP/Azure);Docker & Containers;Git & Version Control,76000,129000,102500,95000,136000,115500,2022-02-24,2022,2,Kaggle Data Science & AI Salaries (2020-2025) & U.S. BLS OEWS,Hugging Face Tech Job Postings Dataset,SOC 15-1221 (Computer and Information Research Scientists / AI)
J00358,PTT Digital Solutions,Energy & Manufacturing,Artificial Intelligence,Generative AI Engineer,Entry-Level (0-2 yrs),5,Thailand (Bangkok),Local / Thailand,Python;LLMs & GenAI;PyTorch;Cloud (AWS/GCP/Azure);Git & Version Control,46000,61000,53500,56000,79000,67500,2022-02-02,2022,2,Kaggle Data Science & AI Salaries (2020-2025) & U.S. BLS OEWS,Hugging Face Tech Job Postings Dataset,SOC 15-1221 (Computer and Information Research Scientists / AI)
J00359,Kasikorn Business-Technology Group (KBTG),Finance & Banking,Statistics,Statistician,Mid-Level (3-5 yrs),5,Thailand (Bangkok),Local / Thailand,R;Statistics & Probability;SQL;Time Series Analysis;Critical Thinking;Cross-functional Communication,68000,120000,94000,93000,135000,114000,2022-02-03,2022,2,Kaggle Data Science & AI Salaries (2020-2025) & U.S. BLS OEWS,Hugging Face Tech Job Postings Dataset,SOC 15-2041 (Statisticians)
J00360,Meta AI,Tech,Artificial Intelligence,AI Engineer,Mid-Level (3-5 yrs),4,US / Remote,North America,Python;PyTorch;Docker & Containers;MLOps;LLMs & GenAI;Cloud (AWS/GCP/Azure),84000,113000,98500,90000,132000,111000,2022-02-10,2022,2,Kaggle Data Science & AI Salaries (2020-2025) & U.S. BLS OEWS,Hugging Face Tech Job Postings Dataset,SOC 15-1221 (Computer and Information Research Scientists / AI)
J00361,Line Man Wongnai,Tech,Statistics,Statistician,Senior/Lead (5+ yrs),6,Thailand (Bangkok),Local / Thailand,R;Statistics & Probability;SQL;Time Series Analysis;Critical Thinking;Problem Solving;Git & Version Control,154000,239000,196500,158000,200000,179000,2022-02-12,2022,2,Kaggle Data Science & AI Salaries (2020-2025) & U.S. BLS OEWS,Hugging Face Tech Job Postings Dataset,SOC 15-2041 (Statisticians)
J00362,Google Cloud,Tech,Artificial Intelligence,AI Engineer,Senior/Lead (5+ yrs),1,US / Remote,North America,Python;PyTorch;Docker & Containers;MLOps;LLMs & GenAI;Cloud (AWS/GCP/Azure);Agile & Scrum;Git & Version Control,147000,228000,187500,160000,205000,182500,2022-02-18,2022,2,Kaggle Data Science & AI Salaries (2020-2025) & U.S. BLS OEWS,Hugging Face Tech Job Postings Dataset,SOC 15-1221 (Computer and Information Research Scientists / AI)
J00363,Siemens AI Industry,Manufacturing,Artificial Intelligence,Generative AI Engineer,Mid-Level (3-5 yrs),1,Germany,Europe,Python;LLMs & GenAI;PyTorch;Cloud (AWS/GCP/Azure);Git & Version Control;Business Acumen,78000,117000,97500,100000,129000,114500,2022-02-02,2022,2,Kaggle Data Science & AI Salaries (2020-2025) & U.S. BLS OEWS,Hugging Face Tech Job Postings Dataset,SOC 15-1221 (Computer and Information Research Scientists / AI)
J00364,Shopee,Retail & E-Commerce,Data Science,Data Engineer,Mid-Level (3-5 yrs),5,Singapore,Asia-Pacific,Python;SQL;Big Data (Spark/Hadoop);Airflow & ETL;Cloud (AWS/GCP/Azure);Docker & Containers;Research & Experimentation,68000,117000,92500,96000,133000,114500,2022-02-11,2022,2,Kaggle Data Science & AI Salaries (2020-2025) & U.S. BLS OEWS,Hugging Face Tech Job Postings Dataset,SOC 15-2051 (Data Scientists)
J00365,PTT Digital Solutions,Energy & Manufacturing,Statistics,Quantitative Risk Analyst,Entry-Level (0-2 yrs),9,Thailand (Bangkok),Local / Thailand,Python;R;Statistics & Probability;Linear Algebra & Calculus;Financial Modeling;Research & Experimentation,45000,62000,53500,64000,81000,72500,2022-02-12,2022,2,Kaggle Data Science & AI Salaries (2020-2025) & U.S. BLS OEWS,Hugging Face Tech Job Postings Dataset,SOC 15-2041 (Statisticians)
J00366,Central Retail Digital,Retail & E-Commerce,Statistics,Quantitative Risk Analyst,Mid-Level (3-5 yrs),3,Thailand (Bangkok),Local / Thailand,Python;R;Statistics & Probability;Linear Algebra & Calculus;Financial Modeling;Cross-functional Communication;Git & Version Control,68000,117000,92500,92000,129000,110500,2022-02-22,2022,2,Kaggle Data Science & AI Salaries (2020-2025) & U.S. BLS OEWS,Hugging Face Tech Job Postings Dataset,SOC 15-2041 (Statisticians)
J00367,Meta AI,Tech,Data Science,Data Scientist,Mid-Level (3-5 yrs),3,US / Remote,North America,Python;SQL;Scikit-Learn;Statistics & Probability;Data Modeling;Business Acumen;Git & Version Control,81000,128000,104500,98000,138000,118000,2022-02-15,2022,2,Kaggle Data Science & AI Salaries (2020-2025) & U.S. BLS OEWS,Hugging Face Tech Job Postings Dataset,SOC 15-2051 (Data Scientists)
J00368,SCB 10X / SCBX,Finance & Banking,Data Science,Data Engineer,Senior/Lead (5+ yrs),3,Thailand (Bangkok),Local / Thailand,Python;SQL;Big Data (Spark/Hadoop);Airflow & ETL;Cloud (AWS/GCP/Azure);Docker & Containers,167000,206000,186500,149000,199000,174000,2022-03-07,2022,3,Kaggle Data Science & AI Salaries (2020-2025) & U.S. BLS OEWS,Hugging Face Tech Job Postings Dataset,SOC 15-2051 (Data Scientists)
J00369,Amazon Web Services (AWS),Tech,Artificial Intelligence,AI Engineer,Entry-Level (0-2 yrs),4,Singapore,Asia-Pacific,Python;PyTorch;Docker & Containers;MLOps;LLMs & GenAI;Cloud (AWS/GCP/Azure),42000,59000,50500,63000,72000,67500,2022-03-26,2022,3,Kaggle Data Science & AI Salaries (2020-2025) & U.S. BLS OEWS,Hugging Face Tech Job Postings Dataset,SOC 15-1221 (Computer and Information Research Scientists / AI)
J00370,PTT Digital Solutions,Energy & Manufacturing,Statistics,Quantitative Risk Analyst,Mid-Level (3-5 yrs),4,Thailand (Bangkok),Local / Thailand,Python;R;Statistics & Probability;Linear Algebra & Calculus;Financial Modeling;Storytelling with Data;Git & Version Control,77000,123000,100000,98000,129000,113500,2022-03-15,2022,3,Kaggle Data Science & AI Salaries (2020-2025) & U.S. BLS OEWS,Hugging Face Tech Job Postings Dataset,SOC 15-2041 (Statisticians)
J00371,Google Cloud,Tech,Data Science,Data Scientist,Mid-Level (3-5 yrs),3,US / Remote,North America,Python;SQL;Scikit-Learn;Statistics & Probability;Data Modeling;Business Acumen;Critical Thinking,70000,115000,92500,93000,139000,116000,2022-03-10,2022,3,Kaggle Data Science & AI Salaries (2020-2025) & U.S. BLS OEWS,Hugging Face Tech Job Postings Dataset,SOC 15-2051 (Data Scientists)
J00372,Google Cloud,Tech,Artificial Intelligence,Computer Vision Specialist,Mid-Level (3-5 yrs),2,US / Remote,North America,Python;PyTorch;Deep Learning;Docker & Containers;Algorithms;Agile & Scrum;Git & Version Control,80000,116000,98000,101000,136000,118500,2022-03-06,2022,3,Kaggle Data Science & AI Salaries (2020-2025) & U.S. BLS OEWS,Hugging Face Tech Job Postings Dataset,SOC 15-1221 (Computer and Information Research Scientists / AI)
J00373,PTT Digital Solutions,Energy & Manufacturing,Artificial Intelligence,Machine Learning Engineer,Entry-Level (0-2 yrs),7,Thailand (Bangkok),Local / Thailand,Python;TensorFlow;Scikit-Learn;MLOps;Cloud (AWS/GCP/Azure);Docker & Containers;Agile & Scrum,43000,59000,51000,59000,74000,66500,2022-03-12,2022,3,Kaggle Data Science & AI Salaries (2020-2025) & U.S. BLS OEWS,Hugging Face Tech Job Postings Dataset,SOC 15-1221 (Computer and Information Research Scientists / AI)
J00374,Grab,Tech,Data Science,Senior Data Scientist,Mid-Level (3-5 yrs),2,Singapore,Asia-Pacific,Python;SQL;Machine Learning;Cloud (AWS/GCP/Azure);Storytelling with Data;Airflow & ETL;Cross-functional Communication;Git & Version Control,77000,112000,94500,85000,138000,111500,2022-03-05,2022,3,Kaggle Data Science & AI Salaries (2020-2025) & U.S. BLS OEWS,Hugging Face Tech Job Postings Dataset,SOC 15-2051 (Data Scientists)
J00375,Agoda,Tech,Statistics,Quantitative Risk Analyst,Senior/Lead (5+ yrs),3,Thailand (Bangkok),Local / Thailand,Python;R;Statistics & Probability;Linear Algebra & Calculus;Financial Modeling;Storytelling with Data;Git & Version Control,156000,214000,185000,170000,228000,199000,2022-03-26,2022,3,Kaggle Data Science & AI Salaries (2020-2025) & U.S. BLS OEWS,Hugging Face Tech Job Postings Dataset,SOC 15-2041 (Statisticians)
J00376,Siemens AI Industry,Manufacturing,Statistics,Statistician,Entry-Level (0-2 yrs),3,Germany,Europe,R;Statistics & Probability;SQL;Time Series Analysis;Critical Thinking,44000,64000,54000,56000,79000,67500,2022-03-27,2022,3,Kaggle Data Science & AI Salaries (2020-2025) & U.S. BLS OEWS,Hugging Face Tech Job Postings Dataset,SOC 15-2041 (Statisticians)
J00377,PTT Digital Solutions,Energy & Manufacturing,Statistics,Statistician,Mid-Level (3-5 yrs),3,Thailand (Bangkok),Local / Thailand,R;Statistics & Probability;SQL;Time Series Analysis;Critical Thinking;Business Acumen,68000,123000,95500,94000,123000,108500,2022-03-03,2022,3,Kaggle Data Science & AI Salaries (2020-2025) & U.S. BLS OEWS,Hugging Face Tech Job Postings Dataset,SOC 15-2041 (Statisticians)
J00378,Google Cloud,Tech,Artificial Intelligence,Machine Learning Engineer,Senior/Lead (5+ yrs),4,US / Remote,North America,Python;TensorFlow;Scikit-Learn;MLOps;Cloud (AWS/GCP/Azure);Docker & Containers;Business Acumen,141000,215000,178000,162000,228000,195000,2022-04-23,2022,4,Kaggle Data Science & AI Salaries (2020-2025) & U.S. BLS OEWS,Hugging Face Tech Job Postings Dataset,SOC 15-1221 (Computer and Information Research Scientists / AI)
J00379,Deloitte Consulting AI Institute,Consulting,Data Science,Senior Data Scientist,Mid-Level (3-5 yrs),1,Thailand (Bangkok),Local / Thailand,Python;SQL;Machine Learning;Cloud (AWS/GCP/Azure);Storytelling with Data;Airflow & ETL;Git & Version Control,72000,117000,94500,101000,137000,119000,2022-04-15,2022,4,Kaggle Data Science & AI Salaries (2020-2025) & U.S. BLS OEWS,Hugging Face Tech Job Postings Dataset,SOC 15-2051 (Data Scientists)
J00380,Deloitte Consulting AI Institute,Consulting,Statistics,Statistician,Entry-Level (0-2 yrs),8,Thailand (Bangkok),Local / Thailand,R;Statistics & Probability;SQL;Time Series Analysis;Critical Thinking,44000,59000,51500,64000,79000,71500,2022-04-28,2022,4,Kaggle Data Science & AI Salaries (2020-2025) & U.S. BLS OEWS,Hugging Face Tech Job Postings Dataset,SOC 15-2041 (Statisticians)
J00381,Amazon Web Services (AWS),Tech,Data Science,Senior Data Scientist,Entry-Level (0-2 yrs),8,Singapore,Asia-Pacific,Python;SQL;Machine Learning;Cloud (AWS/GCP/Azure);Storytelling with Data;Airflow & ETL;Agile & Scrum;Git & Version Control,38000,59000,48500,65000,77000,71000,2022-04-05,2022,4,Kaggle Data Science & AI Salaries (2020-2025) & U.S. BLS OEWS,Hugging Face Tech Job Postings Dataset,SOC 15-2051 (Data Scientists)
J00382,True Digital Group,Telecom,Artificial Intelligence,Computer Vision Specialist,Senior/Lead (5+ yrs),3,Thailand (Bangkok),Local / Thailand,Python;PyTorch;Deep Learning;Docker & Containers;Algorithms;Git & Version Control,153000,205000,179000,168000,224000,196000,2022-04-15,2022,4,Kaggle Data Science & AI Salaries (2020-2025) & U.S. BLS OEWS,Hugging Face Tech Job Postings Dataset,SOC 15-1221 (Computer and Information Research Scientists / AI)
J00383,PTT Digital Solutions,Energy & Manufacturing,Artificial Intelligence,AI Engineer,Mid-Level (3-5 yrs),2,Thailand (Bangkok),Local / Thailand,Python;PyTorch;Docker & Containers;MLOps;LLMs & GenAI;Cloud (AWS/GCP/Azure);Business Acumen,72000,129000,100500,99000,128000,113500,2022-04-16,2022,4,Kaggle Data Science & AI Salaries (2020-2025) & U.S. BLS OEWS,Hugging Face Tech Job Postings Dataset,SOC 15-1221 (Computer and Information Research Scientists / AI)
J00384,PTT Digital Solutions,Energy & Manufacturing,Artificial Intelligence,AI Engineer,Entry-Level (0-2 yrs),6,Thailand (Bangkok),Local / Thailand,Python;PyTorch;Docker & Containers;MLOps;LLMs & GenAI;Cloud (AWS/GCP/Azure),42000,64000,53000,61000,76000,68500,2022-04-09,2022,4,Kaggle Data Science & AI Salaries (2020-2025) & U.S. BLS OEWS,Hugging Face Tech Job Postings Dataset,SOC 15-1221 (Computer and Information Research Scientists / AI)
J00385,Microsoft,Tech,Artificial Intelligence,Machine Learning Engineer,Mid-Level (3-5 yrs),6,US / Remote,North America,Python;TensorFlow;Scikit-Learn;MLOps;Cloud (AWS/GCP/Azure);Docker & Containers;Git & Version Control,77000,126000,101500,87000,120000,103500,2022-04-05,2022,4,Kaggle Data Science & AI Salaries (2020-2025) & U.S. BLS OEWS,Hugging Face Tech Job Postings Dataset,SOC 15-1221 (Computer and Information Research Scientists / AI)
J00386,BDMS Health Network,Healthcare,Artificial Intelligence,Computer Vision Specialist,Entry-Level (0-2 yrs),7,Thailand (Bangkok),Local / Thailand,Python;PyTorch;Deep Learning;Docker & Containers;Algorithms;Critical Thinking;Git & Version Control,41000,64000,52500,58000,75000,66500,2022-04-25,2022,4,Kaggle Data Science & AI Salaries (2020-2025) & U.S. BLS OEWS,Hugging Face Tech Job Postings Dataset,SOC 15-1221 (Computer and Information Research Scientists / AI)
J00387,Line Man Wongnai,Tech,Artificial Intelligence,Machine Learning Engineer,Mid-Level (3-5 yrs),2,Thailand (Bangkok),Local / Thailand,Python;TensorFlow;Scikit-Learn;MLOps;Cloud (AWS/GCP/Azure);Docker & Containers;Git & Version Control,77000,127000,102000,99000,133000,116000,2022-04-23,2022,4,Kaggle Data Science & AI Salaries (2020-2025) & U.S. BLS OEWS,Hugging Face Tech Job Postings Dataset,SOC 15-1221 (Computer and Information Research Scientists / AI)
J00388,BDMS Health Network,Healthcare,Artificial Intelligence,Machine Learning Engineer,Mid-Level (3-5 yrs),3,Thailand (Bangkok),Local / Thailand,Python;TensorFlow;Scikit-Learn;MLOps;Cloud (AWS/GCP/Azure);Docker & Containers,81000,110000,95500,93000,126000,109500,2022-04-06,2022,4,Kaggle Data Science & AI Salaries (2020-2025) & U.S. BLS OEWS,Hugging Face Tech Job Postings Dataset,SOC 15-1221 (Computer and Information Research Scientists / AI)
J00389,Shopee,Retail & E-Commerce,Artificial Intelligence,Generative AI Engineer,Entry-Level (0-2 yrs),5,Singapore,Asia-Pacific,Python;LLMs & GenAI;PyTorch;Cloud (AWS/GCP/Azure);Git & Version Control;Research & Experimentation,45000,63000,54000,61000,81000,71000,2022-04-18,2022,4,Kaggle Data Science & AI Salaries (2020-2025) & U.S. BLS OEWS,Hugging Face Tech Job Postings Dataset,SOC 15-1221 (Computer and Information Research Scientists / AI)
J00390,Meta AI,Tech,Artificial Intelligence,Machine Learning Engineer,Mid-Level (3-5 yrs),1,US / Remote,North America,Python;TensorFlow;Scikit-Learn;MLOps;Cloud (AWS/GCP/Azure);Docker & Containers;Problem Solving;Git & Version Control,69000,113000,91000,85000,126000,105500,2022-04-20,2022,4,Kaggle Data Science & AI Salaries (2020-2025) & U.S. BLS OEWS,Hugging Face Tech Job Postings Dataset,SOC 15-1221 (Computer and Information Research Scientists / AI)
J00391,Amazon Web Services (AWS),Tech,Data Science,Senior Data Scientist,Entry-Level (0-2 yrs),6,Singapore,Asia-Pacific,Python;SQL;Machine Learning;Cloud (AWS/GCP/Azure);Storytelling with Data;Airflow & ETL,38000,63000,50500,57000,83000,70000,2022-04-05,2022,4,Kaggle Data Science & AI Salaries (2020-2025) & U.S. BLS OEWS,Hugging Face Tech Job Postings Dataset,SOC 15-2051 (Data Scientists)
J00392,Grab,Tech,Artificial Intelligence,Machine Learning Engineer,Mid-Level (3-5 yrs),1,Singapore,Asia-Pacific,Python;TensorFlow;Scikit-Learn;MLOps;Cloud (AWS/GCP/Azure);Docker & Containers;Git & Version Control,69000,125000,97000,97000,119000,108000,2022-05-17,2022,5,Kaggle Data Science & AI Salaries (2020-2025) & U.S. BLS OEWS,Hugging Face Tech Job Postings Dataset,SOC 15-1221 (Computer and Information Research Scientists / AI)
J00393,Siemens AI Industry,Manufacturing,Artificial Intelligence,AI Engineer,Mid-Level (3-5 yrs),3,Germany,Europe,Python;PyTorch;Docker & Containers;MLOps;LLMs & GenAI;Cloud (AWS/GCP/Azure);Git & Version Control,68000,116000,92000,85000,121000,103000,2022-05-19,2022,5,Kaggle Data Science & AI Salaries (2020-2025) & U.S. BLS OEWS,Hugging Face Tech Job Postings Dataset,SOC 15-1221 (Computer and Information Research Scientists / AI)
J00394,True Digital Group,Telecom,Artificial Intelligence,Computer Vision Specialist,Mid-Level (3-5 yrs),1,Thailand (Bangkok),Local / Thailand,Python;PyTorch;Deep Learning;Docker & Containers;Algorithms,69000,126000,97500,101000,138000,119500,2022-05-17,2022,5,Kaggle Data Science & AI Salaries (2020-2025) & U.S. BLS OEWS,Hugging Face Tech Job Postings Dataset,SOC 15-1221 (Computer and Information Research Scientists / AI)
J00395,Roche Bioinformatics,Healthcare,Artificial Intelligence,Generative AI Engineer,Mid-Level (3-5 yrs),1,Switzerland,Europe,Python;LLMs & GenAI;PyTorch;Cloud (AWS/GCP/Azure);Git & Version Control,69000,121000,95000,85000,123000,104000,2022-05-10,2022,5,Kaggle Data Science & AI Salaries (2020-2025) & U.S. BLS OEWS,Hugging Face Tech Job Postings Dataset,SOC 15-1221 (Computer and Information Research Scientists / AI)
J00396,Line Man Wongnai,Tech,Statistics,Quantitative Risk Analyst,Entry-Level (0-2 yrs),3,Thailand (Bangkok),Local / Thailand,Python;R;Statistics & Probability;Linear Algebra & Calculus;Financial Modeling;Problem Solving,46000,64000,55000,64000,78000,71000,2022-05-04,2022,5,Kaggle Data Science & AI Salaries (2020-2025) & U.S. BLS OEWS,Hugging Face Tech Job Postings Dataset,SOC 15-2041 (Statisticians)
J00397,Line Man Wongnai,Tech,Data Science,Senior Data Scientist,Senior/Lead (5+ yrs),4,Thailand (Bangkok),Local / Thailand,Python;SQL;Machine Learning;Cloud (AWS/GCP/Azure);Storytelling with Data;Airflow & ETL,142000,212000,177000,148000,229000,188500,2022-05-05,2022,5,Kaggle Data Science & AI Salaries (2020-2025) & U.S. BLS OEWS,Hugging Face Tech Job Postings Dataset,SOC 15-2051 (Data Scientists)
J00398,Microsoft,Tech,Data Science,Senior Data Scientist,Mid-Level (3-5 yrs),5,US / Remote,North America,Python;SQL;Machine Learning;Cloud (AWS/GCP/Azure);Storytelling with Data;Airflow & ETL;Git & Version Control,80000,112000,96000,93000,127000,110000,2022-05-22,2022,5,Kaggle Data Science & AI Salaries (2020-2025) & U.S. BLS OEWS,Hugging Face Tech Job Postings Dataset,SOC 15-2051 (Data Scientists)
J00399,Google Cloud,Tech,Artificial Intelligence,Generative AI Engineer,Mid-Level (3-5 yrs),3,US / Remote,North America,Python;LLMs & GenAI;PyTorch;Cloud (AWS/GCP/Azure);Git & Version Control;Agile & Scrum,84000,118000,101000,99000,137000,118000,2022-05-12,2022,5,Kaggle Data Science & AI Salaries (2020-2025) & U.S. BLS OEWS,Hugging Face Tech Job Postings Dataset,SOC 15-1221 (Computer and Information Research Scientists / AI)
J00400,Line Man Wongnai,Tech,Artificial Intelligence,AI Engineer,Senior/Lead (5+ yrs),4,Thailand (Bangkok),Local / Thailand,Python;PyTorch;Docker & Containers;MLOps;LLMs & GenAI;Cloud (AWS/GCP/Azure),157000,218000,187500,160000,218000,189000,2022-05-23,2022,5,Kaggle Data Science & AI Salaries (2020-2025) & U.S. BLS OEWS,Hugging Face Tech Job Postings Dataset,SOC 15-1221 (Computer and Information Research Scientists / AI)
J00401,Siemens AI Industry,Manufacturing,Artificial Intelligence,Machine Learning Engineer,Mid-Level (3-5 yrs),2,Germany,Europe,Python;TensorFlow;Scikit-Learn;MLOps;Cloud (AWS/GCP/Azure);Docker & Containers;Critical Thinking,69000,129000,99000,90000,131000,110500,2022-05-14,2022,5,Kaggle Data Science & AI Salaries (2020-2025) & U.S. BLS OEWS,Hugging Face Tech Job Postings Dataset,SOC 15-1221 (Computer and Information Research Scientists / AI)
J00402,Microsoft,Tech,Data Science,Data Scientist,Mid-Level (3-5 yrs),5,US / Remote,North America,Python;SQL;Scikit-Learn;Statistics & Probability;Data Modeling;Business Acumen;Git & Version Control,78000,125000,101500,98000,138000,118000,2022-05-13,2022,5,Kaggle Data Science & AI Salaries (2020-2025) & U.S. BLS OEWS,Hugging Face Tech Job Postings Dataset,SOC 15-2051 (Data Scientists)
J00403,Amazon Web Services (AWS),Tech,Data Science,Data Scientist,Entry-Level (0-2 yrs),9,Singapore,Asia-Pacific,Python;SQL;Scikit-Learn;Statistics & Probability;Data Modeling;Business Acumen,39000,57000,48000,60000,80000,70000,2022-06-02,2022,6,Kaggle Data Science & AI Salaries (2020-2025) & U.S. BLS OEWS,Hugging Face Tech Job Postings Dataset,SOC 15-2051 (Data Scientists)
J00404,SCB 10X / SCBX,Finance & Banking,Statistics,Statistician,Mid-Level (3-5 yrs),2,Thailand (Bangkok),Local / Thailand,R;Statistics & Probability;SQL;Time Series Analysis;Critical Thinking,74000,123000,98500,87000,132000,109500,2022-06-25,2022,6,Kaggle Data Science & AI Salaries (2020-2025) & U.S. BLS OEWS,Hugging Face Tech Job Postings Dataset,SOC 15-2041 (Statisticians)
J00405,Amazon Web Services (AWS),Tech,Statistics,Statistician,Mid-Level (3-5 yrs),2,Singapore,Asia-Pacific,R;Statistics & Probability;SQL;Time Series Analysis;Critical Thinking;Storytelling with Data;Git & Version Control,72000,120000,96000,93000,130000,111500,2022-06-25,2022,6,Kaggle Data Science & AI Salaries (2020-2025) & U.S. BLS OEWS,Hugging Face Tech Job Postings Dataset,SOC 15-2041 (Statisticians)
J00406,Kasikorn Business-Technology Group (KBTG),Finance & Banking,Data Science,Data Engineer,Senior/Lead (5+ yrs),1,Thailand (Bangkok),Local / Thailand,Python;SQL;Big Data (Spark/Hadoop);Airflow & ETL;Cloud (AWS/GCP/Azure);Docker & Containers;Git & Version Control,147000,215000,181000,155000,211000,183000,2022-06-28,2022,6,Kaggle Data Science & AI Salaries (2020-2025) & U.S. BLS OEWS,Hugging Face Tech Job Postings Dataset,SOC 15-2051 (Data Scientists)
J00407,Bitkub Online,Finance & Banking,Artificial Intelligence,Computer Vision Specialist,Mid-Level (3-5 yrs),2,Thailand (Bangkok),Local / Thailand,Python;PyTorch;Deep Learning;Docker & Containers;Algorithms;Git & Version Control,73000,118000,95500,97000,130000,113500,2022-06-18,2022,6,Kaggle Data Science & AI Salaries (2020-2025) & U.S. BLS OEWS,Hugging Face Tech Job Postings Dataset,SOC 15-1221 (Computer and Information Research Scientists / AI)
J00408,Siemens AI Industry,Manufacturing,Statistics,Statistician,Mid-Level (3-5 yrs),2,Germany,Europe,R;Statistics & Probability;SQL;Time Series Analysis;Critical Thinking;Business Acumen;Git & Version Control,76000,118000,97000,93000,139000,116000,2022-06-10,2022,6,Kaggle Data Science & AI Salaries (2020-2025) & U.S. BLS OEWS,Hugging Face Tech Job Postings Dataset,SOC 15-2041 (Statisticians)
J00409,Bumrungrad International Hospital,Healthcare,Artificial Intelligence,AI Engineer,Entry-Level (0-2 yrs),2,Thailand (Bangkok),Local / Thailand,Python;PyTorch;Docker & Containers;MLOps;LLMs & GenAI;Cloud (AWS/GCP/Azure);Agile & Scrum,39000,58000,48500,63000,79000,71000,2022-06-04,2022,6,Kaggle Data Science & AI Salaries (2020-2025) & U.S. BLS OEWS,Hugging Face Tech Job Postings Dataset,SOC 15-1221 (Computer and Information Research Scientists / AI)
J00410,Deloitte Consulting AI Institute,Consulting,Data Science,Senior Data Scientist,Senior/Lead (5+ yrs),4,Thailand (Bangkok),Local / Thailand,Python;SQL;Machine Learning;Cloud (AWS/GCP/Azure);Storytelling with Data;Airflow & ETL;Agile & Scrum,146000,227000,186500,152000,217000,184500,2022-06-10,2022,6,Kaggle Data Science & AI Salaries (2020-2025) & U.S. BLS OEWS,Hugging Face Tech Job Postings Dataset,SOC 15-2051 (Data Scientists)
J00411,Shopee,Retail & E-Commerce,Data Science,Senior Data Scientist,Entry-Level (0-2 yrs),7,Singapore,Asia-Pacific,Python;SQL;Machine Learning;Cloud (AWS/GCP/Azure);Storytelling with Data;Airflow & ETL,38000,61000,49500,59000,78000,68500,2022-06-16,2022,6,Kaggle Data Science & AI Salaries (2020-2025) & U.S. BLS OEWS,Hugging Face Tech Job Postings Dataset,SOC 15-2051 (Data Scientists)
J00412,Siemens AI Industry,Manufacturing,Artificial Intelligence,AI Engineer,Senior/Lead (5+ yrs),4,Germany,Europe,Python;PyTorch;Docker & Containers;MLOps;LLMs & GenAI;Cloud (AWS/GCP/Azure);Problem Solving,154000,215000,184500,147000,212000,179500,2022-06-17,2022,6,Kaggle Data Science & AI Salaries (2020-2025) & U.S. BLS OEWS,Hugging Face Tech Job Postings Dataset,SOC 15-1221 (Computer and Information Research Scientists / AI)
J00413,Bumrungrad International Hospital,Healthcare,Artificial Intelligence,Computer Vision Specialist,Mid-Level (3-5 yrs),3,Thailand (Bangkok),Local / Thailand,Python;PyTorch;Deep Learning;Docker & Containers;Algorithms;Git & Version Control,84000,114000,99000,95000,139000,117000,2022-06-07,2022,6,Kaggle Data Science & AI Salaries (2020-2025) & U.S. BLS OEWS,Hugging Face Tech Job Postings Dataset,SOC 15-1221 (Computer and Information Research Scientists / AI)
J00414,Bitkub Online,Finance & Banking,Data Science,Data Scientist,Entry-Level (0-2 yrs),8,Thailand (Bangkok),Local / Thailand,Python;SQL;Scikit-Learn;Statistics & Probability;Data Modeling;Business Acumen;Storytelling with Data,45000,61000,53000,65000,81000,73000,2022-06-03,2022,6,Kaggle Data Science & AI Salaries (2020-2025) & U.S. BLS OEWS,Hugging Face Tech Job Postings Dataset,SOC 15-2051 (Data Scientists)
J00415,Siemens AI Industry,Manufacturing,Statistics,Quantitative Risk Analyst,Mid-Level (3-5 yrs),2,Germany,Europe,Python;R;Statistics & Probability;Linear Algebra & Calculus;Financial Modeling;Git & Version Control,73000,111000,92000,99000,129000,114000,2022-06-11,2022,6,Kaggle Data Science & AI Salaries (2020-2025) & U.S. BLS OEWS,Hugging Face Tech Job Postings Dataset,SOC 15-2041 (Statisticians)
J00416,Deloitte Consulting AI Institute,Consulting,Data Science,Data Engineer,Entry-Level (0-2 yrs),9,Thailand (Bangkok),Local / Thailand,Python;SQL;Big Data (Spark/Hadoop);Airflow & ETL;Cloud (AWS/GCP/Azure);Docker & Containers;Problem Solving;Git & Version Control,44000,60000,52000,64000,80000,72000,2022-07-07,2022,7,Kaggle Data Science & AI Salaries (2020-2025) & U.S. BLS OEWS,Hugging Face Tech Job Postings Dataset,SOC 15-2051 (Data Scientists)
J00417,Google Cloud,Tech,Data Science,Data Scientist,Senior/Lead (5+ yrs),5,US / Remote,North America,Python;SQL;Scikit-Learn;Statistics & Probability;Data Modeling;Business Acumen;Critical Thinking;Git & Version Control,162000,234000,198000,171000,227000,199000,2022-07-12,2022,7,Kaggle Data Science & AI Salaries (2020-2025) & U.S. BLS OEWS,Hugging Face Tech Job Postings Dataset,SOC 15-2051 (Data Scientists)
J00418,Google Cloud,Tech,Artificial Intelligence,Computer Vision Specialist,Entry-Level (0-2 yrs),6,US / Remote,North America,Python;PyTorch;Deep Learning;Docker & Containers;Algorithms;Research & Experimentation,46000,59000,52500,64000,83000,73500,2022-07-27,2022,7,Kaggle Data Science & AI Salaries (2020-2025) & U.S. BLS OEWS,Hugging Face Tech Job Postings Dataset,SOC 15-1221 (Computer and Information Research Scientists / AI)
J00419,Bitkub Online,Finance & Banking,Artificial Intelligence,Computer Vision Specialist,Entry-Level (0-2 yrs),5,Thailand (Bangkok),Local / Thailand,Python;PyTorch;Deep Learning;Docker & Containers;Algorithms;Cross-functional Communication,41000,56000,48500,57000,75000,66000,2022-07-14,2022,7,Kaggle Data Science & AI Salaries (2020-2025) & U.S. BLS OEWS,Hugging Face Tech Job Postings Dataset,SOC 15-1221 (Computer and Information Research Scientists / AI)
J00420,Deloitte Consulting AI Institute,Consulting,Artificial Intelligence,AI Engineer,Entry-Level (0-2 yrs),6,Thailand (Bangkok),Local / Thailand,Python;PyTorch;Docker & Containers;MLOps;LLMs & GenAI;Cloud (AWS/GCP/Azure);Git & Version Control,39000,57000,48000,63000,80000,71500,2022-07-24,2022,7,Kaggle Data Science & AI Salaries (2020-2025) & U.S. BLS OEWS,Hugging Face Tech Job Postings Dataset,SOC 15-1221 (Computer and Information Research Scientists / AI)
J00421,Microsoft,Tech,Artificial Intelligence,AI Engineer,Entry-Level (0-2 yrs),3,US / Remote,North America,Python;PyTorch;Docker & Containers;MLOps;LLMs & GenAI;Cloud (AWS/GCP/Azure);Agile & Scrum;Git & Version Control,40000,58000,49000,55000,84000,69500,2022-07-03,2022,7,Kaggle Data Science & AI Salaries (2020-2025) & U.S. BLS OEWS,Hugging Face Tech Job Postings Dataset,SOC 15-1221 (Computer and Information Research Scientists / AI)
J00422,McKinsey & Company QuantumBlack,Consulting,Artificial Intelligence,Computer Vision Specialist,Entry-Level (0-2 yrs),3,Global / Remote,Global / Remote,Python;PyTorch;Deep Learning;Docker & Containers;Algorithms;Git & Version Control,42000,63000,52500,65000,84000,74500,2022-07-08,2022,7,Kaggle Data Science & AI Salaries (2020-2025) & U.S. BLS OEWS,Hugging Face Tech Job Postings Dataset,SOC 15-1221 (Computer and Information Research Scientists / AI)
J00423,Roche Bioinformatics,Healthcare,Artificial Intelligence,Machine Learning Engineer,Mid-Level (3-5 yrs),3,Switzerland,Europe,Python;TensorFlow;Scikit-Learn;MLOps;Cloud (AWS/GCP/Azure);Docker & Containers,73000,121000,97000,91000,134000,112500,2022-07-05,2022,7,Kaggle Data Science & AI Salaries (2020-2025) & U.S. BLS OEWS,Hugging Face Tech Job Postings Dataset,SOC 15-1221 (Computer and Information Research Scientists / AI)
J00424,Shopee,Retail & E-Commerce,Artificial Intelligence,Computer Vision Specialist,Entry-Level (0-2 yrs),6,Singapore,Asia-Pacific,Python;PyTorch;Deep Learning;Docker & Containers;Algorithms;Git & Version Control,42000,57000,49500,61000,78000,69500,2022-07-11,2022,7,Kaggle Data Science & AI Salaries (2020-2025) & U.S. BLS OEWS,Hugging Face Tech Job Postings Dataset,SOC 15-1221 (Computer and Information Research Scientists / AI)
J00425,Meta AI,Tech,Data Science,Data Engineer,Mid-Level (3-5 yrs),2,US / Remote,North America,Python;SQL;Big Data (Spark/Hadoop);Airflow & ETL;Cloud (AWS/GCP/Azure);Docker & Containers;Research & Experimentation,84000,127000,105500,100000,126000,113000,2022-07-21,2022,7,Kaggle Data Science & AI Salaries (2020-2025) & U.S. BLS OEWS,Hugging Face Tech Job Postings Dataset,SOC 15-2051 (Data Scientists)
J00426,Roche Bioinformatics,Healthcare,Artificial Intelligence,AI Engineer,Senior/Lead (5+ yrs),6,Switzerland,Europe,Python;PyTorch;Docker & Containers;MLOps;LLMs & GenAI;Cloud (AWS/GCP/Azure),161000,205000,183000,171000,218000,194500,2022-07-21,2022,7,Kaggle Data Science & AI Salaries (2020-2025) & U.S. BLS OEWS,Hugging Face Tech Job Postings Dataset,SOC 15-1221 (Computer and Information Research Scientists / AI)
J00427,BDMS Health Network,Healthcare,Artificial Intelligence,Machine Learning Engineer,Mid-Level (3-5 yrs),2,Thailand (Bangkok),Local / Thailand,Python;TensorFlow;Scikit-Learn;MLOps;Cloud (AWS/GCP/Azure);Docker & Containers;Business Acumen,82000,118000,100000,100000,127000,113500,2022-08-27,2022,8,Kaggle Data Science & AI Salaries (2020-2025) & U.S. BLS OEWS,Hugging Face Tech Job Postings Dataset,SOC 15-1221 (Computer and Information Research Scientists / AI)
J00428,PTT Digital Solutions,Energy & Manufacturing,Data Science,Data Scientist,Entry-Level (0-2 yrs),4,Thailand (Bangkok),Local / Thailand,Python;SQL;Scikit-Learn;Statistics & Probability;Data Modeling;Business Acumen,46000,61000,53500,64000,82000,73000,2022-08-28,2022,8,Kaggle Data Science & AI Salaries (2020-2025) & U.S. BLS OEWS,Hugging Face Tech Job Postings Dataset,SOC 15-2051 (Data Scientists)
J00429,SCB 10X / SCBX,Finance & Banking,Statistics,Statistician,Mid-Level (3-5 yrs),4,Thailand (Bangkok),Local / Thailand,R;Statistics & Probability;SQL;Time Series Analysis;Critical Thinking,83000,116000,99500,92000,138000,115000,2022-08-09,2022,8,Kaggle Data Science & AI Salaries (2020-2025) & U.S. BLS OEWS,Hugging Face Tech Job Postings Dataset,SOC 15-2041 (Statisticians)
J00430,Amazon Web Services (AWS),Tech,Artificial Intelligence,Machine Learning Engineer,Mid-Level (3-5 yrs),5,Singapore,Asia-Pacific,Python;TensorFlow;Scikit-Learn;MLOps;Cloud (AWS/GCP/Azure);Docker & Containers;Agile & Scrum;Git & Version Control,80000,121000,100500,90000,133000,111500,2022-08-21,2022,8,Kaggle Data Science & AI Salaries (2020-2025) & U.S. BLS OEWS,Hugging Face Tech Job Postings Dataset,SOC 15-1221 (Computer and Information Research Scientists / AI)
J00431,Google Cloud,Tech,Artificial Intelligence,Computer Vision Specialist,Entry-Level (0-2 yrs),5,US / Remote,North America,Python;PyTorch;Deep Learning;Docker & Containers;Algorithms;Research & Experimentation;Git & Version Control,43000,58000,50500,55000,74000,64500,2022-08-25,2022,8,Kaggle Data Science & AI Salaries (2020-2025) & U.S. BLS OEWS,Hugging Face Tech Job Postings Dataset,SOC 15-1221 (Computer and Information Research Scientists / AI)
J00432,Grab,Tech,Statistics,Biostatistician,Mid-Level (3-5 yrs),3,Singapore,Asia-Pacific,R;Statistics & Probability;Clinical Trials;Research & Experimentation;Data Modeling;Business Acumen;Git & Version Control,75000,127000,101000,87000,122000,104500,2022-08-07,2022,8,Kaggle Data Science & AI Salaries (2020-2025) & U.S. BLS OEWS,Hugging Face Tech Job Postings Dataset,SOC 15-2041 (Statisticians)
J00433,SCB 10X / SCBX,Finance & Banking,Data Science,Data Engineer,Mid-Level (3-5 yrs),4,Thailand (Bangkok),Local / Thailand,Python;SQL;Big Data (Spark/Hadoop);Airflow & ETL;Cloud (AWS/GCP/Azure);Docker & Containers;Storytelling with Data;Git & Version Control,82000,128000,105000,100000,123000,111500,2022-08-21,2022,8,Kaggle Data Science & AI Salaries (2020-2025) & U.S. BLS OEWS,Hugging Face Tech Job Postings Dataset,SOC 15-2051 (Data Scientists)
J00434,PTT Digital Solutions,Energy & Manufacturing,Artificial Intelligence,Machine Learning Engineer,Senior/Lead (5+ yrs),2,Thailand (Bangkok),Local / Thailand,Python;TensorFlow;Scikit-Learn;MLOps;Cloud (AWS/GCP/Azure);Docker & Containers;Problem Solving,143000,234000,188500,146000,216000,181000,2022-08-12,2022,8,Kaggle Data Science & AI Salaries (2020-2025) & U.S. BLS OEWS,Hugging Face Tech Job Postings Dataset,SOC 15-1221 (Computer and Information Research Scientists / AI)
J00435,Line Man Wongnai,Tech,Statistics,Biostatistician,Entry-Level (0-2 yrs),8,Thailand (Bangkok),Local / Thailand,R;Statistics & Probability;Clinical Trials;Research & Experimentation;Data Modeling,45000,64000,54500,64000,78000,71000,2022-08-28,2022,8,Kaggle Data Science & AI Salaries (2020-2025) & U.S. BLS OEWS,Hugging Face Tech Job Postings Dataset,SOC 15-2041 (Statisticians)
J00436,Central Retail Digital,Retail & E-Commerce,Data Science,Data Scientist,Mid-Level (3-5 yrs),4,Thailand (Bangkok),Local / Thailand,Python;SQL;Scikit-Learn;Statistics & Probability;Data Modeling;Business Acumen;Git & Version Control,70000,127000,98500,95000,139000,117000,2022-08-14,2022,8,Kaggle Data Science & AI Salaries (2020-2025) & U.S. BLS OEWS,Hugging Face Tech Job Postings Dataset,SOC 15-2051 (Data Scientists)
J00437,Line Man Wongnai,Tech,Data Science,Data Engineer,Mid-Level (3-5 yrs),1,Thailand (Bangkok),Local / Thailand,Python;SQL;Big Data (Spark/Hadoop);Airflow & ETL;Cloud (AWS/GCP/Azure);Docker & Containers;Git & Version Control,72000,115000,93500,95000,138000,116500,2022-08-15,2022,8,Kaggle Data Science & AI Salaries (2020-2025) & U.S. BLS OEWS,Hugging Face Tech Job Postings Dataset,SOC 15-2051 (Data Scientists)
J00438,SCB 10X / SCBX,Finance & Banking,Artificial Intelligence,AI Engineer,Mid-Level (3-5 yrs),3,Thailand (Bangkok),Local / Thailand,Python;PyTorch;Docker & Containers;MLOps;LLMs & GenAI;Cloud (AWS/GCP/Azure);Git & Version Control,84000,118000,101000,88000,127000,107500,2022-08-03,2022,8,Kaggle Data Science & AI Salaries (2020-2025) & U.S. BLS OEWS,Hugging Face Tech Job Postings Dataset,SOC 15-1221 (Computer and Information Research Scientists / AI)
J00439,Shopee,Retail & E-Commerce,Statistics,Quantitative Risk Analyst,Entry-Level (0-2 yrs),7,Singapore,Asia-Pacific,Python;R;Statistics & Probability;Linear Algebra & Calculus;Financial Modeling;Research & Experimentation;Git & Version Control,46000,59000,52500,58000,79000,68500,2022-08-24,2022,8,Kaggle Data Science & AI Salaries (2020-2025) & U.S. BLS OEWS,Hugging Face Tech Job Postings Dataset,SOC 15-2041 (Statisticians)
J00440,Kasikorn Business-Technology Group (KBTG),Finance & Banking,Artificial Intelligence,AI Engineer,Entry-Level (0-2 yrs),8,Thailand (Bangkok),Local / Thailand,Python;PyTorch;Docker & Containers;MLOps;LLMs & GenAI;Cloud (AWS/GCP/Azure);Storytelling with Data,40000,59000,49500,59000,84000,71500,2022-08-06,2022,8,Kaggle Data Science & AI Salaries (2020-2025) & U.S. BLS OEWS,Hugging Face Tech Job Postings Dataset,SOC 15-1221 (Computer and Information Research Scientists / AI)
J00441,Amazon Web Services (AWS),Tech,Statistics,Statistician,Senior/Lead (5+ yrs),4,Singapore,Asia-Pacific,R;Statistics & Probability;SQL;Time Series Analysis;Critical Thinking,139000,215000,177000,160000,200000,180000,2022-08-05,2022,8,Kaggle Data Science & AI Salaries (2020-2025) & U.S. BLS OEWS,Hugging Face Tech Job Postings Dataset,SOC 15-2041 (Statisticians)
J00442,Central Retail Digital,Retail & E-Commerce,Data Science,Senior Data Scientist,Senior/Lead (5+ yrs),3,Thailand (Bangkok),Local / Thailand,Python;SQL;Machine Learning;Cloud (AWS/GCP/Azure);Storytelling with Data;Airflow & ETL;Cross-functional Communication;Git & Version Control,165000,213000,189000,169000,227000,198000,2022-09-11,2022,9,Kaggle Data Science & AI Salaries (2020-2025) & U.S. BLS OEWS,Hugging Face Tech Job Postings Dataset,SOC 15-2051 (Data Scientists)
J00443,Microsoft,Tech,Artificial Intelligence,Computer Vision Specialist,Mid-Level (3-5 yrs),6,US / Remote,North America,Python;PyTorch;Deep Learning;Docker & Containers;Algorithms,78000,119000,98500,88000,120000,104000,2022-09-06,2022,9,Kaggle Data Science & AI Salaries (2020-2025) & U.S. BLS OEWS,Hugging Face Tech Job Postings Dataset,SOC 15-1221 (Computer and Information Research Scientists / AI)
J00444,Google Cloud,Tech,Data Science,Data Engineer,Entry-Level (0-2 yrs),9,US / Remote,North America,Python;SQL;Big Data (Spark/Hadoop);Airflow & ETL;Cloud (AWS/GCP/Azure);Docker & Containers;Git & Version Control,38000,58000,48000,62000,78000,70000,2022-09-28,2022,9,Kaggle Data Science & AI Salaries (2020-2025) & U.S. BLS OEWS,Hugging Face Tech Job Postings Dataset,SOC 15-2051 (Data Scientists)
J00445,Grab,Tech,Artificial Intelligence,Machine Learning Engineer,Entry-Level (0-2 yrs),5,Singapore,Asia-Pacific,Python;TensorFlow;Scikit-Learn;MLOps;Cloud (AWS/GCP/Azure);Docker & Containers;Git & Version Control,46000,57000,51500,56000,78000,67000,2022-09-19,2022,9,Kaggle Data Science & AI Salaries (2020-2025) & U.S. BLS OEWS,Hugging Face Tech Job Postings Dataset,SOC 15-1221 (Computer and Information Research Scientists / AI)
J00446,True Digital Group,Telecom,Statistics,Biostatistician,Senior/Lead (5+ yrs),1,Thailand (Bangkok),Local / Thailand,R;Statistics & Probability;Clinical Trials;Research & Experimentation;Data Modeling;Agile & Scrum,152000,224000,188000,157000,198000,177500,2022-09-11,2022,9,Kaggle Data Science & AI Salaries (2020-2025) & U.S. BLS OEWS,Hugging Face Tech Job Postings Dataset,SOC 15-2041 (Statisticians)
J00447,Agoda,Tech,Data Science,Data Scientist,Mid-Level (3-5 yrs),6,Thailand (Bangkok),Local / Thailand,Python;SQL;Scikit-Learn;Statistics & Probability;Data Modeling;Business Acumen,70000,117000,93500,100000,121000,110500,2022-09-15,2022,9,Kaggle Data Science & AI Salaries (2020-2025) & U.S. BLS OEWS,Hugging Face Tech Job Postings Dataset,SOC 15-2051 (Data Scientists)
J00448,Microsoft,Tech,Statistics,Statistician,Mid-Level (3-5 yrs),3,US / Remote,North America,R;Statistics & Probability;SQL;Time Series Analysis;Critical Thinking;Business Acumen;Git & Version Control,78000,110000,94000,101000,132000,116500,2022-09-24,2022,9,Kaggle Data Science & AI Salaries (2020-2025) & U.S. BLS OEWS,Hugging Face Tech Job Postings Dataset,SOC 15-2041 (Statisticians)
J00449,Siemens AI Industry,Manufacturing,Artificial Intelligence,Computer Vision Specialist,Entry-Level (0-2 yrs),2,Germany,Europe,Python;PyTorch;Deep Learning;Docker & Containers;Algorithms;Storytelling with Data,45000,58000,51500,63000,81000,72000,2022-09-13,2022,9,Kaggle Data Science & AI Salaries (2020-2025) & U.S. BLS OEWS,Hugging Face Tech Job Postings Dataset,SOC 15-1221 (Computer and Information Research Scientists / AI)
J00450,Central Retail Digital,Retail & E-Commerce,Artificial Intelligence,Computer Vision Specialist,Entry-Level (0-2 yrs),8,Thailand (Bangkok),Local / Thailand,Python;PyTorch;Deep Learning;Docker & Containers;Algorithms;Git & Version Control,38000,63000,50500,56000,82000,69000,2022-09-21,2022,9,Kaggle Data Science & AI Salaries (2020-2025) & U.S. BLS OEWS,Hugging Face Tech Job Postings Dataset,SOC 15-1221 (Computer and Information Research Scientists / AI)
J00451,Grab,Tech,Artificial Intelligence,Machine Learning Engineer,Entry-Level (0-2 yrs),8,Singapore,Asia-Pacific,Python;TensorFlow;Scikit-Learn;MLOps;Cloud (AWS/GCP/Azure);Docker & Containers,44000,64000,54000,64000,79000,71500,2022-09-12,2022,9,Kaggle Data Science & AI Salaries (2020-2025) & U.S. BLS OEWS,Hugging Face Tech Job Postings Dataset,SOC 15-1221 (Computer and Information Research Scientists / AI)
J00452,Amazon Web Services (AWS),Tech,Artificial Intelligence,Generative AI Engineer,Mid-Level (3-5 yrs),4,Singapore,Asia-Pacific,Python;LLMs & GenAI;PyTorch;Cloud (AWS/GCP/Azure);Git & Version Control;Storytelling with Data,76000,121000,98500,92000,134000,113000,2022-09-06,2022,9,Kaggle Data Science & AI Salaries (2020-2025) & U.S. BLS OEWS,Hugging Face Tech Job Postings Dataset,SOC 15-1221 (Computer and Information Research Scientists / AI)
J00453,Deloitte Consulting AI Institute,Consulting,Data Science,Data Engineer,Entry-Level (0-2 yrs),7,Thailand (Bangkok),Local / Thailand,Python;SQL;Big Data (Spark/Hadoop);Airflow & ETL;Cloud (AWS/GCP/Azure);Docker & Containers;Storytelling with Data;Git & Version Control,47000,61000,54000,62000,81000,71500,2022-09-17,2022,9,Kaggle Data Science & AI Salaries (2020-2025) & U.S. BLS OEWS,Hugging Face Tech Job Postings Dataset,SOC 15-2051 (Data Scientists)
J00454,SCB 10X / SCBX,Finance & Banking,Data Science,Data Scientist,Mid-Level (3-5 yrs),1,Thailand (Bangkok),Local / Thailand,Python;SQL;Scikit-Learn;Statistics & Probability;Data Modeling;Business Acumen;Research & Experimentation,83000,119000,101000,87000,121000,104000,2022-09-14,2022,9,Kaggle Data Science & AI Salaries (2020-2025) & U.S. BLS OEWS,Hugging Face Tech Job Postings Dataset,SOC 15-2051 (Data Scientists)
J00455,Siemens AI Industry,Manufacturing,Artificial Intelligence,AI Engineer,Mid-Level (3-5 yrs),1,Germany,Europe,Python;PyTorch;Docker & Containers;MLOps;LLMs & GenAI;Cloud (AWS/GCP/Azure);Research & Experimentation,76000,120000,98000,92000,128000,110000,2022-10-09,2022,10,Kaggle Data Science & AI Salaries (2020-2025) & U.S. BLS OEWS,Hugging Face Tech Job Postings Dataset,SOC 15-1221 (Computer and Information Research Scientists / AI)
J00456,Siemens AI Industry,Manufacturing,Artificial Intelligence,Machine Learning Engineer,Mid-Level (3-5 yrs),1,Germany,Europe,Python;TensorFlow;Scikit-Learn;MLOps;Cloud (AWS/GCP/Azure);Docker & Containers,69000,123000,96000,88000,122000,105000,2022-10-23,2022,10,Kaggle Data Science & AI Salaries (2020-2025) & U.S. BLS OEWS,Hugging Face Tech Job Postings Dataset,SOC 15-1221 (Computer and Information Research Scientists / AI)
J00457,Bitkub Online,Finance & Banking,Data Science,Senior Data Scientist,Mid-Level (3-5 yrs),4,Thailand (Bangkok),Local / Thailand,Python;SQL;Machine Learning;Cloud (AWS/GCP/Azure);Storytelling with Data;Airflow & ETL;Research & Experimentation,80000,119000,99500,98000,126000,112000,2022-10-06,2022,10,Kaggle Data Science & AI Salaries (2020-2025) & U.S. BLS OEWS,Hugging Face Tech Job Postings Dataset,SOC 15-2051 (Data Scientists)
J00458,SCB 10X / SCBX,Finance & Banking,Statistics,Biostatistician,Entry-Level (0-2 yrs),3,Thailand (Bangkok),Local / Thailand,R;Statistics & Probability;Clinical Trials;Research & Experimentation;Data Modeling;Cross-functional Communication;Git & Version Control,42000,55000,48500,59000,72000,65500,2022-10-28,2022,10,Kaggle Data Science & AI Salaries (2020-2025) & U.S. BLS OEWS,Hugging Face Tech Job Postings Dataset,SOC 15-2041 (Statisticians)
J00459,Roche Bioinformatics,Healthcare,Statistics,Statistician,Entry-Level (0-2 yrs),7,Switzerland,Europe,R;Statistics & Probability;SQL;Time Series Analysis;Critical Thinking,44000,64000,54000,62000,82000,72000,2022-10-07,2022,10,Kaggle Data Science & AI Salaries (2020-2025) & U.S. BLS OEWS,Hugging Face Tech Job Postings Dataset,SOC 15-2041 (Statisticians)
J00460,Shopee,Retail & E-Commerce,Artificial Intelligence,AI Engineer,Mid-Level (3-5 yrs),2,Singapore,Asia-Pacific,Python;PyTorch;Docker & Containers;MLOps;LLMs & GenAI;Cloud (AWS/GCP/Azure);Git & Version Control,82000,114000,98000,96000,132000,114000,2022-10-26,2022,10,Kaggle Data Science & AI Salaries (2020-2025) & U.S. BLS OEWS,Hugging Face Tech Job Postings Dataset,SOC 15-1221 (Computer and Information Research Scientists / AI)
J00461,Meta AI,Tech,Artificial Intelligence,Generative AI Engineer,Entry-Level (0-2 yrs),9,US / Remote,North America,Python;LLMs & GenAI;PyTorch;Cloud (AWS/GCP/Azure);Git & Version Control;Cross-functional Communication,39000,59000,49000,56000,83000,69500,2022-10-16,2022,10,Kaggle Data Science & AI Salaries (2020-2025) & U.S. BLS OEWS,Hugging Face Tech Job Postings Dataset,SOC 15-1221 (Computer and Information Research Scientists / AI)
J00462,Microsoft,Tech,Artificial Intelligence,AI Engineer,Senior/Lead (5+ yrs),5,US / Remote,North America,Python;PyTorch;Docker & Containers;MLOps;LLMs & GenAI;Cloud (AWS/GCP/Azure),143000,214000,178500,169000,209000,189000,2022-10-28,2022,10,Kaggle Data Science & AI Salaries (2020-2025) & U.S. BLS OEWS,Hugging Face Tech Job Postings Dataset,SOC 15-1221 (Computer and Information Research Scientists / AI)
J00463,Deloitte Consulting AI Institute,Consulting,Data Science,Data Engineer,Senior/Lead (5+ yrs),6,Thailand (Bangkok),Local / Thailand,Python;SQL;Big Data (Spark/Hadoop);Airflow & ETL;Cloud (AWS/GCP/Azure);Docker & Containers;Git & Version Control,154000,230000,192000,173000,196000,184500,2022-10-24,2022,10,Kaggle Data Science & AI Salaries (2020-2025) & U.S. BLS OEWS,Hugging Face Tech Job Postings Dataset,SOC 15-2051 (Data Scientists)
J00464,Roche Bioinformatics,Healthcare,Statistics,Statistician,Entry-Level (0-2 yrs),2,Switzerland,Europe,R;Statistics & Probability;SQL;Time Series Analysis;Critical Thinking;Cross-functional Communication;Git & Version Control,43000,59000,51000,58000,73000,65500,2022-10-04,2022,10,Kaggle Data Science & AI Salaries (2020-2025) & U.S. BLS OEWS,Hugging Face Tech Job Postings Dataset,SOC 15-2041 (Statisticians)
J00465,Microsoft,Tech,Statistics,Biostatistician,Senior/Lead (5+ yrs),3,US / Remote,North America,R;Statistics & Probability;Clinical Trials;Research & Experimentation;Data Modeling,150000,219000,184500,149000,220000,184500,2022-10-17,2022,10,Kaggle Data Science & AI Salaries (2020-2025) & U.S. BLS OEWS,Hugging Face Tech Job Postings Dataset,SOC 15-2041 (Statisticians)
J00466,PTT Digital Solutions,Energy & Manufacturing,Statistics,Biostatistician,Senior/Lead (5+ yrs),3,Thailand (Bangkok),Local / Thailand,R;Statistics & Probability;Clinical Trials;Research & Experimentation;Data Modeling;Agile & Scrum;Git & Version Control,166000,234000,200000,165000,211000,188000,2022-10-14,2022,10,Kaggle Data Science & AI Salaries (2020-2025) & U.S. BLS OEWS,Hugging Face Tech Job Postings Dataset,SOC 15-2041 (Statisticians)
J00467,BDMS Health Network,Healthcare,Statistics,Statistician,Mid-Level (3-5 yrs),2,Thailand (Bangkok),Local / Thailand,R;Statistics & Probability;SQL;Time Series Analysis;Critical Thinking,78000,116000,97000,97000,133000,115000,2022-11-20,2022,11,Kaggle Data Science & AI Salaries (2020-2025) & U.S. BLS OEWS,Hugging Face Tech Job Postings Dataset,SOC 15-2041 (Statisticians)
J00468,Microsoft,Tech,Artificial Intelligence,Machine Learning Engineer,Mid-Level (3-5 yrs),4,US / Remote,North America,Python;TensorFlow;Scikit-Learn;MLOps;Cloud (AWS/GCP/Azure);Docker & Containers;Business Acumen;Git & Version Control,73000,114000,93500,85000,119000,102000,2022-11-06,2022,11,Kaggle Data Science & AI Salaries (2020-2025) & U.S. BLS OEWS,Hugging Face Tech Job Postings Dataset,SOC 15-1221 (Computer and Information Research Scientists / AI)
J00469,Amazon Web Services (AWS),Tech,Artificial Intelligence,AI Engineer,Senior/Lead (5+ yrs),3,Singapore,Asia-Pacific,Python;PyTorch;Docker & Containers;MLOps;LLMs & GenAI;Cloud (AWS/GCP/Azure),149000,226000,187500,148000,203000,175500,2022-11-12,2022,11,Kaggle Data Science & AI Salaries (2020-2025) & U.S. BLS OEWS,Hugging Face Tech Job Postings Dataset,SOC 15-1221 (Computer and Information Research Scientists / AI)
J00470,Kasikorn Business-Technology Group (KBTG),Finance & Banking,Statistics,Quantitative Risk Analyst,Entry-Level (0-2 yrs),4,Thailand (Bangkok),Local / Thailand,Python;R;Statistics & Probability;Linear Algebra & Calculus;Financial Modeling;Git & Version Control,46000,63000,54500,61000,73000,67000,2022-11-26,2022,11,Kaggle Data Science & AI Salaries (2020-2025) & U.S. BLS OEWS,Hugging Face Tech Job Postings Dataset,SOC 15-2041 (Statisticians)
J00471,Google Cloud,Tech,Artificial Intelligence,Machine Learning Engineer,Senior/Lead (5+ yrs),5,US / Remote,North America,Python;TensorFlow;Scikit-Learn;MLOps;Cloud (AWS/GCP/Azure);Docker & Containers;Problem Solving;Git & Version Control,155000,234000,194500,147000,214000,180500,2022-11-28,2022,11,Kaggle Data Science & AI Salaries (2020-2025) & U.S. BLS OEWS,Hugging Face Tech Job Postings Dataset,SOC 15-1221 (Computer and Information Research Scientists / AI)
J00472,True Digital Group,Telecom,Data Science,Senior Data Scientist,Entry-Level (0-2 yrs),6,Thailand (Bangkok),Local / Thailand,Python;SQL;Machine Learning;Cloud (AWS/GCP/Azure);Storytelling with Data;Airflow & ETL,44000,62000,53000,60000,83000,71500,2022-11-27,2022,11,Kaggle Data Science & AI Salaries (2020-2025) & U.S. BLS OEWS,Hugging Face Tech Job Postings Dataset,SOC 15-2051 (Data Scientists)
J00473,Grab,Tech,Artificial Intelligence,Machine Learning Engineer,Senior/Lead (5+ yrs),4,Singapore,Asia-Pacific,Python;TensorFlow;Scikit-Learn;MLOps;Cloud (AWS/GCP/Azure);Docker & Containers,167000,231000,199000,145000,224000,184500,2022-11-06,2022,11,Kaggle Data Science & AI Salaries (2020-2025) & U.S. BLS OEWS,Hugging Face Tech Job Postings Dataset,SOC 15-1221 (Computer and Information Research Scientists / AI)
J00474,SCB 10X / SCBX,Finance & Banking,Data Science,Data Scientist,Mid-Level (3-5 yrs),4,Thailand (Bangkok),Local / Thailand,Python;SQL;Scikit-Learn;Statistics & Probability;Data Modeling;Business Acumen,74000,123000,98500,87000,134000,110500,2022-11-26,2022,11,Kaggle Data Science & AI Salaries (2020-2025) & U.S. BLS OEWS,Hugging Face Tech Job Postings Dataset,SOC 15-2051 (Data Scientists)
J00475,Deloitte Consulting AI Institute,Consulting,Data Science,Data Engineer,Senior/Lead (5+ yrs),4,Thailand (Bangkok),Local / Thailand,Python;SQL;Big Data (Spark/Hadoop);Airflow & ETL;Cloud (AWS/GCP/Azure);Docker & Containers;Git & Version Control,167000,222000,194500,164000,228000,196000,2022-11-23,2022,11,Kaggle Data Science & AI Salaries (2020-2025) & U.S. BLS OEWS,Hugging Face Tech Job Postings Dataset,SOC 15-2051 (Data Scientists)
J00476,Amazon Web Services (AWS),Tech,Artificial Intelligence,Machine Learning Engineer,Entry-Level (0-2 yrs),7,Singapore,Asia-Pacific,Python;TensorFlow;Scikit-Learn;MLOps;Cloud (AWS/GCP/Azure);Docker & Containers;Git & Version Control,41000,62000,51500,59000,77000,68000,2022-11-05,2022,11,Kaggle Data Science & AI Salaries (2020-2025) & U.S. BLS OEWS,Hugging Face Tech Job Postings Dataset,SOC 15-1221 (Computer and Information Research Scientists / AI)
J00477,Siemens AI Industry,Manufacturing,Artificial Intelligence,AI Engineer,Senior/Lead (5+ yrs),6,Germany,Europe,Python;PyTorch;Docker & Containers;MLOps;LLMs & GenAI;Cloud (AWS/GCP/Azure);Agile & Scrum;Git & Version Control,161000,235000,198000,173000,209000,191000,2022-11-10,2022,11,Kaggle Data Science & AI Salaries (2020-2025) & U.S. BLS OEWS,Hugging Face Tech Job Postings Dataset,SOC 15-1221 (Computer and Information Research Scientists / AI)
J00478,Bumrungrad International Hospital,Healthcare,Data Science,Senior Data Scientist,Entry-Level (0-2 yrs),6,Thailand (Bangkok),Local / Thailand,Python;SQL;Machine Learning;Cloud (AWS/GCP/Azure);Storytelling with Data;Airflow & ETL;Storytelling with Data;Git & Version Control,46000,61000,53500,56000,77000,66500,2022-11-20,2022,11,Kaggle Data Science & AI Salaries (2020-2025) & U.S. BLS OEWS,Hugging Face Tech Job Postings Dataset,SOC 15-2051 (Data Scientists)
J00479,Google Cloud,Tech,Data Science,Senior Data Scientist,Senior/Lead (5+ yrs),6,US / Remote,North America,Python;SQL;Machine Learning;Cloud (AWS/GCP/Azure);Storytelling with Data;Airflow & ETL;Git & Version Control,148000,211000,179500,153000,196000,174500,2022-11-24,2022,11,Kaggle Data Science & AI Salaries (2020-2025) & U.S. BLS OEWS,Hugging Face Tech Job Postings Dataset,SOC 15-2051 (Data Scientists)
J00480,Grab,Tech,Statistics,Quantitative Risk Analyst,Senior/Lead (5+ yrs),3,Singapore,Asia-Pacific,Python;R;Statistics & Probability;Linear Algebra & Calculus;Financial Modeling;Critical Thinking,142000,222000,182000,154000,207000,180500,2022-11-26,2022,11,Kaggle Data Science & AI Salaries (2020-2025) & U.S. BLS OEWS,Hugging Face Tech Job Postings Dataset,SOC 15-2041 (Statisticians)
J00481,Meta AI,Tech,Statistics,Biostatistician,Entry-Level (0-2 yrs),6,US / Remote,North America,R;Statistics & Probability;Clinical Trials;Research & Experimentation;Data Modeling;Git & Version Control,44000,64000,54000,56000,73000,64500,2022-11-12,2022,11,Kaggle Data Science & AI Salaries (2020-2025) & U.S. BLS OEWS,Hugging Face Tech Job Postings Dataset,SOC 15-2041 (Statisticians)
J00482,Shopee,Retail & E-Commerce,Artificial Intelligence,AI Engineer,Mid-Level (3-5 yrs),1,Singapore,Asia-Pacific,Python;PyTorch;Docker & Containers;MLOps;LLMs & GenAI;Cloud (AWS/GCP/Azure);Git & Version Control,75000,121000,98000,85000,126000,105500,2022-11-19,2022,11,Kaggle Data Science & AI Salaries (2020-2025) & U.S. BLS OEWS,Hugging Face Tech Job Postings Dataset,SOC 15-1221 (Computer and Information Research Scientists / AI)
J00483,Meta AI,Tech,Statistics,Biostatistician,Entry-Level (0-2 yrs),6,US / Remote,North America,R;Statistics & Probability;Clinical Trials;Research & Experimentation;Data Modeling;Storytelling with Data;Git & Version Control,40000,62000,51000,62000,80000,71000,2022-12-04,2022,12,Kaggle Data Science & AI Salaries (2020-2025) & U.S. BLS OEWS,Hugging Face Tech Job Postings Dataset,SOC 15-2041 (Statisticians)
J00484,Bumrungrad International Hospital,Healthcare,Statistics,Quantitative Risk Analyst,Mid-Level (3-5 yrs),3,Thailand (Bangkok),Local / Thailand,Python;R;Statistics & Probability;Linear Algebra & Calculus;Financial Modeling,75000,113000,94000,92000,127000,109500,2022-12-05,2022,12,Kaggle Data Science & AI Salaries (2020-2025) & U.S. BLS OEWS,Hugging Face Tech Job Postings Dataset,SOC 15-2041 (Statisticians)
J00485,Microsoft,Tech,Artificial Intelligence,Generative AI Engineer,Mid-Level (3-5 yrs),3,US / Remote,North America,Python;LLMs & GenAI;PyTorch;Cloud (AWS/GCP/Azure);Git & Version Control;Storytelling with Data,79000,118000,98500,94000,135000,114500,2022-12-16,2022,12,Kaggle Data Science & AI Salaries (2020-2025) & U.S. BLS OEWS,Hugging Face Tech Job Postings Dataset,SOC 15-1221 (Computer and Information Research Scientists / AI)
J00486,Deloitte Consulting AI Institute,Consulting,Statistics,Statistician,Mid-Level (3-5 yrs),4,Thailand (Bangkok),Local / Thailand,R;Statistics & Probability;SQL;Time Series Analysis;Critical Thinking,80000,118000,99000,87000,129000,108000,2022-12-23,2022,12,Kaggle Data Science & AI Salaries (2020-2025) & U.S. BLS OEWS,Hugging Face Tech Job Postings Dataset,SOC 15-2041 (Statisticians)
J00487,Amazon Web Services (AWS),Tech,Statistics,Quantitative Risk Analyst,Entry-Level (0-2 yrs),5,Singapore,Asia-Pacific,Python;R;Statistics & Probability;Linear Algebra & Calculus;Financial Modeling;Critical Thinking;Git & Version Control,42000,55000,48500,56000,79000,67500,2022-12-14,2022,12,Kaggle Data Science & AI Salaries (2020-2025) & U.S. BLS OEWS,Hugging Face Tech Job Postings Dataset,SOC 15-2041 (Statisticians)
J00488,Shopee,Retail & E-Commerce,Artificial Intelligence,Machine Learning Engineer,Mid-Level (3-5 yrs),3,Singapore,Asia-Pacific,Python;TensorFlow;Scikit-Learn;MLOps;Cloud (AWS/GCP/Azure);Docker & Containers,68000,113000,90500,91000,139000,115000,2022-12-26,2022,12,Kaggle Data Science & AI Salaries (2020-2025) & U.S. BLS OEWS,Hugging Face Tech Job Postings Dataset,SOC 15-1221 (Computer and Information Research Scientists / AI)
J00489,Grab,Tech,Artificial Intelligence,Computer Vision Specialist,Mid-Level (3-5 yrs),4,Singapore,Asia-Pacific,Python;PyTorch;Deep Learning;Docker & Containers;Algorithms;Cross-functional Communication,68000,127000,97500,100000,123000,111500,2022-12-18,2022,12,Kaggle Data Science & AI Salaries (2020-2025) & U.S. BLS OEWS,Hugging Face Tech Job Postings Dataset,SOC 15-1221 (Computer and Information Research Scientists / AI)
J00490,BDMS Health Network,Healthcare,Artificial Intelligence,Machine Learning Engineer,Senior/Lead (5+ yrs),4,Thailand (Bangkok),Local / Thailand,Python;TensorFlow;Scikit-Learn;MLOps;Cloud (AWS/GCP/Azure);Docker & Containers;Git & Version Control,151000,215000,183000,158000,207000,182500,2022-12-27,2022,12,Kaggle Data Science & AI Salaries (2020-2025) & U.S. BLS OEWS,Hugging Face Tech Job Postings Dataset,SOC 15-1221 (Computer and Information Research Scientists / AI)
J00491,Roche Bioinformatics,Healthcare,Artificial Intelligence,Computer Vision Specialist,Mid-Level (3-5 yrs),5,Switzerland,Europe,Python;PyTorch;Deep Learning;Docker & Containers;Algorithms;Critical Thinking;Git & Version Control,78000,125000,101500,96000,122000,109000,2022-12-22,2022,12,Kaggle Data Science & AI Salaries (2020-2025) & U.S. BLS OEWS,Hugging Face Tech Job Postings Dataset,SOC 15-1221 (Computer and Information Research Scientists / AI)
J00492,Roche Bioinformatics,Healthcare,Data Science,Data Engineer,Mid-Level (3-5 yrs),4,Switzerland,Europe,Python;SQL;Big Data (Spark/Hadoop);Airflow & ETL;Cloud (AWS/GCP/Azure);Docker & Containers,73000,111000,92000,96000,128000,112000,2022-12-06,2022,12,Kaggle Data Science & AI Salaries (2020-2025) & U.S. BLS OEWS,Hugging Face Tech Job Postings Dataset,SOC 15-2051 (Data Scientists)
J00493,Agoda,Tech,Statistics,Biostatistician,Mid-Level (3-5 yrs),6,Thailand (Bangkok),Local / Thailand,R;Statistics & Probability;Clinical Trials;Research & Experimentation;Data Modeling;Storytelling with Data;Git & Version Control,73000,123000,98000,95000,120000,107500,2022-12-02,2022,12,Kaggle Data Science & AI Salaries (2020-2025) & U.S. BLS OEWS,Hugging Face Tech Job Postings Dataset,SOC 15-2041 (Statisticians)
J00494,Siemens AI Industry,Manufacturing,Statistics,Quantitative Risk Analyst,Entry-Level (0-2 yrs),9,Germany,Europe,Python;R;Statistics & Probability;Linear Algebra & Calculus;Financial Modeling;Business Acumen;Git & Version Control,42000,55000,48500,62000,79000,70500,2022-12-08,2022,12,Kaggle Data Science & AI Salaries (2020-2025) & U.S. BLS OEWS,Hugging Face Tech Job Postings Dataset,SOC 15-2041 (Statisticians)
J00495,Siemens AI Industry,Manufacturing,Statistics,Statistician,Entry-Level (0-2 yrs),7,Germany,Europe,R;Statistics & Probability;SQL;Time Series Analysis;Critical Thinking,41000,55000,48000,64000,72000,68000,2022-12-28,2022,12,Kaggle Data Science & AI Salaries (2020-2025) & U.S. BLS OEWS,Hugging Face Tech Job Postings Dataset,SOC 15-2041 (Statisticians)
J00496,Amazon Web Services (AWS),Tech,Data Science,Senior Data Scientist,Mid-Level (3-5 yrs),1,Singapore,Asia-Pacific,Python;SQL;Machine Learning;Cloud (AWS/GCP/Azure);Storytelling with Data;Airflow & ETL,69000,112000,90500,87000,122000,104500,2022-12-10,2022,12,Kaggle Data Science & AI Salaries (2020-2025) & U.S. BLS OEWS,Hugging Face Tech Job Postings Dataset,SOC 15-2051 (Data Scientists)
J00497,Line Man Wongnai,Tech,Artificial Intelligence,AI Engineer,Mid-Level (3-5 yrs),3,Thailand (Bangkok),Local / Thailand,Python;PyTorch;Docker & Containers;MLOps;LLMs & GenAI;Cloud (AWS/GCP/Azure);Git & Version Control,71000,124000,97500,90000,121000,105500,2023-01-09,2023,1,Kaggle Data Science & AI Salaries (2020-2025) & U.S. BLS OEWS,Hugging Face Tech Job Postings Dataset,SOC 15-1221 (Computer and Information Research Scientists / AI)
J00498,McKinsey & Company QuantumBlack,Consulting,Artificial Intelligence,Machine Learning Engineer,Entry-Level (0-2 yrs),5,Global / Remote,Global / Remote,Python;TensorFlow;Scikit-Learn;MLOps;Cloud (AWS/GCP/Azure);Docker & Containers,45000,60000,52500,60000,81000,70500,2023-01-15,2023,1,Kaggle Data Science & AI Salaries (2020-2025) & U.S. BLS OEWS,Hugging Face Tech Job Postings Dataset,SOC 15-1221 (Computer and Information Research Scientists / AI)
J00499,Meta AI,Tech,Data Science,Data Engineer,Entry-Level (0-2 yrs),2,US / Remote,North America,Python;SQL;Big Data (Spark/Hadoop);Airflow & ETL;Cloud (AWS/GCP/Azure);Docker & Containers;Agile & Scrum;Git & Version Control,41000,57000,49000,64000,75000,69500,2023-01-21,2023,1,Kaggle Data Science & AI Salaries (2020-2025) & U.S. BLS OEWS,Hugging Face Tech Job Postings Dataset,SOC 15-2051 (Data Scientists)
J00500,Grab,Tech,Data Science,Data Scientist,Mid-Level (3-5 yrs),4,Singapore,Asia-Pacific,Python;SQL;Scikit-Learn;Statistics & Probability;Data Modeling;Business Acumen;LLMs & GenAI;Git & Version Control,69000,122000,95500,88000,139000,113500,2023-01-18,2023,1,Kaggle Data Science & AI Salaries (2020-2025) & U.S. BLS OEWS,Hugging Face Tech Job Postings Dataset,SOC 15-2051 (Data Scientists)
J00501,Deloitte Consulting AI Institute,Consulting,Statistics,Quantitative Risk Analyst,Mid-Level (3-5 yrs),1,Thailand (Bangkok),Local / Thailand,Python;R;Statistics & Probability;Linear Algebra & Calculus;Financial Modeling,81000,129000,105000,95000,132000,113500,2023-01-16,2023,1,Kaggle Data Science & AI Salaries (2020-2025) & U.S. BLS OEWS,Hugging Face Tech Job Postings Dataset,SOC 15-2041 (Statisticians)
J00502,Central Retail Digital,Retail & E-Commerce,Statistics,Biostatistician,Entry-Level (0-2 yrs),8,Thailand (Bangkok),Local / Thailand,R;Statistics & Probability;Clinical Trials;Research & Experimentation;Data Modeling,47000,63000,55000,57000,82000,69500,2023-01-18,2023,1,Kaggle Data Science & AI Salaries (2020-2025) & U.S. BLS OEWS,Hugging Face Tech Job Postings Dataset,SOC 15-2041 (Statisticians)
J00503,Siemens AI Industry,Manufacturing,Artificial Intelligence,Machine Learning Engineer,Entry-Level (0-2 yrs),8,Germany,Europe,Python;TensorFlow;Scikit-Learn;MLOps;Cloud (AWS/GCP/Azure);Docker & Containers;Problem Solving;LLMs & GenAI;Git & Version Control,44000,63000,53500,62000,84000,73000,2023-01-11,2023,1,Kaggle Data Science & AI Salaries (2020-2025) & U.S. BLS OEWS,Hugging Face Tech Job Postings Dataset,SOC 15-1221 (Computer and Information Research Scientists / AI)
J00504,Bumrungrad International Hospital,Healthcare,Data Science,Data Scientist,Senior/Lead (5+ yrs),6,Thailand (Bangkok),Local / Thailand,Python;SQL;Scikit-Learn;Statistics & Probability;Data Modeling;Business Acumen;LLMs & GenAI,150000,212000,181000,173000,207000,190000,2023-01-23,2023,1,Kaggle Data Science & AI Salaries (2020-2025) & U.S. BLS OEWS,Hugging Face Tech Job Postings Dataset,SOC 15-2051 (Data Scientists)
J00505,Grab,Tech,Artificial Intelligence,AI Engineer,Mid-Level (3-5 yrs),1,Singapore,Asia-Pacific,Python;PyTorch;Docker & Containers;MLOps;LLMs & GenAI;Cloud (AWS/GCP/Azure);Research & Experimentation,83000,123000,103000,92000,137000,114500,2023-01-03,2023,1,Kaggle Data Science & AI Salaries (2020-2025) & U.S. BLS OEWS,Hugging Face Tech Job Postings Dataset,SOC 15-1221 (Computer and Information Research Scientists / AI)
J00506,SCB 10X / SCBX,Finance & Banking,Statistics,Quantitative Risk Analyst,Entry-Level (0-2 yrs),9,Thailand (Bangkok),Local / Thailand,Python;R;Statistics & Probability;Linear Algebra & Calculus;Financial Modeling,44000,58000,51000,63000,82000,72500,2023-01-25,2023,1,Kaggle Data Science & AI Salaries (2020-2025) & U.S. BLS OEWS,Hugging Face Tech Job Postings Dataset,SOC 15-2041 (Statisticians)
J00507,Agoda,Tech,Artificial Intelligence,Machine Learning Engineer,Mid-Level (3-5 yrs),2,Thailand (Bangkok),Local / Thailand,Python;TensorFlow;Scikit-Learn;MLOps;Cloud (AWS/GCP/Azure);Docker & Containers;Business Acumen;Git & Version Control,75000,114000,94500,85000,124000,104500,2023-01-21,2023,1,Kaggle Data Science & AI Salaries (2020-2025) & U.S. BLS OEWS,Hugging Face Tech Job Postings Dataset,SOC 15-1221 (Computer and Information Research Scientists / AI)
J00508,Bitkub Online,Finance & Banking,Artificial Intelligence,Generative AI Engineer,Entry-Level (0-2 yrs),9,Thailand (Bangkok),Local / Thailand,Python;LLMs & GenAI;PyTorch;Cloud (AWS/GCP/Azure);Git & Version Control;Critical Thinking,47000,55000,51000,60000,81000,70500,2023-01-07,2023,1,Kaggle Data Science & AI Salaries (2020-2025) & U.S. BLS OEWS,Hugging Face Tech Job Postings Dataset,SOC 15-1221 (Computer and Information Research Scientists / AI)
J00509,McKinsey & Company QuantumBlack,Consulting,Artificial Intelligence,Machine Learning Engineer,Senior/Lead (5+ yrs),5,Global / Remote,Global / Remote,Python;TensorFlow;Scikit-Learn;MLOps;Cloud (AWS/GCP/Azure);Docker & Containers;Storytelling with Data;LLMs & GenAI,151000,210000,180500,150000,220000,185000,2023-01-05,2023,1,Kaggle Data Science & AI Salaries (2020-2025) & U.S. BLS OEWS,Hugging Face Tech Job Postings Dataset,SOC 15-1221 (Computer and Information Research Scientists / AI)
J00510,SCB 10X / SCBX,Finance & Banking,Artificial Intelligence,Computer Vision Specialist,Entry-Level (0-2 yrs),5,Thailand (Bangkok),Local / Thailand,Python;PyTorch;Deep Learning;Docker & Containers;Algorithms;LLMs & GenAI;Git & Version Control,46000,62000,54000,58000,83000,70500,2023-02-20,2023,2,Kaggle Data Science & AI Salaries (2020-2025) & U.S. BLS OEWS,Hugging Face Tech Job Postings Dataset,SOC 15-1221 (Computer and Information Research Scientists / AI)
J00511,Central Retail Digital,Retail & E-Commerce,Statistics,Quantitative Risk Analyst,Senior/Lead (5+ yrs),1,Thailand (Bangkok),Local / Thailand,Python;R;Statistics & Probability;Linear Algebra & Calculus;Financial Modeling;Cross-functional Communication;Git & Version Control,166000,227000,196500,172000,197000,184500,2023-02-14,2023,2,Kaggle Data Science & AI Salaries (2020-2025) & U.S. BLS OEWS,Hugging Face Tech Job Postings Dataset,SOC 15-2041 (Statisticians)
J00512,Central Retail Digital,Retail & E-Commerce,Artificial Intelligence,Machine Learning Engineer,Mid-Level (3-5 yrs),4,Thailand (Bangkok),Local / Thailand,Python;TensorFlow;Scikit-Learn;MLOps;Cloud (AWS/GCP/Azure);Docker & Containers;LLMs & GenAI;Git & Version Control,76000,120000,98000,85000,134000,109500,2023-02-11,2023,2,Kaggle Data Science & AI Salaries (2020-2025) & U.S. BLS OEWS,Hugging Face Tech Job Postings Dataset,SOC 15-1221 (Computer and Information Research Scientists / AI)
J00513,Agoda,Tech,Data Science,Data Engineer,Entry-Level (0-2 yrs),3,Thailand (Bangkok),Local / Thailand,Python;SQL;Big Data (Spark/Hadoop);Airflow & ETL;Cloud (AWS/GCP/Azure);Docker & Containers;Critical Thinking;LLMs & GenAI,46000,63000,54500,65000,75000,70000,2023-02-11,2023,2,Kaggle Data Science & AI Salaries (2020-2025) & U.S. BLS OEWS,Hugging Face Tech Job Postings Dataset,SOC 15-2051 (Data Scientists)
J00514,Bitkub Online,Finance & Banking,Artificial Intelligence,Machine Learning Engineer,Mid-Level (3-5 yrs),1,Thailand (Bangkok),Local / Thailand,Python;TensorFlow;Scikit-Learn;MLOps;Cloud (AWS/GCP/Azure);Docker & Containers;Research & Experimentation,68000,118000,93000,85000,135000,110000,2023-02-08,2023,2,Kaggle Data Science & AI Salaries (2020-2025) & U.S. BLS OEWS,Hugging Face Tech Job Postings Dataset,SOC 15-1221 (Computer and Information Research Scientists / AI)
J00515,Bumrungrad International Hospital,Healthcare,Artificial Intelligence,AI Engineer,Senior/Lead (5+ yrs),5,Thailand (Bangkok),Local / Thailand,Python;PyTorch;Docker & Containers;MLOps;LLMs & GenAI;Cloud (AWS/GCP/Azure);Agile & Scrum,161000,237000,199000,167000,216000,191500,2023-02-04,2023,2,Kaggle Data Science & AI Salaries (2020-2025) & U.S. BLS OEWS,Hugging Face Tech Job Postings Dataset,SOC 15-1221 (Computer and Information Research Scientists / AI)
J00516,SCB 10X / SCBX,Finance & Banking,Artificial Intelligence,AI Engineer,Senior/Lead (5+ yrs),4,Thailand (Bangkok),Local / Thailand,Python;PyTorch;Docker & Containers;MLOps;LLMs & GenAI;Cloud (AWS/GCP/Azure);Cross-functional Communication,145000,234000,189500,146000,199000,172500,2023-02-20,2023,2,Kaggle Data Science & AI Salaries (2020-2025) & U.S. BLS OEWS,Hugging Face Tech Job Postings Dataset,SOC 15-1221 (Computer and Information Research Scientists / AI)
J00517,Deloitte Consulting AI Institute,Consulting,Artificial Intelligence,Machine Learning Engineer,Entry-Level (0-2 yrs),2,Thailand (Bangkok),Local / Thailand,Python;TensorFlow;Scikit-Learn;MLOps;Cloud (AWS/GCP/Azure);Docker & Containers;Problem Solving;LLMs & GenAI;Git & Version Control,43000,58000,50500,59000,73000,66000,2023-02-20,2023,2,Kaggle Data Science & AI Salaries (2020-2025) & U.S. BLS OEWS,Hugging Face Tech Job Postings Dataset,SOC 15-1221 (Computer and Information Research Scientists / AI)
J00518,Agoda,Tech,Statistics,Statistician,Mid-Level (3-5 yrs),4,Thailand (Bangkok),Local / Thailand,R;Statistics & Probability;SQL;Time Series Analysis;Critical Thinking;Cross-functional Communication;Git & Version Control,82000,122000,102000,90000,138000,114000,2023-02-19,2023,2,Kaggle Data Science & AI Salaries (2020-2025) & U.S. BLS OEWS,Hugging Face Tech Job Postings Dataset,SOC 15-2041 (Statisticians)
J00519,True Digital Group,Telecom,Artificial Intelligence,Machine Learning Engineer,Entry-Level (0-2 yrs),3,Thailand (Bangkok),Local / Thailand,Python;TensorFlow;Scikit-Learn;MLOps;Cloud (AWS/GCP/Azure);Docker & Containers;Business Acumen;LLMs & GenAI;Git & Version Control,43000,63000,53000,64000,73000,68500,2023-02-15,2023,2,Kaggle Data Science & AI Salaries (2020-2025) & U.S. BLS OEWS,Hugging Face Tech Job Postings Dataset,SOC 15-1221 (Computer and Information Research Scientists / AI)
J00520,Line Man Wongnai,Tech,Artificial Intelligence,Generative AI Engineer,Entry-Level (0-2 yrs),2,Thailand (Bangkok),Local / Thailand,Python;LLMs & GenAI;PyTorch;Cloud (AWS/GCP/Azure);Git & Version Control;Business Acumen,38000,58000,48000,59000,84000,71500,2023-02-19,2023,2,Kaggle Data Science & AI Salaries (2020-2025) & U.S. BLS OEWS,Hugging Face Tech Job Postings Dataset,SOC 15-1221 (Computer and Information Research Scientists / AI)
J00521,Meta AI,Tech,Artificial Intelligence,Computer Vision Specialist,Entry-Level (0-2 yrs),6,US / Remote,North America,Python;PyTorch;Deep Learning;Docker & Containers;Algorithms;Problem Solving;Git & Version Control,43000,58000,50500,65000,78000,71500,2023-02-27,2023,2,Kaggle Data Science & AI Salaries (2020-2025) & U.S. BLS OEWS,Hugging Face Tech Job Postings Dataset,SOC 15-1221 (Computer and Information Research Scientists / AI)
J00522,Meta AI,Tech,Artificial Intelligence,AI Engineer,Mid-Level (3-5 yrs),2,US / Remote,North America,Python;PyTorch;Docker & Containers;MLOps;LLMs & GenAI;Cloud (AWS/GCP/Azure),84000,122000,103000,88000,120000,104000,2023-02-23,2023,2,Kaggle Data Science & AI Salaries (2020-2025) & U.S. BLS OEWS,Hugging Face Tech Job Postings Dataset,SOC 15-1221 (Computer and Information Research Scientists / AI)
J00523,Google Cloud,Tech,Statistics,Biostatistician,Mid-Level (3-5 yrs),5,US / Remote,North America,R;Statistics & Probability;Clinical Trials;Research & Experimentation;Data Modeling;Git & Version Control,77000,117000,97000,90000,125000,107500,2023-02-02,2023,2,Kaggle Data Science & AI Salaries (2020-2025) & U.S. BLS OEWS,Hugging Face Tech Job Postings Dataset,SOC 15-2041 (Statisticians)
J00524,Microsoft,Tech,Artificial Intelligence,Generative AI Engineer,Senior/Lead (5+ yrs),6,US / Remote,North America,Python;LLMs & GenAI;PyTorch;Cloud (AWS/GCP/Azure);Git & Version Control;Research & Experimentation,142000,212000,177000,163000,203000,183000,2023-02-11,2023,2,Kaggle Data Science & AI Salaries (2020-2025) & U.S. BLS OEWS,Hugging Face Tech Job Postings Dataset,SOC 15-1221 (Computer and Information Research Scientists / AI)
J00525,McKinsey & Company QuantumBlack,Consulting,Artificial Intelligence,Generative AI Engineer,Mid-Level (3-5 yrs),1,Global / Remote,Global / Remote,Python;LLMs & GenAI;PyTorch;Cloud (AWS/GCP/Azure);Git & Version Control,74000,111000,92500,85000,121000,103000,2023-03-07,2023,3,Kaggle Data Science & AI Salaries (2020-2025) & U.S. BLS OEWS,Hugging Face Tech Job Postings Dataset,SOC 15-1221 (Computer and Information Research Scientists / AI)
J00526,Siemens AI Industry,Manufacturing,Data Science,Senior Data Scientist,Entry-Level (0-2 yrs),2,Germany,Europe,Python;SQL;Machine Learning;Cloud (AWS/GCP/Azure);Storytelling with Data;Airflow & ETL;LLMs & GenAI,39000,58000,48500,57000,75000,66000,2023-03-07,2023,3,Kaggle Data Science & AI Salaries (2020-2025) & U.S. BLS OEWS,Hugging Face Tech Job Postings Dataset,SOC 15-2051 (Data Scientists)
J00527,Agoda,Tech,Artificial Intelligence,Computer Vision Specialist,Senior/Lead (5+ yrs),1,Thailand (Bangkok),Local / Thailand,Python;PyTorch;Deep Learning;Docker & Containers;Algorithms;LLMs & GenAI,135000,228000,181500,155000,222000,188500,2023-03-08,2023,3,Kaggle Data Science & AI Salaries (2020-2025) & U.S. BLS OEWS,Hugging Face Tech Job Postings Dataset,SOC 15-1221 (Computer and Information Research Scientists / AI)
J00528,BDMS Health Network,Healthcare,Data Science,Senior Data Scientist,Mid-Level (3-5 yrs),5,Thailand (Bangkok),Local / Thailand,Python;SQL;Machine Learning;Cloud (AWS/GCP/Azure);Storytelling with Data;Airflow & ETL;Git & Version Control,84000,129000,106500,99000,137000,118000,2023-03-26,2023,3,Kaggle Data Science & AI Salaries (2020-2025) & U.S. BLS OEWS,Hugging Face Tech Job Postings Dataset,SOC 15-2051 (Data Scientists)
J00529,True Digital Group,Telecom,Artificial Intelligence,Generative AI Engineer,Mid-Level (3-5 yrs),6,Thailand (Bangkok),Local / Thailand,Python;LLMs & GenAI;PyTorch;Cloud (AWS/GCP/Azure);Git & Version Control,74000,122000,98000,101000,124000,112500,2023-03-20,2023,3,Kaggle Data Science & AI Salaries (2020-2025) & U.S. BLS OEWS,Hugging Face Tech Job Postings Dataset,SOC 15-1221 (Computer and Information Research Scientists / AI)
J00530,Siemens AI Industry,Manufacturing,Artificial Intelligence,Generative AI Engineer,Senior/Lead (5+ yrs),3,Germany,Europe,Python;LLMs & GenAI;PyTorch;Cloud (AWS/GCP/Azure);Git & Version Control;Research & Experimentation,161000,215000,188000,146000,222000,184000,2023-03-17,2023,3,Kaggle Data Science & AI Salaries (2020-2025) & U.S. BLS OEWS,Hugging Face Tech Job Postings Dataset,SOC 15-1221 (Computer and Information Research Scientists / AI)
J00531,Siemens AI Industry,Manufacturing,Statistics,Statistician,Entry-Level (0-2 yrs),3,Germany,Europe,R;Statistics & Probability;SQL;Time Series Analysis;Critical Thinking;Git & Version Control,45000,62000,53500,61000,74000,67500,2023-03-25,2023,3,Kaggle Data Science & AI Salaries (2020-2025) & U.S. BLS OEWS,Hugging Face Tech Job Postings Dataset,SOC 15-2041 (Statisticians)
J00532,Amazon Web Services (AWS),Tech,Data Science,Senior Data Scientist,Mid-Level (3-5 yrs),4,Singapore,Asia-Pacific,Python;SQL;Machine Learning;Cloud (AWS/GCP/Azure);Storytelling with Data;Airflow & ETL;Cross-functional Communication,71000,124000,97500,93000,129000,111000,2023-03-26,2023,3,Kaggle Data Science & AI Salaries (2020-2025) & U.S. BLS OEWS,Hugging Face Tech Job Postings Dataset,SOC 15-2051 (Data Scientists)
J00533,Siemens AI Industry,Manufacturing,Artificial Intelligence,AI Engineer,Entry-Level (0-2 yrs),5,Germany,Europe,Python;PyTorch;Docker & Containers;MLOps;LLMs & GenAI;Cloud (AWS/GCP/Azure),42000,57000,49500,57000,77000,67000,2023-03-27,2023,3,Kaggle Data Science & AI Salaries (2020-2025) & U.S. BLS OEWS,Hugging Face Tech Job Postings Dataset,SOC 15-1221 (Computer and Information Research Scientists / AI)
J00534,BDMS Health Network,Healthcare,Data Science,Data Scientist,Mid-Level (3-5 yrs),2,Thailand (Bangkok),Local / Thailand,Python;SQL;Scikit-Learn;Statistics & Probability;Data Modeling;Business Acumen;LLMs & GenAI,80000,116000,98000,93000,123000,108000,2023-03-15,2023,3,Kaggle Data Science & AI Salaries (2020-2025) & U.S. BLS OEWS,Hugging Face Tech Job Postings Dataset,SOC 15-2051 (Data Scientists)
J00535,Google Cloud,Tech,Data Science,Data Engineer,Mid-Level (3-5 yrs),4,US / Remote,North America,Python;SQL;Big Data (Spark/Hadoop);Airflow & ETL;Cloud (AWS/GCP/Azure);Docker & Containers;Business Acumen;LLMs & GenAI,73000,117000,95000,88000,123000,105500,2023-03-17,2023,3,Kaggle Data Science & AI Salaries (2020-2025) & U.S. BLS OEWS,Hugging Face Tech Job Postings Dataset,SOC 15-2051 (Data Scientists)
J00536,Amazon Web Services (AWS),Tech,Statistics,Quantitative Risk Analyst,Mid-Level (3-5 yrs),3,Singapore,Asia-Pacific,Python;R;Statistics & Probability;Linear Algebra & Calculus;Financial Modeling,83000,112000,97500,86000,119000,102500,2023-03-11,2023,3,Kaggle Data Science & AI Salaries (2020-2025) & U.S. BLS OEWS,Hugging Face Tech Job Postings Dataset,SOC 15-2041 (Statisticians)
J00537,Central Retail Digital,Retail & E-Commerce,Data Science,Data Scientist,Mid-Level (3-5 yrs),6,Thailand (Bangkok),Local / Thailand,Python;SQL;Scikit-Learn;Statistics & Probability;Data Modeling;Business Acumen;Agile & Scrum;LLMs & GenAI;Git & Version Control,82000,114000,98000,95000,121000,108000,2023-03-01,2023,3,Kaggle Data Science & AI Salaries (2020-2025) & U.S. BLS OEWS,Hugging Face Tech Job Postings Dataset,SOC 15-2051 (Data Scientists)
J00538,Bitkub Online,Finance & Banking,Data Science,Data Scientist,Senior/Lead (5+ yrs),4,Thailand (Bangkok),Local / Thailand,Python;SQL;Scikit-Learn;Statistics & Probability;Data Modeling;Business Acumen;Research & Experimentation;LLMs & GenAI;Git & Version Control,166000,233000,199500,166000,195000,180500,2023-03-08,2023,3,Kaggle Data Science & AI Salaries (2020-2025) & U.S. BLS OEWS,Hugging Face Tech Job Postings Dataset,SOC 15-2051 (Data Scientists)
J00539,PTT Digital Solutions,Energy & Manufacturing,Artificial Intelligence,Generative AI Engineer,Mid-Level (3-5 yrs),5,Thailand (Bangkok),Local / Thailand,Python;LLMs & GenAI;PyTorch;Cloud (AWS/GCP/Azure);Git & Version Control,77000,121000,99000,92000,136000,114000,2023-03-03,2023,3,Kaggle Data Science & AI Salaries (2020-2025) & U.S. BLS OEWS,Hugging Face Tech Job Postings Dataset,SOC 15-1221 (Computer and Information Research Scientists / AI)
J00540,Bumrungrad International Hospital,Healthcare,Artificial Intelligence,Generative AI Engineer,Mid-Level (3-5 yrs),6,Thailand (Bangkok),Local / Thailand,Python;LLMs & GenAI;PyTorch;Cloud (AWS/GCP/Azure);Git & Version Control,75000,119000,97000,99000,119000,109000,2023-03-28,2023,3,Kaggle Data Science & AI Salaries (2020-2025) & U.S. BLS OEWS,Hugging Face Tech Job Postings Dataset,SOC 15-1221 (Computer and Information Research Scientists / AI)
J00541,Bitkub Online,Finance & Banking,Artificial Intelligence,AI Engineer,Mid-Level (3-5 yrs),6,Thailand (Bangkok),Local / Thailand,Python;PyTorch;Docker & Containers;MLOps;LLMs & GenAI;Cloud (AWS/GCP/Azure);Git & Version Control,82000,117000,99500,92000,133000,112500,2023-04-18,2023,4,Kaggle Data Science & AI Salaries (2020-2025) & U.S. BLS OEWS,Hugging Face Tech Job Postings Dataset,SOC 15-1221 (Computer and Information Research Scientists / AI)
J00542,Bitkub Online,Finance & Banking,Data Science,Senior Data Scientist,Mid-Level (3-5 yrs),5,Thailand (Bangkok),Local / Thailand,Python;SQL;Machine Learning;Cloud (AWS/GCP/Azure);Storytelling with Data;Airflow & ETL;LLMs & GenAI;Git & Version Control,81000,128000,104500,87000,139000,113000,2023-04-20,2023,4,Kaggle Data Science & AI Salaries (2020-2025) & U.S. BLS OEWS,Hugging Face Tech Job Postings Dataset,SOC 15-2051 (Data Scientists)
J00543,Siemens AI Industry,Manufacturing,Data Science,Data Engineer,Senior/Lead (5+ yrs),2,Germany,Europe,Python;SQL;Big Data (Spark/Hadoop);Airflow & ETL;Cloud (AWS/GCP/Azure);Docker & Containers;LLMs & GenAI;Git & Version Control,167000,206000,186500,156000,211000,183500,2023-04-10,2023,4,Kaggle Data Science & AI Salaries (2020-2025) & U.S. BLS OEWS,Hugging Face Tech Job Postings Dataset,SOC 15-2051 (Data Scientists)
J00544,SCB 10X / SCBX,Finance & Banking,Artificial Intelligence,Computer Vision Specialist,Entry-Level (0-2 yrs),4,Thailand (Bangkok),Local / Thailand,Python;PyTorch;Deep Learning;Docker & Containers;Algorithms;LLMs & GenAI,38000,61000,49500,60000,74000,67000,2023-04-08,2023,4,Kaggle Data Science & AI Salaries (2020-2025) & U.S. BLS OEWS,Hugging Face Tech Job Postings Dataset,SOC 15-1221 (Computer and Information Research Scientists / AI)
J00545,Bitkub Online,Finance & Banking,Statistics,Quantitative Risk Analyst,Entry-Level (0-2 yrs),2,Thailand (Bangkok),Local / Thailand,Python;R;Statistics & Probability;Linear Algebra & Calculus;Financial Modeling;Git & Version Control,41000,55000,48000,58000,83000,70500,2023-04-05,2023,4,Kaggle Data Science & AI Salaries (2020-2025) & U.S. BLS OEWS,Hugging Face Tech Job Postings Dataset,SOC 15-2041 (Statisticians)
J00546,Meta AI,Tech,Data Science,Data Engineer,Mid-Level (3-5 yrs),1,US / Remote,North America,Python;SQL;Big Data (Spark/Hadoop);Airflow & ETL;Cloud (AWS/GCP/Azure);Docker & Containers;LLMs & GenAI;Git & Version Control,74000,128000,101000,88000,137000,112500,2023-04-06,2023,4,Kaggle Data Science & AI Salaries (2020-2025) & U.S. BLS OEWS,Hugging Face Tech Job Postings Dataset,SOC 15-2051 (Data Scientists)
J00547,Roche Bioinformatics,Healthcare,Statistics,Biostatistician,Senior/Lead (5+ yrs),5,Switzerland,Europe,R;Statistics & Probability;Clinical Trials;Research & Experimentation;Data Modeling;Cross-functional Communication,141000,229000,185000,158000,202000,180000,2023-04-13,2023,4,Kaggle Data Science & AI Salaries (2020-2025) & U.S. BLS OEWS,Hugging Face Tech Job Postings Dataset,SOC 15-2041 (Statisticians)
J00548,Roche Bioinformatics,Healthcare,Artificial Intelligence,Generative AI Engineer,Mid-Level (3-5 yrs),5,Switzerland,Europe,Python;LLMs & GenAI;PyTorch;Cloud (AWS/GCP/Azure);Git & Version Control,82000,119000,100500,94000,134000,114000,2023-04-15,2023,4,Kaggle Data Science & AI Salaries (2020-2025) & U.S. BLS OEWS,Hugging Face Tech Job Postings Dataset,SOC 15-1221 (Computer and Information Research Scientists / AI)
J00549,BDMS Health Network,Healthcare,Data Science,Data Scientist,Mid-Level (3-5 yrs),2,Thailand (Bangkok),Local / Thailand,Python;SQL;Scikit-Learn;Statistics & Probability;Data Modeling;Business Acumen;LLMs & GenAI;Git & Version Control,75000,114000,94500,95000,128000,111500,2023-04-04,2023,4,Kaggle Data Science & AI Salaries (2020-2025) & U.S. BLS OEWS,Hugging Face Tech Job Postings Dataset,SOC 15-2051 (Data Scientists)
J00550,McKinsey & Company QuantumBlack,Consulting,Artificial Intelligence,AI Engineer,Entry-Level (0-2 yrs),4,Global / Remote,Global / Remote,Python;PyTorch;Docker & Containers;MLOps;LLMs & GenAI;Cloud (AWS/GCP/Azure);Agile & Scrum;Git & Version Control,40000,61000,50500,58000,83000,70500,2023-04-16,2023,4,Kaggle Data Science & AI Salaries (2020-2025) & U.S. BLS OEWS,Hugging Face Tech Job Postings Dataset,SOC 15-1221 (Computer and Information Research Scientists / AI)
J00551,Deloitte Consulting AI Institute,Consulting,Statistics,Quantitative Risk Analyst,Entry-Level (0-2 yrs),7,Thailand (Bangkok),Local / Thailand,Python;R;Statistics & Probability;Linear Algebra & Calculus;Financial Modeling,38000,56000,47000,63000,76000,69500,2023-04-17,2023,4,Kaggle Data Science & AI Salaries (2020-2025) & U.S. BLS OEWS,Hugging Face Tech Job Postings Dataset,SOC 15-2041 (Statisticians)
J00552,Google Cloud,Tech,Artificial Intelligence,AI Engineer,Entry-Level (0-2 yrs),9,US / Remote,North America,Python;PyTorch;Docker & Containers;MLOps;LLMs & GenAI;Cloud (AWS/GCP/Azure),41000,62000,51500,64000,77000,70500,2023-05-05,2023,5,Kaggle Data Science & AI Salaries (2020-2025) & U.S. BLS OEWS,Hugging Face Tech Job Postings Dataset,SOC 15-1221 (Computer and Information Research Scientists / AI)
J00553,Bumrungrad International Hospital,Healthcare,Statistics,Statistician,Mid-Level (3-5 yrs),1,Thailand (Bangkok),Local / Thailand,R;Statistics & Probability;SQL;Time Series Analysis;Critical Thinking,69000,123000,96000,97000,128000,112500,2023-05-06,2023,5,Kaggle Data Science & AI Salaries (2020-2025) & U.S. BLS OEWS,Hugging Face Tech Job Postings Dataset,SOC 15-2041 (Statisticians)
J00554,Line Man Wongnai,Tech,Artificial Intelligence,AI Engineer,Mid-Level (3-5 yrs),2,Thailand (Bangkok),Local / Thailand,Python;PyTorch;Docker & Containers;MLOps;LLMs & GenAI;Cloud (AWS/GCP/Azure);Agile & Scrum,73000,120000,96500,91000,120000,105500,2023-05-15,2023,5,Kaggle Data Science & AI Salaries (2020-2025) & U.S. BLS OEWS,Hugging Face Tech Job Postings Dataset,SOC 15-1221 (Computer and Information Research Scientists / AI)
J00555,BDMS Health Network,Healthcare,Artificial Intelligence,Computer Vision Specialist,Entry-Level (0-2 yrs),2,Thailand (Bangkok),Local / Thailand,Python;PyTorch;Deep Learning;Docker & Containers;Algorithms;Storytelling with Data;LLMs & GenAI;Git & Version Control,46000,60000,53000,59000,72000,65500,2023-05-04,2023,5,Kaggle Data Science & AI Salaries (2020-2025) & U.S. BLS OEWS,Hugging Face Tech Job Postings Dataset,SOC 15-1221 (Computer and Information Research Scientists / AI)
J00556,McKinsey & Company QuantumBlack,Consulting,Data Science,Data Scientist,Mid-Level (3-5 yrs),5,Global / Remote,Global / Remote,Python;SQL;Scikit-Learn;Statistics & Probability;Data Modeling;Business Acumen,68000,125000,96500,98000,138000,118000,2023-05-14,2023,5,Kaggle Data Science & AI Salaries (2020-2025) & U.S. BLS OEWS,Hugging Face Tech Job Postings Dataset,SOC 15-2051 (Data Scientists)
J00557,Agoda,Tech,Artificial Intelligence,AI Engineer,Entry-Level (0-2 yrs),5,Thailand (Bangkok),Local / Thailand,Python;PyTorch;Docker & Containers;MLOps;LLMs & GenAI;Cloud (AWS/GCP/Azure);Agile & Scrum,44000,55000,49500,65000,73000,69000,2023-05-06,2023,5,Kaggle Data Science & AI Salaries (2020-2025) & U.S. BLS OEWS,Hugging Face Tech Job Postings Dataset,SOC 15-1221 (Computer and Information Research Scientists / AI)
J00558,Kasikorn Business-Technology Group (KBTG),Finance & Banking,Data Science,Data Engineer,Mid-Level (3-5 yrs),3,Thailand (Bangkok),Local / Thailand,Python;SQL;Big Data (Spark/Hadoop);Airflow & ETL;Cloud (AWS/GCP/Azure);Docker & Containers;LLMs & GenAI,73000,122000,97500,95000,138000,116500,2023-05-04,2023,5,Kaggle Data Science & AI Salaries (2020-2025) & U.S. BLS OEWS,Hugging Face Tech Job Postings Dataset,SOC 15-2051 (Data Scientists)
J00559,BDMS Health Network,Healthcare,Data Science,Senior Data Scientist,Entry-Level (0-2 yrs),8,Thailand (Bangkok),Local / Thailand,Python;SQL;Machine Learning;Cloud (AWS/GCP/Azure);Storytelling with Data;Airflow & ETL;Business Acumen;LLMs & GenAI,44000,55000,49500,57000,75000,66000,2023-05-03,2023,5,Kaggle Data Science & AI Salaries (2020-2025) & U.S. BLS OEWS,Hugging Face Tech Job Postings Dataset,SOC 15-2051 (Data Scientists)
J00560,True Digital Group,Telecom,Data Science,Data Engineer,Entry-Level (0-2 yrs),9,Thailand (Bangkok),Local / Thailand,Python;SQL;Big Data (Spark/Hadoop);Airflow & ETL;Cloud (AWS/GCP/Azure);Docker & Containers;Problem Solving,47000,56000,51500,60000,84000,72000,2023-05-11,2023,5,Kaggle Data Science & AI Salaries (2020-2025) & U.S. BLS OEWS,Hugging Face Tech Job Postings Dataset,SOC 15-2051 (Data Scientists)
J00561,McKinsey & Company QuantumBlack,Consulting,Artificial Intelligence,Computer Vision Specialist,Entry-Level (0-2 yrs),7,Global / Remote,Global / Remote,Python;PyTorch;Deep Learning;Docker & Containers;Algorithms;Cross-functional Communication;Git & Version Control,47000,61000,54000,55000,72000,63500,2023-05-08,2023,5,Kaggle Data Science & AI Salaries (2020-2025) & U.S. BLS OEWS,Hugging Face Tech Job Postings Dataset,SOC 15-1221 (Computer and Information Research Scientists / AI)
J00562,Siemens AI Industry,Manufacturing,Artificial Intelligence,AI Engineer,Entry-Level (0-2 yrs),3,Germany,Europe,Python;PyTorch;Docker & Containers;MLOps;LLMs & GenAI;Cloud (AWS/GCP/Azure),40000,62000,51000,63000,80000,71500,2023-06-10,2023,6,Kaggle Data Science & AI Salaries (2020-2025) & U.S. BLS OEWS,Hugging Face Tech Job Postings Dataset,SOC 15-1221 (Computer and Information Research Scientists / AI)
J00563,True Digital Group,Telecom,Artificial Intelligence,Computer Vision Specialist,Mid-Level (3-5 yrs),6,Thailand (Bangkok),Local / Thailand,Python;PyTorch;Deep Learning;Docker & Containers;Algorithms;Business Acumen,68000,128000,98000,95000,138000,116500,2023-06-26,2023,6,Kaggle Data Science & AI Salaries (2020-2025) & U.S. BLS OEWS,Hugging Face Tech Job Postings Dataset,SOC 15-1221 (Computer and Information Research Scientists / AI)
J00564,Kasikorn Business-Technology Group (KBTG),Finance & Banking,Statistics,Quantitative Risk Analyst,Mid-Level (3-5 yrs),4,Thailand (Bangkok),Local / Thailand,Python;R;Statistics & Probability;Linear Algebra & Calculus;Financial Modeling,79000,116000,97500,85000,136000,110500,2023-06-18,2023,6,Kaggle Data Science & AI Salaries (2020-2025) & U.S. BLS OEWS,Hugging Face Tech Job Postings Dataset,SOC 15-2041 (Statisticians)
J00565,Kasikorn Business-Technology Group (KBTG),Finance & Banking,Artificial Intelligence,Generative AI Engineer,Senior/Lead (5+ yrs),6,Thailand (Bangkok),Local / Thailand,Python;LLMs & GenAI;PyTorch;Cloud (AWS/GCP/Azure);Git & Version Control,159000,225000,192000,156000,206000,181000,2023-06-01,2023,6,Kaggle Data Science & AI Salaries (2020-2025) & U.S. BLS OEWS,Hugging Face Tech Job Postings Dataset,SOC 15-1221 (Computer and Information Research Scientists / AI)
J00566,SCB 10X / SCBX,Finance & Banking,Statistics,Statistician,Entry-Level (0-2 yrs),5,Thailand (Bangkok),Local / Thailand,R;Statistics & Probability;SQL;Time Series Analysis;Critical Thinking;Git & Version Control,38000,64000,51000,65000,73000,69000,2023-06-26,2023,6,Kaggle Data Science & AI Salaries (2020-2025) & U.S. BLS OEWS,Hugging Face Tech Job Postings Dataset,SOC 15-2041 (Statisticians)
J00567,True Digital Group,Telecom,Artificial Intelligence,Generative AI Engineer,Mid-Level (3-5 yrs),4,Thailand (Bangkok),Local / Thailand,Python;LLMs & GenAI;PyTorch;Cloud (AWS/GCP/Azure);Git & Version Control,80000,116000,98000,97000,124000,110500,2023-06-08,2023,6,Kaggle Data Science & AI Salaries (2020-2025) & U.S. BLS OEWS,Hugging Face Tech Job Postings Dataset,SOC 15-1221 (Computer and Information Research Scientists / AI)
J00568,Bitkub Online,Finance & Banking,Data Science,Data Scientist,Mid-Level (3-5 yrs),6,Thailand (Bangkok),Local / Thailand,Python;SQL;Scikit-Learn;Statistics & Probability;Data Modeling;Business Acumen,71000,127000,99000,93000,138000,115500,2023-06-14,2023,6,Kaggle Data Science & AI Salaries (2020-2025) & U.S. BLS OEWS,Hugging Face Tech Job Postings Dataset,SOC 15-2051 (Data Scientists)
J00569,Amazon Web Services (AWS),Tech,Statistics,Biostatistician,Mid-Level (3-5 yrs),2,Singapore,Asia-Pacific,R;Statistics & Probability;Clinical Trials;Research & Experimentation;Data Modeling;Research & Experimentation;Git & Version Control,81000,125000,103000,85000,127000,106000,2023-06-10,2023,6,Kaggle Data Science & AI Salaries (2020-2025) & U.S. BLS OEWS,Hugging Face Tech Job Postings Dataset,SOC 15-2041 (Statisticians)
J00570,Roche Bioinformatics,Healthcare,Statistics,Quantitative Risk Analyst,Entry-Level (0-2 yrs),4,Switzerland,Europe,Python;R;Statistics & Probability;Linear Algebra & Calculus;Financial Modeling;Critical Thinking,40000,59000,49500,59000,77000,68000,2023-06-23,2023,6,Kaggle Data Science & AI Salaries (2020-2025) & U.S. BLS OEWS,Hugging Face Tech Job Postings Dataset,SOC 15-2041 (Statisticians)
J00571,Microsoft,Tech,Artificial Intelligence,Generative AI Engineer,Entry-Level (0-2 yrs),5,US / Remote,North America,Python;LLMs & GenAI;PyTorch;Cloud (AWS/GCP/Azure);Git & Version Control,38000,63000,50500,63000,77000,70000,2023-06-14,2023,6,Kaggle Data Science & AI Salaries (2020-2025) & U.S. BLS OEWS,Hugging Face Tech Job Postings Dataset,SOC 15-1221 (Computer and Information Research Scientists / AI)
J00572,McKinsey & Company QuantumBlack,Consulting,Data Science,Senior Data Scientist,Mid-Level (3-5 yrs),3,Global / Remote,Global / Remote,Python;SQL;Machine Learning;Cloud (AWS/GCP/Azure);Storytelling with Data;Airflow & ETL;Cross-functional Communication;LLMs & GenAI,78000,121000,99500,91000,119000,105000,2023-06-25,2023,6,Kaggle Data Science & AI Salaries (2020-2025) & U.S. BLS OEWS,Hugging Face Tech Job Postings Dataset,SOC 15-2051 (Data Scientists)
J00573,Deloitte Consulting AI Institute,Consulting,Data Science,Data Scientist,Mid-Level (3-5 yrs),6,Thailand (Bangkok),Local / Thailand,Python;SQL;Scikit-Learn;Statistics & Probability;Data Modeling;Business Acumen,73000,124000,98500,95000,126000,110500,2023-06-08,2023,6,Kaggle Data Science & AI Salaries (2020-2025) & U.S. BLS OEWS,Hugging Face Tech Job Postings Dataset,SOC 15-2051 (Data Scientists)
J00574,PTT Digital Solutions,Energy & Manufacturing,Statistics,Statistician,Entry-Level (0-2 yrs),7,Thailand (Bangkok),Local / Thailand,R;Statistics & Probability;SQL;Time Series Analysis;Critical Thinking,43000,61000,52000,62000,80000,71000,2023-06-22,2023,6,Kaggle Data Science & AI Salaries (2020-2025) & U.S. BLS OEWS,Hugging Face Tech Job Postings Dataset,SOC 15-2041 (Statisticians)
J00575,Grab,Tech,Data Science,Data Scientist,Entry-Level (0-2 yrs),4,Singapore,Asia-Pacific,Python;SQL;Scikit-Learn;Statistics & Probability;Data Modeling;Business Acumen;LLMs & GenAI;Git & Version Control,38000,62000,50000,62000,83000,72500,2023-06-17,2023,6,Kaggle Data Science & AI Salaries (2020-2025) & U.S. BLS OEWS,Hugging Face Tech Job Postings Dataset,SOC 15-2051 (Data Scientists)
J00576,Deloitte Consulting AI Institute,Consulting,Artificial Intelligence,Computer Vision Specialist,Senior/Lead (5+ yrs),3,Thailand (Bangkok),Local / Thailand,Python;PyTorch;Deep Learning;Docker & Containers;Algorithms;Agile & Scrum;LLMs & GenAI;Git & Version Control,158000,222000,190000,160000,226000,193000,2023-07-24,2023,7,Kaggle Data Science & AI Salaries (2020-2025) & U.S. BLS OEWS,Hugging Face Tech Job Postings Dataset,SOC 15-1221 (Computer and Information Research Scientists / AI)
J00577,SCB 10X / SCBX,Finance & Banking,Artificial Intelligence,Machine Learning Engineer,Mid-Level (3-5 yrs),3,Thailand (Bangkok),Local / Thailand,Python;TensorFlow;Scikit-Learn;MLOps;Cloud (AWS/GCP/Azure);Docker & Containers;Critical Thinking;LLMs & GenAI;Git & Version Control,81000,115000,98000,88000,134000,111000,2023-07-01,2023,7,Kaggle Data Science & AI Salaries (2020-2025) & U.S. BLS OEWS,Hugging Face Tech Job Postings Dataset,SOC 15-1221 (Computer and Information Research Scientists / AI)
J00578,Shopee,Retail & E-Commerce,Artificial Intelligence,Machine Learning Engineer,Mid-Level (3-5 yrs),4,Singapore,Asia-Pacific,Python;TensorFlow;Scikit-Learn;MLOps;Cloud (AWS/GCP/Azure);Docker & Containers;LLMs & GenAI,76000,123000,99500,97000,122000,109500,2023-07-06,2023,7,Kaggle Data Science & AI Salaries (2020-2025) & U.S. BLS OEWS,Hugging Face Tech Job Postings Dataset,SOC 15-1221 (Computer and Information Research Scientists / AI)
J00579,Amazon Web Services (AWS),Tech,Artificial Intelligence,Machine Learning Engineer,Mid-Level (3-5 yrs),2,Singapore,Asia-Pacific,Python;TensorFlow;Scikit-Learn;MLOps;Cloud (AWS/GCP/Azure);Docker & Containers;LLMs & GenAI,71000,111000,91000,88000,134000,111000,2023-07-21,2023,7,Kaggle Data Science & AI Salaries (2020-2025) & U.S. BLS OEWS,Hugging Face Tech Job Postings Dataset,SOC 15-1221 (Computer and Information Research Scientists / AI)
J00580,Roche Bioinformatics,Healthcare,Artificial Intelligence,Machine Learning Engineer,Senior/Lead (5+ yrs),2,Switzerland,Europe,Python;TensorFlow;Scikit-Learn;MLOps;Cloud (AWS/GCP/Azure);Docker & Containers,137000,207000,172000,148000,197000,172500,2023-07-25,2023,7,Kaggle Data Science & AI Salaries (2020-2025) & U.S. BLS OEWS,Hugging Face Tech Job Postings Dataset,SOC 15-1221 (Computer and Information Research Scientists / AI)
J00581,Shopee,Retail & E-Commerce,Artificial Intelligence,AI Engineer,Entry-Level (0-2 yrs),2,Singapore,Asia-Pacific,Python;PyTorch;Docker & Containers;MLOps;LLMs & GenAI;Cloud (AWS/GCP/Azure);Cross-functional Communication;Git & Version Control,44000,62000,53000,55000,74000,64500,2023-07-25,2023,7,Kaggle Data Science & AI Salaries (2020-2025) & U.S. BLS OEWS,Hugging Face Tech Job Postings Dataset,SOC 15-1221 (Computer and Information Research Scientists / AI)
J00582,Central Retail Digital,Retail & E-Commerce,Statistics,Statistician,Mid-Level (3-5 yrs),3,Thailand (Bangkok),Local / Thailand,R;Statistics & Probability;SQL;Time Series Analysis;Critical Thinking,78000,117000,97500,96000,126000,111000,2023-07-12,2023,7,Kaggle Data Science & AI Salaries (2020-2025) & U.S. BLS OEWS,Hugging Face Tech Job Postings Dataset,SOC 15-2041 (Statisticians)
J00583,McKinsey & Company QuantumBlack,Consulting,Data Science,Data Engineer,Mid-Level (3-5 yrs),3,Global / Remote,Global / Remote,Python;SQL;Big Data (Spark/Hadoop);Airflow & ETL;Cloud (AWS/GCP/Azure);Docker & Containers;LLMs & GenAI;Git & Version Control,82000,126000,104000,85000,137000,111000,2023-07-01,2023,7,Kaggle Data Science & AI Salaries (2020-2025) & U.S. BLS OEWS,Hugging Face Tech Job Postings Dataset,SOC 15-2051 (Data Scientists)
J00584,Roche Bioinformatics,Healthcare,Artificial Intelligence,Machine Learning Engineer,Senior/Lead (5+ yrs),3,Switzerland,Europe,Python;TensorFlow;Scikit-Learn;MLOps;Cloud (AWS/GCP/Azure);Docker & Containers;Research & Experimentation;LLMs & GenAI,167000,231000,199000,152000,211000,181500,2023-07-07,2023,7,Kaggle Data Science & AI Salaries (2020-2025) & U.S. BLS OEWS,Hugging Face Tech Job Postings Dataset,SOC 15-1221 (Computer and Information Research Scientists / AI)
J00585,Agoda,Tech,Data Science,Senior Data Scientist,Entry-Level (0-2 yrs),7,Thailand (Bangkok),Local / Thailand,Python;SQL;Machine Learning;Cloud (AWS/GCP/Azure);Storytelling with Data;Airflow & ETL;LLMs & GenAI;Git & Version Control,46000,64000,55000,63000,80000,71500,2023-07-26,2023,7,Kaggle Data Science & AI Salaries (2020-2025) & U.S. BLS OEWS,Hugging Face Tech Job Postings Dataset,SOC 15-2051 (Data Scientists)
J00586,SCB 10X / SCBX,Finance & Banking,Data Science,Senior Data Scientist,Mid-Level (3-5 yrs),4,Thailand (Bangkok),Local / Thailand,Python;SQL;Machine Learning;Cloud (AWS/GCP/Azure);Storytelling with Data;Airflow & ETL,84000,127000,105500,100000,134000,117000,2023-07-17,2023,7,Kaggle Data Science & AI Salaries (2020-2025) & U.S. BLS OEWS,Hugging Face Tech Job Postings Dataset,SOC 15-2051 (Data Scientists)
J00587,Amazon Web Services (AWS),Tech,Artificial Intelligence,AI Engineer,Entry-Level (0-2 yrs),3,Singapore,Asia-Pacific,Python;PyTorch;Docker & Containers;MLOps;LLMs & GenAI;Cloud (AWS/GCP/Azure),40000,61000,50500,61000,83000,72000,2023-08-04,2023,8,Kaggle Data Science & AI Salaries (2020-2025) & U.S. BLS OEWS,Hugging Face Tech Job Postings Dataset,SOC 15-1221 (Computer and Information Research Scientists / AI)
J00588,Microsoft,Tech,Statistics,Quantitative Risk Analyst,Entry-Level (0-2 yrs),5,US / Remote,North America,Python;R;Statistics & Probability;Linear Algebra & Calculus;Financial Modeling;Critical Thinking,39000,64000,51500,62000,73000,67500,2023-08-11,2023,8,Kaggle Data Science & AI Salaries (2020-2025) & U.S. BLS OEWS,Hugging Face Tech Job Postings Dataset,SOC 15-2041 (Statisticians)
J00589,McKinsey & Company QuantumBlack,Consulting,Data Science,Data Scientist,Entry-Level (0-2 yrs),6,Global / Remote,Global / Remote,Python;SQL;Scikit-Learn;Statistics & Probability;Data Modeling;Business Acumen;Agile & Scrum;LLMs & GenAI,44000,64000,54000,62000,80000,71000,2023-08-23,2023,8,Kaggle Data Science & AI Salaries (2020-2025) & U.S. BLS OEWS,Hugging Face Tech Job Postings Dataset,SOC 15-2051 (Data Scientists)
J00590,Bumrungrad International Hospital,Healthcare,Artificial Intelligence,Generative AI Engineer,Senior/Lead (5+ yrs),5,Thailand (Bangkok),Local / Thailand,Python;LLMs & GenAI;PyTorch;Cloud (AWS/GCP/Azure);Git & Version Control;Agile & Scrum,137000,216000,176500,171000,221000,196000,2023-08-21,2023,8,Kaggle Data Science & AI Salaries (2020-2025) & U.S. BLS OEWS,Hugging Face Tech Job Postings Dataset,SOC 15-1221 (Computer and Information Research Scientists / AI)
J00591,Meta AI,Tech,Data Science,Data Engineer,Senior/Lead (5+ yrs),2,US / Remote,North America,Python;SQL;Big Data (Spark/Hadoop);Airflow & ETL;Cloud (AWS/GCP/Azure);Docker & Containers;Problem Solving;LLMs & GenAI,143000,214000,178500,148000,207000,177500,2023-08-12,2023,8,Kaggle Data Science & AI Salaries (2020-2025) & U.S. BLS OEWS,Hugging Face Tech Job Postings Dataset,SOC 15-2051 (Data Scientists)
J00592,Grab,Tech,Data Science,Senior Data Scientist,Senior/Lead (5+ yrs),5,Singapore,Asia-Pacific,Python;SQL;Machine Learning;Cloud (AWS/GCP/Azure);Storytelling with Data;Airflow & ETL;LLMs & GenAI;Git & Version Control,159000,215000,187000,162000,202000,182000,2023-08-26,2023,8,Kaggle Data Science & AI Salaries (2020-2025) & U.S. BLS OEWS,Hugging Face Tech Job Postings Dataset,SOC 15-2051 (Data Scientists)
J00593,Grab,Tech,Statistics,Quantitative Risk Analyst,Mid-Level (3-5 yrs),5,Singapore,Asia-Pacific,Python;R;Statistics & Probability;Linear Algebra & Calculus;Financial Modeling;Git & Version Control,71000,118000,94500,94000,128000,111000,2023-08-27,2023,8,Kaggle Data Science & AI Salaries (2020-2025) & U.S. BLS OEWS,Hugging Face Tech Job Postings Dataset,SOC 15-2041 (Statisticians)
J00594,PTT Digital Solutions,Energy & Manufacturing,Statistics,Statistician,Mid-Level (3-5 yrs),2,Thailand (Bangkok),Local / Thailand,R;Statistics & Probability;SQL;Time Series Analysis;Critical Thinking;Storytelling with Data,78000,113000,95500,96000,135000,115500,2023-08-17,2023,8,Kaggle Data Science & AI Salaries (2020-2025) & U.S. BLS OEWS,Hugging Face Tech Job Postings Dataset,SOC 15-2041 (Statisticians)
J00595,Shopee,Retail & E-Commerce,Data Science,Data Scientist,Senior/Lead (5+ yrs),6,Singapore,Asia-Pacific,Python;SQL;Scikit-Learn;Statistics & Probability;Data Modeling;Business Acumen;Critical Thinking;LLMs & GenAI,154000,226000,190000,151000,205000,178000,2023-08-27,2023,8,Kaggle Data Science & AI Salaries (2020-2025) & U.S. BLS OEWS,Hugging Face Tech Job Postings Dataset,SOC 15-2051 (Data Scientists)
J00596,True Digital Group,Telecom,Artificial Intelligence,Generative AI Engineer,Mid-Level (3-5 yrs),1,Thailand (Bangkok),Local / Thailand,Python;LLMs & GenAI;PyTorch;Cloud (AWS/GCP/Azure);Git & Version Control,83000,125000,104000,99000,134000,116500,2023-08-27,2023,8,Kaggle Data Science & AI Salaries (2020-2025) & U.S. BLS OEWS,Hugging Face Tech Job Postings Dataset,SOC 15-1221 (Computer and Information Research Scientists / AI)
J00597,Line Man Wongnai,Tech,Artificial Intelligence,AI Engineer,Mid-Level (3-5 yrs),3,Thailand (Bangkok),Local / Thailand,Python;PyTorch;Docker & Containers;MLOps;LLMs & GenAI;Cloud (AWS/GCP/Azure);Git & Version Control,75000,119000,97000,90000,127000,108500,2023-08-10,2023,8,Kaggle Data Science & AI Salaries (2020-2025) & U.S. BLS OEWS,Hugging Face Tech Job Postings Dataset,SOC 15-1221 (Computer and Information Research Scientists / AI)
J00598,True Digital Group,Telecom,Statistics,Quantitative Risk Analyst,Mid-Level (3-5 yrs),2,Thailand (Bangkok),Local / Thailand,Python;R;Statistics & Probability;Linear Algebra & Calculus;Financial Modeling;Business Acumen,73000,125000,99000,99000,120000,109500,2023-08-06,2023,8,Kaggle Data Science & AI Salaries (2020-2025) & U.S. BLS OEWS,Hugging Face Tech Job Postings Dataset,SOC 15-2041 (Statisticians)
J00599,Siemens AI Industry,Manufacturing,Artificial Intelligence,Computer Vision Specialist,Mid-Level (3-5 yrs),4,Germany,Europe,Python;PyTorch;Deep Learning;Docker & Containers;Algorithms;Critical Thinking;Git & Version Control,72000,113000,92500,88000,134000,111000,2023-08-04,2023,8,Kaggle Data Science & AI Salaries (2020-2025) & U.S. BLS OEWS,Hugging Face Tech Job Postings Dataset,SOC 15-1221 (Computer and Information Research Scientists / AI)
J00600,Grab,Tech,Data Science,Data Engineer,Senior/Lead (5+ yrs),4,Singapore,Asia-Pacific,Python;SQL;Big Data (Spark/Hadoop);Airflow & ETL;Cloud (AWS/GCP/Azure);Docker & Containers;LLMs & GenAI,157000,210000,183500,146000,207000,176500,2023-08-17,2023,8,Kaggle Data Science & AI Salaries (2020-2025) & U.S. BLS OEWS,Hugging Face Tech Job Postings Dataset,SOC 15-2051 (Data Scientists)
J00601,Bumrungrad International Hospital,Healthcare,Statistics,Biostatistician,Mid-Level (3-5 yrs),2,Thailand (Bangkok),Local / Thailand,R;Statistics & Probability;Clinical Trials;Research & Experimentation;Data Modeling;Git & Version Control,78000,118000,98000,85000,124000,104500,2023-09-06,2023,9,Kaggle Data Science & AI Salaries (2020-2025) & U.S. BLS OEWS,Hugging Face Tech Job Postings Dataset,SOC 15-2041 (Statisticians)
J00602,McKinsey & Company QuantumBlack,Consulting,Artificial Intelligence,Machine Learning Engineer,Mid-Level (3-5 yrs),6,Global / Remote,Global / Remote,Python;TensorFlow;Scikit-Learn;MLOps;Cloud (AWS/GCP/Azure);Docker & Containers;Git & Version Control,74000,122000,98000,92000,119000,105500,2023-09-17,2023,9,Kaggle Data Science & AI Salaries (2020-2025) & U.S. BLS OEWS,Hugging Face Tech Job Postings Dataset,SOC 15-1221 (Computer and Information Research Scientists / AI)
J00603,PTT Digital Solutions,Energy & Manufacturing,Artificial Intelligence,AI Engineer,Mid-Level (3-5 yrs),5,Thailand (Bangkok),Local / Thailand,Python;PyTorch;Docker & Containers;MLOps;LLMs & GenAI;Cloud (AWS/GCP/Azure);Git & Version Control,76000,124000,100000,86000,131000,108500,2023-09-23,2023,9,Kaggle Data Science & AI Salaries (2020-2025) & U.S. BLS OEWS,Hugging Face Tech Job Postings Dataset,SOC 15-1221 (Computer and Information Research Scientists / AI)
J00604,Deloitte Consulting AI Institute,Consulting,Data Science,Data Scientist,Mid-Level (3-5 yrs),1,Thailand (Bangkok),Local / Thailand,Python;SQL;Scikit-Learn;Statistics & Probability;Data Modeling;Business Acumen;LLMs & GenAI,73000,124000,98500,99000,130000,114500,2023-09-27,2023,9,Kaggle Data Science & AI Salaries (2020-2025) & U.S. BLS OEWS,Hugging Face Tech Job Postings Dataset,SOC 15-2051 (Data Scientists)
J00605,Meta AI,Tech,Statistics,Quantitative Risk Analyst,Mid-Level (3-5 yrs),5,US / Remote,North America,Python;R;Statistics & Probability;Linear Algebra & Calculus;Financial Modeling;Problem Solving;Git & Version Control,82000,121000,101500,98000,132000,115000,2023-09-04,2023,9,Kaggle Data Science & AI Salaries (2020-2025) & U.S. BLS OEWS,Hugging Face Tech Job Postings Dataset,SOC 15-2041 (Statisticians)
J00606,Line Man Wongnai,Tech,Statistics,Biostatistician,Mid-Level (3-5 yrs),1,Thailand (Bangkok),Local / Thailand,R;Statistics & Probability;Clinical Trials;Research & Experimentation;Data Modeling,77000,126000,101500,87000,121000,104000,2023-09-18,2023,9,Kaggle Data Science & AI Salaries (2020-2025) & U.S. BLS OEWS,Hugging Face Tech Job Postings Dataset,SOC 15-2041 (Statisticians)
J00607,Central Retail Digital,Retail & E-Commerce,Artificial Intelligence,AI Engineer,Entry-Level (0-2 yrs),3,Thailand (Bangkok),Local / Thailand,Python;PyTorch;Docker & Containers;MLOps;LLMs & GenAI;Cloud (AWS/GCP/Azure);Critical Thinking,42000,58000,50000,60000,77000,68500,2023-09-02,2023,9,Kaggle Data Science & AI Salaries (2020-2025) & U.S. BLS OEWS,Hugging Face Tech Job Postings Dataset,SOC 15-1221 (Computer and Information Research Scientists / AI)
J00608,Amazon Web Services (AWS),Tech,Data Science,Data Scientist,Mid-Level (3-5 yrs),4,Singapore,Asia-Pacific,Python;SQL;Scikit-Learn;Statistics & Probability;Data Modeling;Business Acumen;Storytelling with Data;LLMs & GenAI,70000,120000,95000,90000,138000,114000,2023-09-04,2023,9,Kaggle Data Science & AI Salaries (2020-2025) & U.S. BLS OEWS,Hugging Face Tech Job Postings Dataset,SOC 15-2051 (Data Scientists)
J00609,Kasikorn Business-Technology Group (KBTG),Finance & Banking,Artificial Intelligence,Generative AI Engineer,Entry-Level (0-2 yrs),4,Thailand (Bangkok),Local / Thailand,Python;LLMs & GenAI;PyTorch;Cloud (AWS/GCP/Azure);Git & Version Control,40000,63000,51500,65000,79000,72000,2023-09-12,2023,9,Kaggle Data Science & AI Salaries (2020-2025) & U.S. BLS OEWS,Hugging Face Tech Job Postings Dataset,SOC 15-1221 (Computer and Information Research Scientists / AI)
J00610,Central Retail Digital,Retail & E-Commerce,Artificial Intelligence,Computer Vision Specialist,Mid-Level (3-5 yrs),4,Thailand (Bangkok),Local / Thailand,Python;PyTorch;Deep Learning;Docker & Containers;Algorithms,69000,115000,92000,91000,137000,114000,2023-09-14,2023,9,Kaggle Data Science & AI Salaries (2020-2025) & U.S. BLS OEWS,Hugging Face Tech Job Postings Dataset,SOC 15-1221 (Computer and Information Research Scientists / AI)
J00611,Grab,Tech,Statistics,Quantitative Risk Analyst,Entry-Level (0-2 yrs),6,Singapore,Asia-Pacific,Python;R;Statistics & Probability;Linear Algebra & Calculus;Financial Modeling;Research & Experimentation;Git & Version Control,47000,62000,54500,57000,76000,66500,2023-09-06,2023,9,Kaggle Data Science & AI Salaries (2020-2025) & U.S. BLS OEWS,Hugging Face Tech Job Postings Dataset,SOC 15-2041 (Statisticians)
J00612,Deloitte Consulting AI Institute,Consulting,Artificial Intelligence,Computer Vision Specialist,Entry-Level (0-2 yrs),8,Thailand (Bangkok),Local / Thailand,Python;PyTorch;Deep Learning;Docker & Containers;Algorithms;Agile & Scrum;LLMs & GenAI,41000,64000,52500,57000,75000,66000,2023-09-21,2023,9,Kaggle Data Science & AI Salaries (2020-2025) & U.S. BLS OEWS,Hugging Face Tech Job Postings Dataset,SOC 15-1221 (Computer and Information Research Scientists / AI)
J00613,SCB 10X / SCBX,Finance & Banking,Data Science,Senior Data Scientist,Senior/Lead (5+ yrs),3,Thailand (Bangkok),Local / Thailand,Python;SQL;Machine Learning;Cloud (AWS/GCP/Azure);Storytelling with Data;Airflow & ETL;Problem Solving,139000,232000,185500,152000,198000,175000,2023-09-04,2023,9,Kaggle Data Science & AI Salaries (2020-2025) & U.S. BLS OEWS,Hugging Face Tech Job Postings Dataset,SOC 15-2051 (Data Scientists)
J00614,Line Man Wongnai,Tech,Statistics,Quantitative Risk Analyst,Mid-Level (3-5 yrs),3,Thailand (Bangkok),Local / Thailand,Python;R;Statistics & Probability;Linear Algebra & Calculus;Financial Modeling;Business Acumen;Git & Version Control,78000,126000,102000,86000,126000,106000,2023-09-20,2023,9,Kaggle Data Science & AI Salaries (2020-2025) & U.S. BLS OEWS,Hugging Face Tech Job Postings Dataset,SOC 15-2041 (Statisticians)
J00615,Shopee,Retail & E-Commerce,Artificial Intelligence,AI Engineer,Entry-Level (0-2 yrs),8,Singapore,Asia-Pacific,Python;PyTorch;Docker & Containers;MLOps;LLMs & GenAI;Cloud (AWS/GCP/Azure);Research & Experimentation,39000,63000,51000,62000,82000,72000,2023-09-19,2023,9,Kaggle Data Science & AI Salaries (2020-2025) & U.S. BLS OEWS,Hugging Face Tech Job Postings Dataset,SOC 15-1221 (Computer and Information Research Scientists / AI)
J00616,Central Retail Digital,Retail & E-Commerce,Artificial Intelligence,AI Engineer,Mid-Level (3-5 yrs),6,Thailand (Bangkok),Local / Thailand,Python;PyTorch;Docker & Containers;MLOps;LLMs & GenAI;Cloud (AWS/GCP/Azure);Git & Version Control,70000,112000,91000,91000,134000,112500,2023-10-12,2023,10,Kaggle Data Science & AI Salaries (2020-2025) & U.S. BLS OEWS,Hugging Face Tech Job Postings Dataset,SOC 15-1221 (Computer and Information Research Scientists / AI)
J00617,PTT Digital Solutions,Energy & Manufacturing,Statistics,Biostatistician,Mid-Level (3-5 yrs),4,Thailand (Bangkok),Local / Thailand,R;Statistics & Probability;Clinical Trials;Research & Experimentation;Data Modeling,71000,129000,100000,98000,129000,113500,2023-10-23,2023,10,Kaggle Data Science & AI Salaries (2020-2025) & U.S. BLS OEWS,Hugging Face Tech Job Postings Dataset,SOC 15-2041 (Statisticians)
J00618,PTT Digital Solutions,Energy & Manufacturing,Data Science,Data Scientist,Mid-Level (3-5 yrs),1,Thailand (Bangkok),Local / Thailand,Python;SQL;Scikit-Learn;Statistics & Probability;Data Modeling;Business Acumen;LLMs & GenAI;Git & Version Control,84000,118000,101000,90000,120000,105000,2023-10-06,2023,10,Kaggle Data Science & AI Salaries (2020-2025) & U.S. BLS OEWS,Hugging Face Tech Job Postings Dataset,SOC 15-2051 (Data Scientists)
J00619,Siemens AI Industry,Manufacturing,Artificial Intelligence,AI Engineer,Entry-Level (0-2 yrs),6,Germany,Europe,Python;PyTorch;Docker & Containers;MLOps;LLMs & GenAI;Cloud (AWS/GCP/Azure);Git & Version Control,43000,60000,51500,64000,84000,74000,2023-10-24,2023,10,Kaggle Data Science & AI Salaries (2020-2025) & U.S. BLS OEWS,Hugging Face Tech Job Postings Dataset,SOC 15-1221 (Computer and Information Research Scientists / AI)
J00620,Grab,Tech,Statistics,Statistician,Mid-Level (3-5 yrs),6,Singapore,Asia-Pacific,R;Statistics & Probability;SQL;Time Series Analysis;Critical Thinking;Research & Experimentation;Git & Version Control,84000,127000,105500,96000,127000,111500,2023-10-23,2023,10,Kaggle Data Science & AI Salaries (2020-2025) & U.S. BLS OEWS,Hugging Face Tech Job Postings Dataset,SOC 15-2041 (Statisticians)
J00621,Deloitte Consulting AI Institute,Consulting,Statistics,Quantitative Risk Analyst,Mid-Level (3-5 yrs),2,Thailand (Bangkok),Local / Thailand,Python;R;Statistics & Probability;Linear Algebra & Calculus;Financial Modeling;Agile & Scrum;Git & Version Control,84000,123000,103500,100000,139000,119500,2023-10-20,2023,10,Kaggle Data Science & AI Salaries (2020-2025) & U.S. BLS OEWS,Hugging Face Tech Job Postings Dataset,SOC 15-2041 (Statisticians)
J00622,Google Cloud,Tech,Artificial Intelligence,Computer Vision Specialist,Mid-Level (3-5 yrs),5,US / Remote,North America,Python;PyTorch;Deep Learning;Docker & Containers;Algorithms,83000,113000,98000,91000,121000,106000,2023-10-06,2023,10,Kaggle Data Science & AI Salaries (2020-2025) & U.S. BLS OEWS,Hugging Face Tech Job Postings Dataset,SOC 15-1221 (Computer and Information Research Scientists / AI)
J00623,BDMS Health Network,Healthcare,Artificial Intelligence,Machine Learning Engineer,Entry-Level (0-2 yrs),5,Thailand (Bangkok),Local / Thailand,Python;TensorFlow;Scikit-Learn;MLOps;Cloud (AWS/GCP/Azure);Docker & Containers,45000,63000,54000,64000,75000,69500,2023-10-21,2023,10,Kaggle Data Science & AI Salaries (2020-2025) & U.S. BLS OEWS,Hugging Face Tech Job Postings Dataset,SOC 15-1221 (Computer and Information Research Scientists / AI)
J00624,Siemens AI Industry,Manufacturing,Data Science,Data Engineer,Entry-Level (0-2 yrs),6,Germany,Europe,Python;SQL;Big Data (Spark/Hadoop);Airflow & ETL;Cloud (AWS/GCP/Azure);Docker & Containers;Storytelling with Data;LLMs & GenAI,46000,64000,55000,60000,83000,71500,2023-10-01,2023,10,Kaggle Data Science & AI Salaries (2020-2025) & U.S. BLS OEWS,Hugging Face Tech Job Postings Dataset,SOC 15-2051 (Data Scientists)
J00625,Roche Bioinformatics,Healthcare,Statistics,Statistician,Entry-Level (0-2 yrs),7,Switzerland,Europe,R;Statistics & Probability;SQL;Time Series Analysis;Critical Thinking,39000,58000,48500,62000,77000,69500,2023-10-07,2023,10,Kaggle Data Science & AI Salaries (2020-2025) & U.S. BLS OEWS,Hugging Face Tech Job Postings Dataset,SOC 15-2041 (Statisticians)
J00626,SCB 10X / SCBX,Finance & Banking,Statistics,Quantitative Risk Analyst,Mid-Level (3-5 yrs),2,Thailand (Bangkok),Local / Thailand,Python;R;Statistics & Probability;Linear Algebra & Calculus;Financial Modeling,74000,128000,101000,85000,135000,110000,2023-10-12,2023,10,Kaggle Data Science & AI Salaries (2020-2025) & U.S. BLS OEWS,Hugging Face Tech Job Postings Dataset,SOC 15-2041 (Statisticians)
J00627,BDMS Health Network,Healthcare,Data Science,Data Engineer,Senior/Lead (5+ yrs),5,Thailand (Bangkok),Local / Thailand,Python;SQL;Big Data (Spark/Hadoop);Airflow & ETL;Cloud (AWS/GCP/Azure);Docker & Containers,162000,207000,184500,157000,224000,190500,2023-11-12,2023,11,Kaggle Data Science & AI Salaries (2020-2025) & U.S. BLS OEWS,Hugging Face Tech Job Postings Dataset,SOC 15-2051 (Data Scientists)
J00628,True Digital Group,Telecom,Artificial Intelligence,Machine Learning Engineer,Entry-Level (0-2 yrs),2,Thailand (Bangkok),Local / Thailand,Python;TensorFlow;Scikit-Learn;MLOps;Cloud (AWS/GCP/Azure);Docker & Containers;Cross-functional Communication;LLMs & GenAI;Git & Version Control,39000,59000,49000,58000,72000,65000,2023-11-04,2023,11,Kaggle Data Science & AI Salaries (2020-2025) & U.S. BLS OEWS,Hugging Face Tech Job Postings Dataset,SOC 15-1221 (Computer and Information Research Scientists / AI)
J00629,Deloitte Consulting AI Institute,Consulting,Statistics,Statistician,Mid-Level (3-5 yrs),6,Thailand (Bangkok),Local / Thailand,R;Statistics & Probability;SQL;Time Series Analysis;Critical Thinking;Agile & Scrum;Git & Version Control,80000,116000,98000,97000,137000,117000,2023-11-13,2023,11,Kaggle Data Science & AI Salaries (2020-2025) & U.S. BLS OEWS,Hugging Face Tech Job Postings Dataset,SOC 15-2041 (Statisticians)
J00630,Grab,Tech,Artificial Intelligence,Machine Learning Engineer,Senior/Lead (5+ yrs),1,Singapore,Asia-Pacific,Python;TensorFlow;Scikit-Learn;MLOps;Cloud (AWS/GCP/Azure);Docker & Containers;LLMs & GenAI,139000,216000,177500,145000,219000,182000,2023-11-20,2023,11,Kaggle Data Science & AI Salaries (2020-2025) & U.S. BLS OEWS,Hugging Face Tech Job Postings Dataset,SOC 15-1221 (Computer and Information Research Scientists / AI)
J00631,Agoda,Tech,Data Science,Data Engineer,Mid-Level (3-5 yrs),3,Thailand (Bangkok),Local / Thailand,Python;SQL;Big Data (Spark/Hadoop);Airflow & ETL;Cloud (AWS/GCP/Azure);Docker & Containers;Problem Solving,76000,125000,100500,89000,122000,105500,2023-11-09,2023,11,Kaggle Data Science & AI Salaries (2020-2025) & U.S. BLS OEWS,Hugging Face Tech Job Postings Dataset,SOC 15-2051 (Data Scientists)
J00632,PTT Digital Solutions,Energy & Manufacturing,Data Science,Data Engineer,Entry-Level (0-2 yrs),3,Thailand (Bangkok),Local / Thailand,Python;SQL;Big Data (Spark/Hadoop);Airflow & ETL;Cloud (AWS/GCP/Azure);Docker & Containers;Agile & Scrum,44000,60000,52000,56000,84000,70000,2023-11-13,2023,11,Kaggle Data Science & AI Salaries (2020-2025) & U.S. BLS OEWS,Hugging Face Tech Job Postings Dataset,SOC 15-2051 (Data Scientists)
J00633,Kasikorn Business-Technology Group (KBTG),Finance & Banking,Data Science,Data Scientist,Senior/Lead (5+ yrs),2,Thailand (Bangkok),Local / Thailand,Python;SQL;Scikit-Learn;Statistics & Probability;Data Modeling;Business Acumen;Git & Version Control,149000,226000,187500,147000,197000,172000,2023-11-08,2023,11,Kaggle Data Science & AI Salaries (2020-2025) & U.S. BLS OEWS,Hugging Face Tech Job Postings Dataset,SOC 15-2051 (Data Scientists)
J00634,PTT Digital Solutions,Energy & Manufacturing,Data Science,Senior Data Scientist,Mid-Level (3-5 yrs),1,Thailand (Bangkok),Local / Thailand,Python;SQL;Machine Learning;Cloud (AWS/GCP/Azure);Storytelling with Data;Airflow & ETL,76000,123000,99500,90000,124000,107000,2023-11-11,2023,11,Kaggle Data Science & AI Salaries (2020-2025) & U.S. BLS OEWS,Hugging Face Tech Job Postings Dataset,SOC 15-2051 (Data Scientists)
J00635,Kasikorn Business-Technology Group (KBTG),Finance & Banking,Artificial Intelligence,Computer Vision Specialist,Entry-Level (0-2 yrs),2,Thailand (Bangkok),Local / Thailand,Python;PyTorch;Deep Learning;Docker & Containers;Algorithms;Cross-functional Communication;Git & Version Control,44000,58000,51000,58000,75000,66500,2023-11-12,2023,11,Kaggle Data Science & AI Salaries (2020-2025) & U.S. BLS OEWS,Hugging Face Tech Job Postings Dataset,SOC 15-1221 (Computer and Information Research Scientists / AI)
J00636,Bumrungrad International Hospital,Healthcare,Data Science,Data Scientist,Entry-Level (0-2 yrs),2,Thailand (Bangkok),Local / Thailand,Python;SQL;Scikit-Learn;Statistics & Probability;Data Modeling;Business Acumen;Agile & Scrum;LLMs & GenAI;Git & Version Control,44000,62000,53000,56000,76000,66000,2023-11-12,2023,11,Kaggle Data Science & AI Salaries (2020-2025) & U.S. BLS OEWS,Hugging Face Tech Job Postings Dataset,SOC 15-2051 (Data Scientists)
J00637,PTT Digital Solutions,Energy & Manufacturing,Data Science,Data Scientist,Entry-Level (0-2 yrs),8,Thailand (Bangkok),Local / Thailand,Python;SQL;Scikit-Learn;Statistics & Probability;Data Modeling;Business Acumen;LLMs & GenAI;Git & Version Control,38000,56000,47000,61000,79000,70000,2023-11-27,2023,11,Kaggle Data Science & AI Salaries (2020-2025) & U.S. BLS OEWS,Hugging Face Tech Job Postings Dataset,SOC 15-2051 (Data Scientists)
J00638,True Digital Group,Telecom,Artificial Intelligence,Generative AI Engineer,Mid-Level (3-5 yrs),1,Thailand (Bangkok),Local / Thailand,Python;LLMs & GenAI;PyTorch;Cloud (AWS/GCP/Azure);Git & Version Control;Problem Solving,69000,121000,95000,90000,134000,112000,2023-11-18,2023,11,Kaggle Data Science & AI Salaries (2020-2025) & U.S. BLS OEWS,Hugging Face Tech Job Postings Dataset,SOC 15-1221 (Computer and Information Research Scientists / AI)
J00639,Grab,Tech,Artificial Intelligence,AI Engineer,Entry-Level (0-2 yrs),8,Singapore,Asia-Pacific,Python;PyTorch;Docker & Containers;MLOps;LLMs & GenAI;Cloud (AWS/GCP/Azure);Business Acumen;Git & Version Control,43000,57000,50000,64000,83000,73500,2023-12-15,2023,12,Kaggle Data Science & AI Salaries (2020-2025) & U.S. BLS OEWS,Hugging Face Tech Job Postings Dataset,SOC 15-1221 (Computer and Information Research Scientists / AI)
J00640,Shopee,Retail & E-Commerce,Data Science,Data Engineer,Entry-Level (0-2 yrs),8,Singapore,Asia-Pacific,Python;SQL;Big Data (Spark/Hadoop);Airflow & ETL;Cloud (AWS/GCP/Azure);Docker & Containers;LLMs & GenAI,42000,64000,53000,63000,74000,68500,2023-12-19,2023,12,Kaggle Data Science & AI Salaries (2020-2025) & U.S. BLS OEWS,Hugging Face Tech Job Postings Dataset,SOC 15-2051 (Data Scientists)
J00641,Kasikorn Business-Technology Group (KBTG),Finance & Banking,Artificial Intelligence,Generative AI Engineer,Mid-Level (3-5 yrs),4,Thailand (Bangkok),Local / Thailand,Python;LLMs & GenAI;PyTorch;Cloud (AWS/GCP/Azure);Git & Version Control,76000,120000,98000,93000,120000,106500,2023-12-17,2023,12,Kaggle Data Science & AI Salaries (2020-2025) & U.S. BLS OEWS,Hugging Face Tech Job Postings Dataset,SOC 15-1221 (Computer and Information Research Scientists / AI)
J00642,McKinsey & Company QuantumBlack,Consulting,Statistics,Quantitative Risk Analyst,Mid-Level (3-5 yrs),4,Global / Remote,Global / Remote,Python;R;Statistics & Probability;Linear Algebra & Calculus;Financial Modeling;Critical Thinking;Git & Version Control,78000,114000,96000,85000,131000,108000,2023-12-26,2023,12,Kaggle Data Science & AI Salaries (2020-2025) & U.S. BLS OEWS,Hugging Face Tech Job Postings Dataset,SOC 15-2041 (Statisticians)
J00643,Amazon Web Services (AWS),Tech,Statistics,Statistician,Mid-Level (3-5 yrs),6,Singapore,Asia-Pacific,R;Statistics & Probability;SQL;Time Series Analysis;Critical Thinking;Problem Solving,76000,116000,96000,88000,133000,110500,2023-12-18,2023,12,Kaggle Data Science & AI Salaries (2020-2025) & U.S. BLS OEWS,Hugging Face Tech Job Postings Dataset,SOC 15-2041 (Statisticians)
J00644,PTT Digital Solutions,Energy & Manufacturing,Data Science,Data Scientist,Entry-Level (0-2 yrs),4,Thailand (Bangkok),Local / Thailand,Python;SQL;Scikit-Learn;Statistics & Probability;Data Modeling;Business Acumen;LLMs & GenAI;Git & Version Control,46000,57000,51500,56000,83000,69500,2023-12-07,2023,12,Kaggle Data Science & AI Salaries (2020-2025) & U.S. BLS OEWS,Hugging Face Tech Job Postings Dataset,SOC 15-2051 (Data Scientists)
J00645,Meta AI,Tech,Artificial Intelligence,Machine Learning Engineer,Entry-Level (0-2 yrs),7,US / Remote,North America,Python;TensorFlow;Scikit-Learn;MLOps;Cloud (AWS/GCP/Azure);Docker & Containers;Business Acumen;LLMs & GenAI,44000,64000,54000,58000,84000,71000,2023-12-20,2023,12,Kaggle Data Science & AI Salaries (2020-2025) & U.S. BLS OEWS,Hugging Face Tech Job Postings Dataset,SOC 15-1221 (Computer and Information Research Scientists / AI)
J00646,Bitkub Online,Finance & Banking,Data Science,Senior Data Scientist,Senior/Lead (5+ yrs),6,Thailand (Bangkok),Local / Thailand,Python;SQL;Machine Learning;Cloud (AWS/GCP/Azure);Storytelling with Data;Airflow & ETL;LLMs & GenAI;Git & Version Control,162000,233000,197500,151000,228000,189500,2023-12-28,2023,12,Kaggle Data Science & AI Salaries (2020-2025) & U.S. BLS OEWS,Hugging Face Tech Job Postings Dataset,SOC 15-2051 (Data Scientists)
J00647,Siemens AI Industry,Manufacturing,Artificial Intelligence,Machine Learning Engineer,Mid-Level (3-5 yrs),6,Germany,Europe,Python;TensorFlow;Scikit-Learn;MLOps;Cloud (AWS/GCP/Azure);Docker & Containers;Research & Experimentation;LLMs & GenAI,74000,123000,98500,99000,132000,115500,2023-12-07,2023,12,Kaggle Data Science & AI Salaries (2020-2025) & U.S. BLS OEWS,Hugging Face Tech Job Postings Dataset,SOC 15-1221 (Computer and Information Research Scientists / AI)
J00648,Siemens AI Industry,Manufacturing,Data Science,Data Engineer,Entry-Level (0-2 yrs),5,Germany,Europe,Python;SQL;Big Data (Spark/Hadoop);Airflow & ETL;Cloud (AWS/GCP/Azure);Docker & Containers;LLMs & GenAI;Git & Version Control,44000,59000,51500,56000,78000,67000,2023-12-06,2023,12,Kaggle Data Science & AI Salaries (2020-2025) & U.S. BLS OEWS,Hugging Face Tech Job Postings Dataset,SOC 15-2051 (Data Scientists)
J00649,True Digital Group,Telecom,Statistics,Biostatistician,Mid-Level (3-5 yrs),6,Thailand (Bangkok),Local / Thailand,R;Statistics & Probability;Clinical Trials;Research & Experimentation;Data Modeling;Agile & Scrum;Git & Version Control,71000,115000,93000,90000,137000,113500,2023-12-03,2023,12,Kaggle Data Science & AI Salaries (2020-2025) & U.S. BLS OEWS,Hugging Face Tech Job Postings Dataset,SOC 15-2041 (Statisticians)
J00650,Grab,Tech,Artificial Intelligence,Machine Learning Engineer,Mid-Level (3-5 yrs),4,Singapore,Asia-Pacific,Python;TensorFlow;Scikit-Learn;MLOps;Cloud (AWS/GCP/Azure);Docker & Containers;Research & Experimentation,83000,129000,106000,86000,130000,108000,2023-12-13,2023,12,Kaggle Data Science & AI Salaries (2020-2025) & U.S. BLS OEWS,Hugging Face Tech Job Postings Dataset,SOC 15-1221 (Computer and Information Research Scientists / AI)
J00651,Agoda,Tech,Artificial Intelligence,Machine Learning Engineer,Senior/Lead (5+ yrs),6,Thailand (Bangkok),Local / Thailand,Python;TensorFlow;Scikit-Learn;MLOps;Cloud (AWS/GCP/Azure);Docker & Containers;Storytelling with Data;Git & Version Control,166000,208000,187000,167000,204000,185500,2023-12-26,2023,12,Kaggle Data Science & AI Salaries (2020-2025) & U.S. BLS OEWS,Hugging Face Tech Job Postings Dataset,SOC 15-1221 (Computer and Information Research Scientists / AI)
J00652,Shopee,Retail & E-Commerce,Statistics,Quantitative Risk Analyst,Mid-Level (3-5 yrs),3,Singapore,Asia-Pacific,Python;R;Statistics & Probability;Linear Algebra & Calculus;Financial Modeling;Research & Experimentation,82000,112000,97000,87000,134000,110500,2023-12-11,2023,12,Kaggle Data Science & AI Salaries (2020-2025) & U.S. BLS OEWS,Hugging Face Tech Job Postings Dataset,SOC 15-2041 (Statisticians)
J00653,Microsoft,Tech,Artificial Intelligence,Computer Vision Specialist,Entry-Level (0-2 yrs),6,US / Remote,North America,Python;PyTorch;Deep Learning;Docker & Containers;Algorithms;LLMs & GenAI;Git & Version Control,43000,56000,49500,64000,73000,68500,2023-12-05,2023,12,Kaggle Data Science & AI Salaries (2020-2025) & U.S. BLS OEWS,Hugging Face Tech Job Postings Dataset,SOC 15-1221 (Computer and Information Research Scientists / AI)
J00654,PTT Digital Solutions,Energy & Manufacturing,Artificial Intelligence,AI Engineer,Entry-Level (0-2 yrs),8,Thailand (Bangkok),Local / Thailand,Python;PyTorch;Docker & Containers;MLOps;LLMs & GenAI;Cloud (AWS/GCP/Azure);Git & Version Control,39000,61000,50000,57000,83000,70000,2024-01-27,2024,1,Kaggle Data Science & AI Salaries (2020-2025) & U.S. BLS OEWS,Hugging Face Tech Job Postings Dataset,SOC 15-1221 (Computer and Information Research Scientists / AI)
J00655,Shopee,Retail & E-Commerce,Statistics,Statistician,Entry-Level (0-2 yrs),3,Singapore,Asia-Pacific,R;Statistics & Probability;SQL;Time Series Analysis;Critical Thinking,40000,64000,52000,58000,73000,65500,2024-01-03,2024,1,Kaggle Data Science & AI Salaries (2020-2025) & U.S. BLS OEWS,Hugging Face Tech Job Postings Dataset,SOC 15-2041 (Statisticians)
J00656,Kasikorn Business-Technology Group (KBTG),Finance & Banking,Statistics,Biostatistician,Entry-Level (0-2 yrs),8,Thailand (Bangkok),Local / Thailand,R;Statistics & Probability;Clinical Trials;Research & Experimentation;Data Modeling;Business Acumen;Git & Version Control,43000,61000,52000,62000,74000,68000,2024-01-10,2024,1,Kaggle Data Science & AI Salaries (2020-2025) & U.S. BLS OEWS,Hugging Face Tech Job Postings Dataset,SOC 15-2041 (Statisticians)
J00657,BDMS Health Network,Healthcare,Artificial Intelligence,Machine Learning Engineer,Entry-Level (0-2 yrs),9,Thailand (Bangkok),Local / Thailand,Python;TensorFlow;Scikit-Learn;MLOps;Cloud (AWS/GCP/Azure);Docker & Containers;Git & Version Control,44000,64000,54000,63000,81000,72000,2024-01-05,2024,1,Kaggle Data Science & AI Salaries (2020-2025) & U.S. BLS OEWS,Hugging Face Tech Job Postings Dataset,SOC 15-1221 (Computer and Information Research Scientists / AI)
J00658,Grab,Tech,Data Science,Senior Data Scientist,Entry-Level (0-2 yrs),9,Singapore,Asia-Pacific,Python;SQL;Machine Learning;Cloud (AWS/GCP/Azure);Storytelling with Data;Airflow & ETL;Agile & Scrum,44000,62000,53000,60000,73000,66500,2024-01-05,2024,1,Kaggle Data Science & AI Salaries (2020-2025) & U.S. BLS OEWS,Hugging Face Tech Job Postings Dataset,SOC 15-2051 (Data Scientists)
J00659,Line Man Wongnai,Tech,Data Science,Data Engineer,Mid-Level (3-5 yrs),4,Thailand (Bangkok),Local / Thailand,Python;SQL;Big Data (Spark/Hadoop);Airflow & ETL;Cloud (AWS/GCP/Azure);Docker & Containers;LLMs & GenAI;Git & Version Control,75000,124000,99500,92000,135000,113500,2024-01-08,2024,1,Kaggle Data Science & AI Salaries (2020-2025) & U.S. BLS OEWS,Hugging Face Tech Job Postings Dataset,SOC 15-2051 (Data Scientists)
J00660,McKinsey & Company QuantumBlack,Consulting,Data Science,Data Engineer,Mid-Level (3-5 yrs),5,Global / Remote,Global / Remote,Python;SQL;Big Data (Spark/Hadoop);Airflow & ETL;Cloud (AWS/GCP/Azure);Docker & Containers;Cross-functional Communication;LLMs & GenAI;Git & Version Control,77000,120000,98500,98000,127000,112500,2024-01-26,2024,1,Kaggle Data Science & AI Salaries (2020-2025) & U.S. BLS OEWS,Hugging Face Tech Job Postings Dataset,SOC 15-2051 (Data Scientists)
J00661,PTT Digital Solutions,Energy & Manufacturing,Artificial Intelligence,Machine Learning Engineer,Entry-Level (0-2 yrs),2,Thailand (Bangkok),Local / Thailand,Python;TensorFlow;Scikit-Learn;MLOps;Cloud (AWS/GCP/Azure);Docker & Containers;Git & Version Control,39000,63000,51000,58000,78000,68000,2024-01-12,2024,1,Kaggle Data Science & AI Salaries (2020-2025) & U.S. BLS OEWS,Hugging Face Tech Job Postings Dataset,SOC 15-1221 (Computer and Information Research Scientists / AI)
J00662,Grab,Tech,Data Science,Data Scientist,Mid-Level (3-5 yrs),5,Singapore,Asia-Pacific,Python;SQL;Scikit-Learn;Statistics & Probability;Data Modeling;Business Acumen;Git & Version Control,84000,128000,106000,89000,136000,112500,2024-01-23,2024,1,Kaggle Data Science & AI Salaries (2020-2025) & U.S. BLS OEWS,Hugging Face Tech Job Postings Dataset,SOC 15-2051 (Data Scientists)
J00663,Grab,Tech,Data Science,Data Engineer,Mid-Level (3-5 yrs),6,Singapore,Asia-Pacific,Python;SQL;Big Data (Spark/Hadoop);Airflow & ETL;Cloud (AWS/GCP/Azure);Docker & Containers;LLMs & GenAI;Git & Version Control,84000,117000,100500,96000,132000,114000,2024-01-01,2024,1,Kaggle Data Science & AI Salaries (2020-2025) & U.S. BLS OEWS,Hugging Face Tech Job Postings Dataset,SOC 15-2051 (Data Scientists)
J00664,BDMS Health Network,Healthcare,Artificial Intelligence,Computer Vision Specialist,Entry-Level (0-2 yrs),3,Thailand (Bangkok),Local / Thailand,Python;PyTorch;Deep Learning;Docker & Containers;Algorithms;Git & Version Control,38000,63000,50500,59000,82000,70500,2024-02-10,2024,2,Kaggle Data Science & AI Salaries (2020-2025) & U.S. BLS OEWS,Hugging Face Tech Job Postings Dataset,SOC 15-1221 (Computer and Information Research Scientists / AI)
J00665,Microsoft,Tech,Data Science,Data Engineer,Mid-Level (3-5 yrs),4,US / Remote,North America,Python;SQL;Big Data (Spark/Hadoop);Airflow & ETL;Cloud (AWS/GCP/Azure);Docker & Containers;Critical Thinking;LLMs & GenAI,81000,124000,102500,89000,122000,105500,2024-02-06,2024,2,Kaggle Data Science & AI Salaries (2020-2025) & U.S. BLS OEWS,Hugging Face Tech Job Postings Dataset,SOC 15-2051 (Data Scientists)
J00666,Agoda,Tech,Data Science,Data Engineer,Senior/Lead (5+ yrs),6,Thailand (Bangkok),Local / Thailand,Python;SQL;Big Data (Spark/Hadoop);Airflow & ETL;Cloud (AWS/GCP/Azure);Docker & Containers;Business Acumen;LLMs & GenAI,167000,220000,193500,165000,204000,184500,2024-02-06,2024,2,Kaggle Data Science & AI Salaries (2020-2025) & U.S. BLS OEWS,Hugging Face Tech Job Postings Dataset,SOC 15-2051 (Data Scientists)
J00667,Central Retail Digital,Retail & E-Commerce,Artificial Intelligence,Machine Learning Engineer,Mid-Level (3-5 yrs),2,Thailand (Bangkok),Local / Thailand,Python;TensorFlow;Scikit-Learn;MLOps;Cloud (AWS/GCP/Azure);Docker & Containers;Storytelling with Data;LLMs & GenAI,80000,118000,99000,85000,127000,106000,2024-02-23,2024,2,Kaggle Data Science & AI Salaries (2020-2025) & U.S. BLS OEWS,Hugging Face Tech Job Postings Dataset,SOC 15-1221 (Computer and Information Research Scientists / AI)
J00668,Google Cloud,Tech,Statistics,Statistician,Entry-Level (0-2 yrs),8,US / Remote,North America,R;Statistics & Probability;SQL;Time Series Analysis;Critical Thinking,45000,56000,50500,63000,80000,71500,2024-02-03,2024,2,Kaggle Data Science & AI Salaries (2020-2025) & U.S. BLS OEWS,Hugging Face Tech Job Postings Dataset,SOC 15-2041 (Statisticians)
J00669,BDMS Health Network,Healthcare,Statistics,Biostatistician,Mid-Level (3-5 yrs),3,Thailand (Bangkok),Local / Thailand,R;Statistics & Probability;Clinical Trials;Research & Experimentation;Data Modeling;Research & Experimentation;Git & Version Control,68000,116000,92000,94000,120000,107000,2024-02-07,2024,2,Kaggle Data Science & AI Salaries (2020-2025) & U.S. BLS OEWS,Hugging Face Tech Job Postings Dataset,SOC 15-2041 (Statisticians)
J00670,Meta AI,Tech,Artificial Intelligence,Generative AI Engineer,Mid-Level (3-5 yrs),1,US / Remote,North America,Python;LLMs & GenAI;PyTorch;Cloud (AWS/GCP/Azure);Git & Version Control;Cross-functional Communication,72000,112000,92000,94000,119000,106500,2024-02-02,2024,2,Kaggle Data Science & AI Salaries (2020-2025) & U.S. BLS OEWS,Hugging Face Tech Job Postings Dataset,SOC 15-1221 (Computer and Information Research Scientists / AI)
J00671,Kasikorn Business-Technology Group (KBTG),Finance & Banking,Data Science,Senior Data Scientist,Entry-Level (0-2 yrs),6,Thailand (Bangkok),Local / Thailand,Python;SQL;Machine Learning;Cloud (AWS/GCP/Azure);Storytelling with Data;Airflow & ETL;LLMs & GenAI;Git & Version Control,38000,58000,48000,58000,77000,67500,2024-02-05,2024,2,Kaggle Data Science & AI Salaries (2020-2025) & U.S. BLS OEWS,Hugging Face Tech Job Postings Dataset,SOC 15-2051 (Data Scientists)
J00672,Shopee,Retail & E-Commerce,Data Science,Senior Data Scientist,Mid-Level (3-5 yrs),6,Singapore,Asia-Pacific,Python;SQL;Machine Learning;Cloud (AWS/GCP/Azure);Storytelling with Data;Airflow & ETL;Cross-functional Communication;LLMs & GenAI;Git & Version Control,76000,120000,98000,98000,119000,108500,2024-02-10,2024,2,Kaggle Data Science & AI Salaries (2020-2025) & U.S. BLS OEWS,Hugging Face Tech Job Postings Dataset,SOC 15-2051 (Data Scientists)
J00673,Line Man Wongnai,Tech,Artificial Intelligence,Computer Vision Specialist,Mid-Level (3-5 yrs),1,Thailand (Bangkok),Local / Thailand,Python;PyTorch;Deep Learning;Docker & Containers;Algorithms;Agile & Scrum;Git & Version Control,83000,112000,97500,97000,137000,117000,2024-02-17,2024,2,Kaggle Data Science & AI Salaries (2020-2025) & U.S. BLS OEWS,Hugging Face Tech Job Postings Dataset,SOC 15-1221 (Computer and Information Research Scientists / AI)
J00674,Amazon Web Services (AWS),Tech,Statistics,Biostatistician,Mid-Level (3-5 yrs),3,Singapore,Asia-Pacific,R;Statistics & Probability;Clinical Trials;Research & Experimentation;Data Modeling;Critical Thinking;Git & Version Control,75000,113000,94000,89000,132000,110500,2024-02-25,2024,2,Kaggle Data Science & AI Salaries (2020-2025) & U.S. BLS OEWS,Hugging Face Tech Job Postings Dataset,SOC 15-2041 (Statisticians)
J00675,McKinsey & Company QuantumBlack,Consulting,Artificial Intelligence,Generative AI Engineer,Entry-Level (0-2 yrs),3,Global / Remote,Global / Remote,Python;LLMs & GenAI;PyTorch;Cloud (AWS/GCP/Azure);Git & Version Control,47000,60000,53500,65000,73000,69000,2024-03-25,2024,3,Kaggle Data Science & AI Salaries (2020-2025) & U.S. BLS OEWS,Hugging Face Tech Job Postings Dataset,SOC 15-1221 (Computer and Information Research Scientists / AI)
J00676,Bitkub Online,Finance & Banking,Statistics,Quantitative Risk Analyst,Senior/Lead (5+ yrs),1,Thailand (Bangkok),Local / Thailand,Python;R;Statistics & Probability;Linear Algebra & Calculus;Financial Modeling;Git & Version Control,151000,220000,185500,149000,205000,177000,2024-03-12,2024,3,Kaggle Data Science & AI Salaries (2020-2025) & U.S. BLS OEWS,Hugging Face Tech Job Postings Dataset,SOC 15-2041 (Statisticians)
J00677,SCB 10X / SCBX,Finance & Banking,Artificial Intelligence,Machine Learning Engineer,Entry-Level (0-2 yrs),9,Thailand (Bangkok),Local / Thailand,Python;TensorFlow;Scikit-Learn;MLOps;Cloud (AWS/GCP/Azure);Docker & Containers;Problem Solving;LLMs & GenAI;Git & Version Control,40000,59000,49500,57000,83000,70000,2024-03-16,2024,3,Kaggle Data Science & AI Salaries (2020-2025) & U.S. BLS OEWS,Hugging Face Tech Job Postings Dataset,SOC 15-1221 (Computer and Information Research Scientists / AI)
J00678,Kasikorn Business-Technology Group (KBTG),Finance & Banking,Data Science,Senior Data Scientist,Senior/Lead (5+ yrs),4,Thailand (Bangkok),Local / Thailand,Python;SQL;Machine Learning;Cloud (AWS/GCP/Azure);Storytelling with Data;Airflow & ETL;Storytelling with Data;LLMs & GenAI,148000,226000,187000,164000,210000,187000,2024-03-22,2024,3,Kaggle Data Science & AI Salaries (2020-2025) & U.S. BLS OEWS,Hugging Face Tech Job Postings Dataset,SOC 15-2051 (Data Scientists)
J00679,Deloitte Consulting AI Institute,Consulting,Statistics,Quantitative Risk Analyst,Mid-Level (3-5 yrs),6,Thailand (Bangkok),Local / Thailand,Python;R;Statistics & Probability;Linear Algebra & Calculus;Financial Modeling;Storytelling with Data,68000,129000,98500,85000,135000,110000,2024-03-28,2024,3,Kaggle Data Science & AI Salaries (2020-2025) & U.S. BLS OEWS,Hugging Face Tech Job Postings Dataset,SOC 15-2041 (Statisticians)
J00680,Shopee,Retail & E-Commerce,Data Science,Data Scientist,Mid-Level (3-5 yrs),5,Singapore,Asia-Pacific,Python;SQL;Scikit-Learn;Statistics & Probability;Data Modeling;Business Acumen;LLMs & GenAI;Git & Version Control,74000,111000,92500,91000,128000,109500,2024-03-27,2024,3,Kaggle Data Science & AI Salaries (2020-2025) & U.S. BLS OEWS,Hugging Face Tech Job Postings Dataset,SOC 15-2051 (Data Scientists)
J00681,Google Cloud,Tech,Artificial Intelligence,Machine Learning Engineer,Entry-Level (0-2 yrs),3,US / Remote,North America,Python;TensorFlow;Scikit-Learn;MLOps;Cloud (AWS/GCP/Azure);Docker & Containers;Git & Version Control,46000,64000,55000,63000,74000,68500,2024-03-16,2024,3,Kaggle Data Science & AI Salaries (2020-2025) & U.S. BLS OEWS,Hugging Face Tech Job Postings Dataset,SOC 15-1221 (Computer and Information Research Scientists / AI)
J00682,True Digital Group,Telecom,Statistics,Statistician,Entry-Level (0-2 yrs),9,Thailand (Bangkok),Local / Thailand,R;Statistics & Probability;SQL;Time Series Analysis;Critical Thinking,38000,56000,47000,60000,80000,70000,2024-03-20,2024,3,Kaggle Data Science & AI Salaries (2020-2025) & U.S. BLS OEWS,Hugging Face Tech Job Postings Dataset,SOC 15-2041 (Statisticians)
J00683,McKinsey & Company QuantumBlack,Consulting,Artificial Intelligence,AI Engineer,Senior/Lead (5+ yrs),3,Global / Remote,Global / Remote,Python;PyTorch;Docker & Containers;MLOps;LLMs & GenAI;Cloud (AWS/GCP/Azure);Git & Version Control,161000,239000,200000,151000,202000,176500,2024-03-14,2024,3,Kaggle Data Science & AI Salaries (2020-2025) & U.S. BLS OEWS,Hugging Face Tech Job Postings Dataset,SOC 15-1221 (Computer and Information Research Scientists / AI)
J00684,Central Retail Digital,Retail & E-Commerce,Data Science,Data Scientist,Mid-Level (3-5 yrs),1,Thailand (Bangkok),Local / Thailand,Python;SQL;Scikit-Learn;Statistics & Probability;Data Modeling;Business Acumen;LLMs & GenAI,70000,115000,92500,86000,137000,111500,2024-03-09,2024,3,Kaggle Data Science & AI Salaries (2020-2025) & U.S. BLS OEWS,Hugging Face Tech Job Postings Dataset,SOC 15-2051 (Data Scientists)
J00685,Line Man Wongnai,Tech,Artificial Intelligence,AI Engineer,Entry-Level (0-2 yrs),8,Thailand (Bangkok),Local / Thailand,Python;PyTorch;Docker & Containers;MLOps;LLMs & GenAI;Cloud (AWS/GCP/Azure),41000,62000,51500,56000,76000,66000,2024-03-23,2024,3,Kaggle Data Science & AI Salaries (2020-2025) & U.S. BLS OEWS,Hugging Face Tech Job Postings Dataset,SOC 15-1221 (Computer and Information Research Scientists / AI)
J00686,Line Man Wongnai,Tech,Data Science,Data Engineer,Mid-Level (3-5 yrs),6,Thailand (Bangkok),Local / Thailand,Python;SQL;Big Data (Spark/Hadoop);Airflow & ETL;Cloud (AWS/GCP/Azure);Docker & Containers;LLMs & GenAI;Git & Version Control,77000,126000,101500,94000,137000,115500,2024-03-05,2024,3,Kaggle Data Science & AI Salaries (2020-2025) & U.S. BLS OEWS,Hugging Face Tech Job Postings Dataset,SOC 15-2051 (Data Scientists)
J00687,Bumrungrad International Hospital,Healthcare,Data Science,Senior Data Scientist,Entry-Level (0-2 yrs),9,Thailand (Bangkok),Local / Thailand,Python;SQL;Machine Learning;Cloud (AWS/GCP/Azure);Storytelling with Data;Airflow & ETL;Business Acumen;LLMs & GenAI,46000,60000,53000,58000,82000,70000,2024-03-15,2024,3,Kaggle Data Science & AI Salaries (2020-2025) & U.S. BLS OEWS,Hugging Face Tech Job Postings Dataset,SOC 15-2051 (Data Scientists)
J00688,Grab,Tech,Statistics,Statistician,Mid-Level (3-5 yrs),5,Singapore,Asia-Pacific,R;Statistics & Probability;SQL;Time Series Analysis;Critical Thinking;Problem Solving;Git & Version Control,69000,114000,91500,101000,127000,114000,2024-03-07,2024,3,Kaggle Data Science & AI Salaries (2020-2025) & U.S. BLS OEWS,Hugging Face Tech Job Postings Dataset,SOC 15-2041 (Statisticians)
J00689,BDMS Health Network,Healthcare,Artificial Intelligence,Generative AI Engineer,Senior/Lead (5+ yrs),6,Thailand (Bangkok),Local / Thailand,Python;LLMs & GenAI;PyTorch;Cloud (AWS/GCP/Azure);Git & Version Control;Storytelling with Data,154000,204000,179000,168000,196000,182000,2024-03-27,2024,3,Kaggle Data Science & AI Salaries (2020-2025) & U.S. BLS OEWS,Hugging Face Tech Job Postings Dataset,SOC 15-1221 (Computer and Information Research Scientists / AI)
J00690,Shopee,Retail & E-Commerce,Statistics,Statistician,Mid-Level (3-5 yrs),4,Singapore,Asia-Pacific,R;Statistics & Probability;SQL;Time Series Analysis;Critical Thinking;Business Acumen,75000,117000,96000,99000,127000,113000,2024-04-06,2024,4,Kaggle Data Science & AI Salaries (2020-2025) & U.S. BLS OEWS,Hugging Face Tech Job Postings Dataset,SOC 15-2041 (Statisticians)
J00691,Google Cloud,Tech,Data Science,Data Engineer,Mid-Level (3-5 yrs),5,US / Remote,North America,Python;SQL;Big Data (Spark/Hadoop);Airflow & ETL;Cloud (AWS/GCP/Azure);Docker & Containers;Cross-functional Communication;LLMs & GenAI;Git & Version Control,78000,121000,99500,91000,136000,113500,2024-04-28,2024,4,Kaggle Data Science & AI Salaries (2020-2025) & U.S. BLS OEWS,Hugging Face Tech Job Postings Dataset,SOC 15-2051 (Data Scientists)
J00692,Shopee,Retail & E-Commerce,Artificial Intelligence,Machine Learning Engineer,Senior/Lead (5+ yrs),1,Singapore,Asia-Pacific,Python;TensorFlow;Scikit-Learn;MLOps;Cloud (AWS/GCP/Azure);Docker & Containers;Storytelling with Data;LLMs & GenAI,138000,204000,171000,172000,199000,185500,2024-04-15,2024,4,Kaggle Data Science & AI Salaries (2020-2025) & U.S. BLS OEWS,Hugging Face Tech Job Postings Dataset,SOC 15-1221 (Computer and Information Research Scientists / AI)
J00693,Amazon Web Services (AWS),Tech,Statistics,Biostatistician,Senior/Lead (5+ yrs),6,Singapore,Asia-Pacific,R;Statistics & Probability;Clinical Trials;Research & Experimentation;Data Modeling,144000,219000,181500,151000,211000,181000,2024-04-16,2024,4,Kaggle Data Science & AI Salaries (2020-2025) & U.S. BLS OEWS,Hugging Face Tech Job Postings Dataset,SOC 15-2041 (Statisticians)
J00694,Shopee,Retail & E-Commerce,Data Science,Senior Data Scientist,Senior/Lead (5+ yrs),4,Singapore,Asia-Pacific,Python;SQL;Machine Learning;Cloud (AWS/GCP/Azure);Storytelling with Data;Airflow & ETL,148000,233000,190500,165000,221000,193000,2024-04-10,2024,4,Kaggle Data Science & AI Salaries (2020-2025) & U.S. BLS OEWS,Hugging Face Tech Job Postings Dataset,SOC 15-2051 (Data Scientists)
J00695,Central Retail Digital,Retail & E-Commerce,Data Science,Data Scientist,Entry-Level (0-2 yrs),8,Thailand (Bangkok),Local / Thailand,Python;SQL;Scikit-Learn;Statistics & Probability;Data Modeling;Business Acumen;LLMs & GenAI;Git & Version Control,44000,55000,49500,64000,72000,68000,2024-04-17,2024,4,Kaggle Data Science & AI Salaries (2020-2025) & U.S. BLS OEWS,Hugging Face Tech Job Postings Dataset,SOC 15-2051 (Data Scientists)
J00696,Roche Bioinformatics,Healthcare,Data Science,Senior Data Scientist,Entry-Level (0-2 yrs),8,Switzerland,Europe,Python;SQL;Machine Learning;Cloud (AWS/GCP/Azure);Storytelling with Data;Airflow & ETL;Research & Experimentation;LLMs & GenAI,40000,64000,52000,57000,80000,68500,2024-04-21,2024,4,Kaggle Data Science & AI Salaries (2020-2025) & U.S. BLS OEWS,Hugging Face Tech Job Postings Dataset,SOC 15-2051 (Data Scientists)
J00697,McKinsey & Company QuantumBlack,Consulting,Artificial Intelligence,Computer Vision Specialist,Mid-Level (3-5 yrs),3,Global / Remote,Global / Remote,Python;PyTorch;Deep Learning;Docker & Containers;Algorithms;Agile & Scrum;LLMs & GenAI,76000,119000,97500,86000,135000,110500,2024-04-25,2024,4,Kaggle Data Science & AI Salaries (2020-2025) & U.S. BLS OEWS,Hugging Face Tech Job Postings Dataset,SOC 15-1221 (Computer and Information Research Scientists / AI)
J00698,Central Retail Digital,Retail & E-Commerce,Statistics,Quantitative Risk Analyst,Entry-Level (0-2 yrs),7,Thailand (Bangkok),Local / Thailand,Python;R;Statistics & Probability;Linear Algebra & Calculus;Financial Modeling;Critical Thinking;Git & Version Control,39000,56000,47500,59000,80000,69500,2024-04-18,2024,4,Kaggle Data Science & AI Salaries (2020-2025) & U.S. BLS OEWS,Hugging Face Tech Job Postings Dataset,SOC 15-2041 (Statisticians)
J00699,SCB 10X / SCBX,Finance & Banking,Statistics,Biostatistician,Mid-Level (3-5 yrs),6,Thailand (Bangkok),Local / Thailand,R;Statistics & Probability;Clinical Trials;Research & Experimentation;Data Modeling;Git & Version Control,80000,129000,104500,95000,135000,115000,2024-04-08,2024,4,Kaggle Data Science & AI Salaries (2020-2025) & U.S. BLS OEWS,Hugging Face Tech Job Postings Dataset,SOC 15-2041 (Statisticians)
J00700,Bitkub Online,Finance & Banking,Artificial Intelligence,Generative AI Engineer,Mid-Level (3-5 yrs),2,Thailand (Bangkok),Local / Thailand,Python;LLMs & GenAI;PyTorch;Cloud (AWS/GCP/Azure);Git & Version Control,80000,126000,103000,91000,124000,107500,2024-04-03,2024,4,Kaggle Data Science & AI Salaries (2020-2025) & U.S. BLS OEWS,Hugging Face Tech Job Postings Dataset,SOC 15-1221 (Computer and Information Research Scientists / AI)
J00701,Grab,Tech,Artificial Intelligence,AI Engineer,Mid-Level (3-5 yrs),5,Singapore,Asia-Pacific,Python;PyTorch;Docker & Containers;MLOps;LLMs & GenAI;Cloud (AWS/GCP/Azure),82000,112000,97000,100000,121000,110500,2024-04-06,2024,4,Kaggle Data Science & AI Salaries (2020-2025) & U.S. BLS OEWS,Hugging Face Tech Job Postings Dataset,SOC 15-1221 (Computer and Information Research Scientists / AI)
J00702,SCB 10X / SCBX,Finance & Banking,Artificial Intelligence,Machine Learning Engineer,Mid-Level (3-5 yrs),3,Thailand (Bangkok),Local / Thailand,Python;TensorFlow;Scikit-Learn;MLOps;Cloud (AWS/GCP/Azure);Docker & Containers;LLMs & GenAI;Git & Version Control,83000,114000,98500,86000,135000,110500,2024-04-07,2024,4,Kaggle Data Science & AI Salaries (2020-2025) & U.S. BLS OEWS,Hugging Face Tech Job Postings Dataset,SOC 15-1221 (Computer and Information Research Scientists / AI)
J00703,Deloitte Consulting AI Institute,Consulting,Data Science,Data Engineer,Senior/Lead (5+ yrs),6,Thailand (Bangkok),Local / Thailand,Python;SQL;Big Data (Spark/Hadoop);Airflow & ETL;Cloud (AWS/GCP/Azure);Docker & Containers;LLMs & GenAI;Git & Version Control,165000,233000,199000,150000,195000,172500,2024-04-02,2024,4,Kaggle Data Science & AI Salaries (2020-2025) & U.S. BLS OEWS,Hugging Face Tech Job Postings Dataset,SOC 15-2051 (Data Scientists)
J00704,Shopee,Retail & E-Commerce,Data Science,Senior Data Scientist,Senior/Lead (5+ yrs),4,Singapore,Asia-Pacific,Python;SQL;Machine Learning;Cloud (AWS/GCP/Azure);Storytelling with Data;Airflow & ETL;Git & Version Control,168000,225000,196500,145000,213000,179000,2024-04-18,2024,4,Kaggle Data Science & AI Salaries (2020-2025) & U.S. BLS OEWS,Hugging Face Tech Job Postings Dataset,SOC 15-2051 (Data Scientists)
J00705,Agoda,Tech,Statistics,Quantitative Risk Analyst,Mid-Level (3-5 yrs),2,Thailand (Bangkok),Local / Thailand,Python;R;Statistics & Probability;Linear Algebra & Calculus;Financial Modeling,71000,117000,94000,100000,119000,109500,2024-04-23,2024,4,Kaggle Data Science & AI Salaries (2020-2025) & U.S. BLS OEWS,Hugging Face Tech Job Postings Dataset,SOC 15-2041 (Statisticians)
J00706,Central Retail Digital,Retail & E-Commerce,Data Science,Data Scientist,Mid-Level (3-5 yrs),1,Thailand (Bangkok),Local / Thailand,Python;SQL;Scikit-Learn;Statistics & Probability;Data Modeling;Business Acumen;LLMs & GenAI,73000,121000,97000,90000,134000,112000,2024-05-07,2024,5,Kaggle Data Science & AI Salaries (2020-2025) & U.S. BLS OEWS,Hugging Face Tech Job Postings Dataset,SOC 15-2051 (Data Scientists)
J00707,Central Retail Digital,Retail & E-Commerce,Artificial Intelligence,Computer Vision Specialist,Entry-Level (0-2 yrs),6,Thailand (Bangkok),Local / Thailand,Python;PyTorch;Deep Learning;Docker & Containers;Algorithms;Git & Version Control,47000,56000,51500,63000,79000,71000,2024-05-14,2024,5,Kaggle Data Science & AI Salaries (2020-2025) & U.S. BLS OEWS,Hugging Face Tech Job Postings Dataset,SOC 15-1221 (Computer and Information Research Scientists / AI)
J00708,Google Cloud,Tech,Data Science,Data Engineer,Mid-Level (3-5 yrs),3,US / Remote,North America,Python;SQL;Big Data (Spark/Hadoop);Airflow & ETL;Cloud (AWS/GCP/Azure);Docker & Containers;Business Acumen;LLMs & GenAI;Git & Version Control,81000,122000,101500,95000,128000,111500,2024-05-15,2024,5,Kaggle Data Science & AI Salaries (2020-2025) & U.S. BLS OEWS,Hugging Face Tech Job Postings Dataset,SOC 15-2051 (Data Scientists)
J00709,Line Man Wongnai,Tech,Artificial Intelligence,AI Engineer,Senior/Lead (5+ yrs),3,Thailand (Bangkok),Local / Thailand,Python;PyTorch;Docker & Containers;MLOps;LLMs & GenAI;Cloud (AWS/GCP/Azure);Business Acumen,154000,214000,184000,168000,217000,192500,2024-05-04,2024,5,Kaggle Data Science & AI Salaries (2020-2025) & U.S. BLS OEWS,Hugging Face Tech Job Postings Dataset,SOC 15-1221 (Computer and Information Research Scientists / AI)
J00710,Line Man Wongnai,Tech,Data Science,Senior Data Scientist,Mid-Level (3-5 yrs),2,Thailand (Bangkok),Local / Thailand,Python;SQL;Machine Learning;Cloud (AWS/GCP/Azure);Storytelling with Data;Airflow & ETL;Critical Thinking;Git & Version Control,74000,111000,92500,96000,126000,111000,2024-05-23,2024,5,Kaggle Data Science & AI Salaries (2020-2025) & U.S. BLS OEWS,Hugging Face Tech Job Postings Dataset,SOC 15-2051 (Data Scientists)
J00711,Bumrungrad International Hospital,Healthcare,Artificial Intelligence,Generative AI Engineer,Mid-Level (3-5 yrs),3,Thailand (Bangkok),Local / Thailand,Python;LLMs & GenAI;PyTorch;Cloud (AWS/GCP/Azure);Git & Version Control;Critical Thinking,83000,121000,102000,91000,131000,111000,2024-05-18,2024,5,Kaggle Data Science & AI Salaries (2020-2025) & U.S. BLS OEWS,Hugging Face Tech Job Postings Dataset,SOC 15-1221 (Computer and Information Research Scientists / AI)
J00712,Central Retail Digital,Retail & E-Commerce,Statistics,Biostatistician,Senior/Lead (5+ yrs),6,Thailand (Bangkok),Local / Thailand,R;Statistics & Probability;Clinical Trials;Research & Experimentation;Data Modeling,137000,236000,186500,157000,221000,189000,2024-05-07,2024,5,Kaggle Data Science & AI Salaries (2020-2025) & U.S. BLS OEWS,Hugging Face Tech Job Postings Dataset,SOC 15-2041 (Statisticians)
J00713,Kasikorn Business-Technology Group (KBTG),Finance & Banking,Statistics,Statistician,Mid-Level (3-5 yrs),3,Thailand (Bangkok),Local / Thailand,R;Statistics & Probability;SQL;Time Series Analysis;Critical Thinking;Git & Version Control,75000,112000,93500,87000,125000,106000,2024-05-10,2024,5,Kaggle Data Science & AI Salaries (2020-2025) & U.S. BLS OEWS,Hugging Face Tech Job Postings Dataset,SOC 15-2041 (Statisticians)
J00714,Agoda,Tech,Statistics,Biostatistician,Senior/Lead (5+ yrs),4,Thailand (Bangkok),Local / Thailand,R;Statistics & Probability;Clinical Trials;Research & Experimentation;Data Modeling;Critical Thinking,144000,234000,189000,156000,226000,191000,2024-05-01,2024,5,Kaggle Data Science & AI Salaries (2020-2025) & U.S. BLS OEWS,Hugging Face Tech Job Postings Dataset,SOC 15-2041 (Statisticians)
J00715,SCB 10X / SCBX,Finance & Banking,Statistics,Statistician,Entry-Level (0-2 yrs),8,Thailand (Bangkok),Local / Thailand,R;Statistics & Probability;SQL;Time Series Analysis;Critical Thinking;Business Acumen,44000,57000,50500,63000,77000,70000,2024-05-02,2024,5,Kaggle Data Science & AI Salaries (2020-2025) & U.S. BLS OEWS,Hugging Face Tech Job Postings Dataset,SOC 15-2041 (Statisticians)
J00716,McKinsey & Company QuantumBlack,Consulting,Data Science,Data Scientist,Mid-Level (3-5 yrs),4,Global / Remote,Global / Remote,Python;SQL;Scikit-Learn;Statistics & Probability;Data Modeling;Business Acumen;Critical Thinking,76000,123000,99500,100000,136000,118000,2024-05-01,2024,5,Kaggle Data Science & AI Salaries (2020-2025) & U.S. BLS OEWS,Hugging Face Tech Job Postings Dataset,SOC 15-2051 (Data Scientists)
J00717,Shopee,Retail & E-Commerce,Data Science,Senior Data Scientist,Senior/Lead (5+ yrs),6,Singapore,Asia-Pacific,Python;SQL;Machine Learning;Cloud (AWS/GCP/Azure);Storytelling with Data;Airflow & ETL;LLMs & GenAI;Git & Version Control,149000,210000,179500,150000,226000,188000,2024-06-23,2024,6,Kaggle Data Science & AI Salaries (2020-2025) & U.S. BLS OEWS,Hugging Face Tech Job Postings Dataset,SOC 15-2051 (Data Scientists)
J00718,Kasikorn Business-Technology Group (KBTG),Finance & Banking,Data Science,Data Scientist,Senior/Lead (5+ yrs),1,Thailand (Bangkok),Local / Thailand,Python;SQL;Scikit-Learn;Statistics & Probability;Data Modeling;Business Acumen;Research & Experimentation;Git & Version Control,138000,238000,188000,147000,206000,176500,2024-06-05,2024,6,Kaggle Data Science & AI Salaries (2020-2025) & U.S. BLS OEWS,Hugging Face Tech Job Postings Dataset,SOC 15-2051 (Data Scientists)
J00719,Siemens AI Industry,Manufacturing,Statistics,Statistician,Entry-Level (0-2 yrs),7,Germany,Europe,R;Statistics & Probability;SQL;Time Series Analysis;Critical Thinking,46000,62000,54000,64000,84000,74000,2024-06-04,2024,6,Kaggle Data Science & AI Salaries (2020-2025) & U.S. BLS OEWS,Hugging Face Tech Job Postings Dataset,SOC 15-2041 (Statisticians)
J00720,Amazon Web Services (AWS),Tech,Statistics,Quantitative Risk Analyst,Entry-Level (0-2 yrs),9,Singapore,Asia-Pacific,Python;R;Statistics & Probability;Linear Algebra & Calculus;Financial Modeling,44000,64000,54000,58000,81000,69500,2024-06-10,2024,6,Kaggle Data Science & AI Salaries (2020-2025) & U.S. BLS OEWS,Hugging Face Tech Job Postings Dataset,SOC 15-2041 (Statisticians)
J00721,SCB 10X / SCBX,Finance & Banking,Data Science,Senior Data Scientist,Mid-Level (3-5 yrs),2,Thailand (Bangkok),Local / Thailand,Python;SQL;Machine Learning;Cloud (AWS/GCP/Azure);Storytelling with Data;Airflow & ETL;Critical Thinking;Git & Version Control,79000,124000,101500,88000,120000,104000,2024-06-15,2024,6,Kaggle Data Science & AI Salaries (2020-2025) & U.S. BLS OEWS,Hugging Face Tech Job Postings Dataset,SOC 15-2051 (Data Scientists)
J00722,McKinsey & Company QuantumBlack,Consulting,Artificial Intelligence,Generative AI Engineer,Mid-Level (3-5 yrs),3,Global / Remote,Global / Remote,Python;LLMs & GenAI;PyTorch;Cloud (AWS/GCP/Azure);Git & Version Control;Business Acumen,71000,122000,96500,93000,137000,115000,2024-06-23,2024,6,Kaggle Data Science & AI Salaries (2020-2025) & U.S. BLS OEWS,Hugging Face Tech Job Postings Dataset,SOC 15-1221 (Computer and Information Research Scientists / AI)
J00723,Google Cloud,Tech,Artificial Intelligence,Computer Vision Specialist,Senior/Lead (5+ yrs),1,US / Remote,North America,Python;PyTorch;Deep Learning;Docker & Containers;Algorithms;Storytelling with Data,165000,211000,188000,155000,229000,192000,2024-06-03,2024,6,Kaggle Data Science & AI Salaries (2020-2025) & U.S. BLS OEWS,Hugging Face Tech Job Postings Dataset,SOC 15-1221 (Computer and Information Research Scientists / AI)
J00724,Central Retail Digital,Retail & E-Commerce,Data Science,Data Engineer,Entry-Level (0-2 yrs),6,Thailand (Bangkok),Local / Thailand,Python;SQL;Big Data (Spark/Hadoop);Airflow & ETL;Cloud (AWS/GCP/Azure);Docker & Containers,47000,60000,53500,56000,78000,67000,2024-06-15,2024,6,Kaggle Data Science & AI Salaries (2020-2025) & U.S. BLS OEWS,Hugging Face Tech Job Postings Dataset,SOC 15-2051 (Data Scientists)
J00725,Line Man Wongnai,Tech,Data Science,Data Scientist,Entry-Level (0-2 yrs),9,Thailand (Bangkok),Local / Thailand,Python;SQL;Scikit-Learn;Statistics & Probability;Data Modeling;Business Acumen,41000,56000,48500,61000,76000,68500,2024-06-11,2024,6,Kaggle Data Science & AI Salaries (2020-2025) & U.S. BLS OEWS,Hugging Face Tech Job Postings Dataset,SOC 15-2051 (Data Scientists)
J00726,Kasikorn Business-Technology Group (KBTG),Finance & Banking,Statistics,Statistician,Entry-Level (0-2 yrs),3,Thailand (Bangkok),Local / Thailand,R;Statistics & Probability;SQL;Time Series Analysis;Critical Thinking,38000,58000,48000,65000,74000,69500,2024-06-09,2024,6,Kaggle Data Science & AI Salaries (2020-2025) & U.S. BLS OEWS,Hugging Face Tech Job Postings Dataset,SOC 15-2041 (Statisticians)
J00727,Amazon Web Services (AWS),Tech,Statistics,Biostatistician,Mid-Level (3-5 yrs),4,Singapore,Asia-Pacific,R;Statistics & Probability;Clinical Trials;Research & Experimentation;Data Modeling;Git & Version Control,69000,111000,90000,89000,121000,105000,2024-06-19,2024,6,Kaggle Data Science & AI Salaries (2020-2025) & U.S. BLS OEWS,Hugging Face Tech Job Postings Dataset,SOC 15-2041 (Statisticians)
J00728,PTT Digital Solutions,Energy & Manufacturing,Artificial Intelligence,Machine Learning Engineer,Mid-Level (3-5 yrs),3,Thailand (Bangkok),Local / Thailand,Python;TensorFlow;Scikit-Learn;MLOps;Cloud (AWS/GCP/Azure);Docker & Containers;LLMs & GenAI;Git & Version Control,71000,122000,96500,97000,127000,112000,2024-07-09,2024,7,Kaggle Data Science & AI Salaries (2020-2025) & U.S. BLS OEWS,Hugging Face Tech Job Postings Dataset,SOC 15-1221 (Computer and Information Research Scientists / AI)
J00729,Microsoft,Tech,Artificial Intelligence,Generative AI Engineer,Entry-Level (0-2 yrs),5,US / Remote,North America,Python;LLMs & GenAI;PyTorch;Cloud (AWS/GCP/Azure);Git & Version Control,41000,58000,49500,61000,81000,71000,2024-07-17,2024,7,Kaggle Data Science & AI Salaries (2020-2025) & U.S. BLS OEWS,Hugging Face Tech Job Postings Dataset,SOC 15-1221 (Computer and Information Research Scientists / AI)
J00730,Roche Bioinformatics,Healthcare,Statistics,Statistician,Mid-Level (3-5 yrs),6,Switzerland,Europe,R;Statistics & Probability;SQL;Time Series Analysis;Critical Thinking;Problem Solving;Git & Version Control,72000,116000,94000,86000,122000,104000,2024-07-22,2024,7,Kaggle Data Science & AI Salaries (2020-2025) & U.S. BLS OEWS,Hugging Face Tech Job Postings Dataset,SOC 15-2041 (Statisticians)
J00731,Microsoft,Tech,Data Science,Data Engineer,Entry-Level (0-2 yrs),4,US / Remote,North America,Python;SQL;Big Data (Spark/Hadoop);Airflow & ETL;Cloud (AWS/GCP/Azure);Docker & Containers,47000,63000,55000,56000,81000,68500,2024-07-01,2024,7,Kaggle Data Science & AI Salaries (2020-2025) & U.S. BLS OEWS,Hugging Face Tech Job Postings Dataset,SOC 15-2051 (Data Scientists)
J00732,Microsoft,Tech,Artificial Intelligence,Generative AI Engineer,Mid-Level (3-5 yrs),1,US / Remote,North America,Python;LLMs & GenAI;PyTorch;Cloud (AWS/GCP/Azure);Git & Version Control;Problem Solving,81000,121000,101000,101000,136000,118500,2024-07-25,2024,7,Kaggle Data Science & AI Salaries (2020-2025) & U.S. BLS OEWS,Hugging Face Tech Job Postings Dataset,SOC 15-1221 (Computer and Information Research Scientists / AI)
J00733,Grab,Tech,Artificial Intelligence,Machine Learning Engineer,Entry-Level (0-2 yrs),7,Singapore,Asia-Pacific,Python;TensorFlow;Scikit-Learn;MLOps;Cloud (AWS/GCP/Azure);Docker & Containers,42000,62000,52000,65000,75000,70000,2024-07-12,2024,7,Kaggle Data Science & AI Salaries (2020-2025) & U.S. BLS OEWS,Hugging Face Tech Job Postings Dataset,SOC 15-1221 (Computer and Information Research Scientists / AI)
J00734,Bitkub Online,Finance & Banking,Data Science,Senior Data Scientist,Senior/Lead (5+ yrs),6,Thailand (Bangkok),Local / Thailand,Python;SQL;Machine Learning;Cloud (AWS/GCP/Azure);Storytelling with Data;Airflow & ETL;Agile & Scrum;LLMs & GenAI,163000,236000,199500,162000,199000,180500,2024-07-14,2024,7,Kaggle Data Science & AI Salaries (2020-2025) & U.S. BLS OEWS,Hugging Face Tech Job Postings Dataset,SOC 15-2051 (Data Scientists)
J00735,PTT Digital Solutions,Energy & Manufacturing,Artificial Intelligence,Computer Vision Specialist,Mid-Level (3-5 yrs),1,Thailand (Bangkok),Local / Thailand,Python;PyTorch;Deep Learning;Docker & Containers;Algorithms;Problem Solving;LLMs & GenAI,72000,124000,98000,101000,126000,113500,2024-07-04,2024,7,Kaggle Data Science & AI Salaries (2020-2025) & U.S. BLS OEWS,Hugging Face Tech Job Postings Dataset,SOC 15-1221 (Computer and Information Research Scientists / AI)
J00736,Central Retail Digital,Retail & E-Commerce,Statistics,Quantitative Risk Analyst,Senior/Lead (5+ yrs),4,Thailand (Bangkok),Local / Thailand,Python;R;Statistics & Probability;Linear Algebra & Calculus;Financial Modeling,168000,235000,201500,150000,226000,188000,2024-07-19,2024,7,Kaggle Data Science & AI Salaries (2020-2025) & U.S. BLS OEWS,Hugging Face Tech Job Postings Dataset,SOC 15-2041 (Statisticians)
J00737,Deloitte Consulting AI Institute,Consulting,Data Science,Data Scientist,Entry-Level (0-2 yrs),2,Thailand (Bangkok),Local / Thailand,Python;SQL;Scikit-Learn;Statistics & Probability;Data Modeling;Business Acumen;Storytelling with Data;LLMs & GenAI;Git & Version Control,43000,62000,52500,64000,73000,68500,2024-07-10,2024,7,Kaggle Data Science & AI Salaries (2020-2025) & U.S. BLS OEWS,Hugging Face Tech Job Postings Dataset,SOC 15-2051 (Data Scientists)
J00738,Shopee,Retail & E-Commerce,Artificial Intelligence,AI Engineer,Mid-Level (3-5 yrs),6,Singapore,Asia-Pacific,Python;PyTorch;Docker & Containers;MLOps;LLMs & GenAI;Cloud (AWS/GCP/Azure);Problem Solving,70000,123000,96500,93000,125000,109000,2024-07-10,2024,7,Kaggle Data Science & AI Salaries (2020-2025) & U.S. BLS OEWS,Hugging Face Tech Job Postings Dataset,SOC 15-1221 (Computer and Information Research Scientists / AI)
J00739,SCB 10X / SCBX,Finance & Banking,Data Science,Data Scientist,Entry-Level (0-2 yrs),2,Thailand (Bangkok),Local / Thailand,Python;SQL;Scikit-Learn;Statistics & Probability;Data Modeling;Business Acumen;Git & Version Control,40000,63000,51500,56000,78000,67000,2024-07-02,2024,7,Kaggle Data Science & AI Salaries (2020-2025) & U.S. BLS OEWS,Hugging Face Tech Job Postings Dataset,SOC 15-2051 (Data Scientists)
J00740,Grab,Tech,Data Science,Senior Data Scientist,Senior/Lead (5+ yrs),5,Singapore,Asia-Pacific,Python;SQL;Machine Learning;Cloud (AWS/GCP/Azure);Storytelling with Data;Airflow & ETL;LLMs & GenAI,157000,231000,194000,149000,198000,173500,2024-08-19,2024,8,Kaggle Data Science & AI Salaries (2020-2025) & U.S. BLS OEWS,Hugging Face Tech Job Postings Dataset,SOC 15-2051 (Data Scientists)
J00741,SCB 10X / SCBX,Finance & Banking,Data Science,Data Scientist,Entry-Level (0-2 yrs),9,Thailand (Bangkok),Local / Thailand,Python;SQL;Scikit-Learn;Statistics & Probability;Data Modeling;Business Acumen;LLMs & GenAI;Git & Version Control,46000,57000,51500,62000,77000,69500,2024-08-10,2024,8,Kaggle Data Science & AI Salaries (2020-2025) & U.S. BLS OEWS,Hugging Face Tech Job Postings Dataset,SOC 15-2051 (Data Scientists)
J00742,Roche Bioinformatics,Healthcare,Data Science,Data Scientist,Entry-Level (0-2 yrs),8,Switzerland,Europe,Python;SQL;Scikit-Learn;Statistics & Probability;Data Modeling;Business Acumen;Git & Version Control,44000,58000,51000,61000,80000,70500,2024-08-10,2024,8,Kaggle Data Science & AI Salaries (2020-2025) & U.S. BLS OEWS,Hugging Face Tech Job Postings Dataset,SOC 15-2051 (Data Scientists)
J00743,Bitkub Online,Finance & Banking,Artificial Intelligence,Machine Learning Engineer,Entry-Level (0-2 yrs),9,Thailand (Bangkok),Local / Thailand,Python;TensorFlow;Scikit-Learn;MLOps;Cloud (AWS/GCP/Azure);Docker & Containers;LLMs & GenAI,43000,58000,50500,64000,77000,70500,2024-08-22,2024,8,Kaggle Data Science & AI Salaries (2020-2025) & U.S. BLS OEWS,Hugging Face Tech Job Postings Dataset,SOC 15-1221 (Computer and Information Research Scientists / AI)
J00744,BDMS Health Network,Healthcare,Statistics,Statistician,Mid-Level (3-5 yrs),4,Thailand (Bangkok),Local / Thailand,R;Statistics & Probability;SQL;Time Series Analysis;Critical Thinking;Cross-functional Communication,75000,118000,96500,85000,130000,107500,2024-08-05,2024,8,Kaggle Data Science & AI Salaries (2020-2025) & U.S. BLS OEWS,Hugging Face Tech Job Postings Dataset,SOC 15-2041 (Statisticians)
J00745,Roche Bioinformatics,Healthcare,Data Science,Data Scientist,Mid-Level (3-5 yrs),5,Switzerland,Europe,Python;SQL;Scikit-Learn;Statistics & Probability;Data Modeling;Business Acumen;LLMs & GenAI,76000,112000,94000,94000,130000,112000,2024-08-13,2024,8,Kaggle Data Science & AI Salaries (2020-2025) & U.S. BLS OEWS,Hugging Face Tech Job Postings Dataset,SOC 15-2051 (Data Scientists)
J00746,Agoda,Tech,Statistics,Statistician,Senior/Lead (5+ yrs),5,Thailand (Bangkok),Local / Thailand,R;Statistics & Probability;SQL;Time Series Analysis;Critical Thinking;Business Acumen;Git & Version Control,150000,205000,177500,146000,224000,185000,2024-08-27,2024,8,Kaggle Data Science & AI Salaries (2020-2025) & U.S. BLS OEWS,Hugging Face Tech Job Postings Dataset,SOC 15-2041 (Statisticians)
J00747,Bitkub Online,Finance & Banking,Statistics,Biostatistician,Mid-Level (3-5 yrs),3,Thailand (Bangkok),Local / Thailand,R;Statistics & Probability;Clinical Trials;Research & Experimentation;Data Modeling;Agile & Scrum,82000,112000,97000,94000,129000,111500,2024-08-05,2024,8,Kaggle Data Science & AI Salaries (2020-2025) & U.S. BLS OEWS,Hugging Face Tech Job Postings Dataset,SOC 15-2041 (Statisticians)
J00748,Meta AI,Tech,Statistics,Statistician,Entry-Level (0-2 yrs),4,US / Remote,North America,R;Statistics & Probability;SQL;Time Series Analysis;Critical Thinking;Git & Version Control,40000,58000,49000,65000,72000,68500,2024-08-04,2024,8,Kaggle Data Science & AI Salaries (2020-2025) & U.S. BLS OEWS,Hugging Face Tech Job Postings Dataset,SOC 15-2041 (Statisticians)
J00749,SCB 10X / SCBX,Finance & Banking,Artificial Intelligence,AI Engineer,Entry-Level (0-2 yrs),3,Thailand (Bangkok),Local / Thailand,Python;PyTorch;Docker & Containers;MLOps;LLMs & GenAI;Cloud (AWS/GCP/Azure);Cross-functional Communication,42000,57000,49500,56000,72000,64000,2024-08-04,2024,8,Kaggle Data Science & AI Salaries (2020-2025) & U.S. BLS OEWS,Hugging Face Tech Job Postings Dataset,SOC 15-1221 (Computer and Information Research Scientists / AI)
J00750,Bitkub Online,Finance & Banking,Data Science,Data Engineer,Mid-Level (3-5 yrs),2,Thailand (Bangkok),Local / Thailand,Python;SQL;Big Data (Spark/Hadoop);Airflow & ETL;Cloud (AWS/GCP/Azure);Docker & Containers;Research & Experimentation;LLMs & GenAI,81000,126000,103500,94000,136000,115000,2024-08-05,2024,8,Kaggle Data Science & AI Salaries (2020-2025) & U.S. BLS OEWS,Hugging Face Tech Job Postings Dataset,SOC 15-2051 (Data Scientists)
J00751,Agoda,Tech,Artificial Intelligence,Computer Vision Specialist,Entry-Level (0-2 yrs),5,Thailand (Bangkok),Local / Thailand,Python;PyTorch;Deep Learning;Docker & Containers;Algorithms;LLMs & GenAI;Git & Version Control,39000,62000,50500,61000,78000,69500,2024-08-16,2024,8,Kaggle Data Science & AI Salaries (2020-2025) & U.S. BLS OEWS,Hugging Face Tech Job Postings Dataset,SOC 15-1221 (Computer and Information Research Scientists / AI)
J00752,Central Retail Digital,Retail & E-Commerce,Data Science,Data Engineer,Mid-Level (3-5 yrs),1,Thailand (Bangkok),Local / Thailand,Python;SQL;Big Data (Spark/Hadoop);Airflow & ETL;Cloud (AWS/GCP/Azure);Docker & Containers;Git & Version Control,75000,126000,100500,87000,124000,105500,2024-09-02,2024,9,Kaggle Data Science & AI Salaries (2020-2025) & U.S. BLS OEWS,Hugging Face Tech Job Postings Dataset,SOC 15-2051 (Data Scientists)
J00753,Roche Bioinformatics,Healthcare,Statistics,Statistician,Entry-Level (0-2 yrs),7,Switzerland,Europe,R;Statistics & Probability;SQL;Time Series Analysis;Critical Thinking;Business Acumen;Git & Version Control,47000,59000,53000,62000,75000,68500,2024-09-28,2024,9,Kaggle Data Science & AI Salaries (2020-2025) & U.S. BLS OEWS,Hugging Face Tech Job Postings Dataset,SOC 15-2041 (Statisticians)
J00754,Amazon Web Services (AWS),Tech,Artificial Intelligence,Generative AI Engineer,Entry-Level (0-2 yrs),8,Singapore,Asia-Pacific,Python;LLMs & GenAI;PyTorch;Cloud (AWS/GCP/Azure);Git & Version Control;Cross-functional Communication,42000,56000,49000,56000,80000,68000,2024-09-23,2024,9,Kaggle Data Science & AI Salaries (2020-2025) & U.S. BLS OEWS,Hugging Face Tech Job Postings Dataset,SOC 15-1221 (Computer and Information Research Scientists / AI)
J00755,Grab,Tech,Data Science,Data Scientist,Mid-Level (3-5 yrs),6,Singapore,Asia-Pacific,Python;SQL;Scikit-Learn;Statistics & Probability;Data Modeling;Business Acumen;LLMs & GenAI;Git & Version Control,73000,118000,95500,100000,132000,116000,2024-09-19,2024,9,Kaggle Data Science & AI Salaries (2020-2025) & U.S. BLS OEWS,Hugging Face Tech Job Postings Dataset,SOC 15-2051 (Data Scientists)
J00756,Amazon Web Services (AWS),Tech,Statistics,Quantitative Risk Analyst,Entry-Level (0-2 yrs),7,Singapore,Asia-Pacific,Python;R;Statistics & Probability;Linear Algebra & Calculus;Financial Modeling,43000,60000,51500,61000,82000,71500,2024-09-24,2024,9,Kaggle Data Science & AI Salaries (2020-2025) & U.S. BLS OEWS,Hugging Face Tech Job Postings Dataset,SOC 15-2041 (Statisticians)
J00757,Line Man Wongnai,Tech,Artificial Intelligence,Generative AI Engineer,Entry-Level (0-2 yrs),3,Thailand (Bangkok),Local / Thailand,Python;LLMs & GenAI;PyTorch;Cloud (AWS/GCP/Azure);Git & Version Control;Agile & Scrum,42000,61000,51500,58000,75000,66500,2024-09-26,2024,9,Kaggle Data Science & AI Salaries (2020-2025) & U.S. BLS OEWS,Hugging Face Tech Job Postings Dataset,SOC 15-1221 (Computer and Information Research Scientists / AI)
J00758,PTT Digital Solutions,Energy & Manufacturing,Artificial Intelligence,Machine Learning Engineer,Senior/Lead (5+ yrs),2,Thailand (Bangkok),Local / Thailand,Python;TensorFlow;Scikit-Learn;MLOps;Cloud (AWS/GCP/Azure);Docker & Containers,159000,217000,188000,173000,227000,200000,2024-09-24,2024,9,Kaggle Data Science & AI Salaries (2020-2025) & U.S. BLS OEWS,Hugging Face Tech Job Postings Dataset,SOC 15-1221 (Computer and Information Research Scientists / AI)
J00759,SCB 10X / SCBX,Finance & Banking,Statistics,Statistician,Mid-Level (3-5 yrs),5,Thailand (Bangkok),Local / Thailand,R;Statistics & Probability;SQL;Time Series Analysis;Critical Thinking,78000,111000,94500,87000,121000,104000,2024-09-21,2024,9,Kaggle Data Science & AI Salaries (2020-2025) & U.S. BLS OEWS,Hugging Face Tech Job Postings Dataset,SOC 15-2041 (Statisticians)
J00760,Siemens AI Industry,Manufacturing,Statistics,Quantitative Risk Analyst,Entry-Level (0-2 yrs),6,Germany,Europe,Python;R;Statistics & Probability;Linear Algebra & Calculus;Financial Modeling;Git & Version Control,42000,61000,51500,57000,81000,69000,2024-09-26,2024,9,Kaggle Data Science & AI Salaries (2020-2025) & U.S. BLS OEWS,Hugging Face Tech Job Postings Dataset,SOC 15-2041 (Statisticians)
J00761,True Digital Group,Telecom,Artificial Intelligence,Machine Learning Engineer,Mid-Level (3-5 yrs),6,Thailand (Bangkok),Local / Thailand,Python;TensorFlow;Scikit-Learn;MLOps;Cloud (AWS/GCP/Azure);Docker & Containers;LLMs & GenAI;Git & Version Control,84000,112000,98000,85000,121000,103000,2024-09-28,2024,9,Kaggle Data Science & AI Salaries (2020-2025) & U.S. BLS OEWS,Hugging Face Tech Job Postings Dataset,SOC 15-1221 (Computer and Information Research Scientists / AI)
J00762,SCB 10X / SCBX,Finance & Banking,Data Science,Senior Data Scientist,Entry-Level (0-2 yrs),9,Thailand (Bangkok),Local / Thailand,Python;SQL;Machine Learning;Cloud (AWS/GCP/Azure);Storytelling with Data;Airflow & ETL;LLMs & GenAI;Git & Version Control,39000,57000,48000,64000,78000,71000,2024-09-26,2024,9,Kaggle Data Science & AI Salaries (2020-2025) & U.S. BLS OEWS,Hugging Face Tech Job Postings Dataset,SOC 15-2051 (Data Scientists)
J00763,SCB 10X / SCBX,Finance & Banking,Statistics,Statistician,Mid-Level (3-5 yrs),4,Thailand (Bangkok),Local / Thailand,R;Statistics & Probability;SQL;Time Series Analysis;Critical Thinking,82000,121000,101500,87000,129000,108000,2024-09-02,2024,9,Kaggle Data Science & AI Salaries (2020-2025) & U.S. BLS OEWS,Hugging Face Tech Job Postings Dataset,SOC 15-2041 (Statisticians)
J00764,Meta AI,Tech,Data Science,Senior Data Scientist,Entry-Level (0-2 yrs),6,US / Remote,North America,Python;SQL;Machine Learning;Cloud (AWS/GCP/Azure);Storytelling with Data;Airflow & ETL;Business Acumen;Git & Version Control,46000,57000,51500,62000,73000,67500,2024-10-28,2024,10,Kaggle Data Science & AI Salaries (2020-2025) & U.S. BLS OEWS,Hugging Face Tech Job Postings Dataset,SOC 15-2051 (Data Scientists)
J00765,Amazon Web Services (AWS),Tech,Statistics,Biostatistician,Mid-Level (3-5 yrs),4,Singapore,Asia-Pacific,R;Statistics & Probability;Clinical Trials;Research & Experimentation;Data Modeling;Business Acumen;Git & Version Control,78000,121000,99500,100000,131000,115500,2024-10-02,2024,10,Kaggle Data Science & AI Salaries (2020-2025) & U.S. BLS OEWS,Hugging Face Tech Job Postings Dataset,SOC 15-2041 (Statisticians)
J00766,Bumrungrad International Hospital,Healthcare,Data Science,Data Engineer,Entry-Level (0-2 yrs),7,Thailand (Bangkok),Local / Thailand,Python;SQL;Big Data (Spark/Hadoop);Airflow & ETL;Cloud (AWS/GCP/Azure);Docker & Containers;LLMs & GenAI;Git & Version Control,46000,55000,50500,57000,82000,69500,2024-10-02,2024,10,Kaggle Data Science & AI Salaries (2020-2025) & U.S. BLS OEWS,Hugging Face Tech Job Postings Dataset,SOC 15-2051 (Data Scientists)
J00767,PTT Digital Solutions,Energy & Manufacturing,Statistics,Statistician,Entry-Level (0-2 yrs),2,Thailand (Bangkok),Local / Thailand,R;Statistics & Probability;SQL;Time Series Analysis;Critical Thinking;Storytelling with Data,41000,55000,48000,59000,81000,70000,2024-10-05,2024,10,Kaggle Data Science & AI Salaries (2020-2025) & U.S. BLS OEWS,Hugging Face Tech Job Postings Dataset,SOC 15-2041 (Statisticians)
J00768,Central Retail Digital,Retail & E-Commerce,Artificial Intelligence,AI Engineer,Entry-Level (0-2 yrs),9,Thailand (Bangkok),Local / Thailand,Python;PyTorch;Docker & Containers;MLOps;LLMs & GenAI;Cloud (AWS/GCP/Azure);Problem Solving,42000,61000,51500,59000,76000,67500,2024-10-02,2024,10,Kaggle Data Science & AI Salaries (2020-2025) & U.S. BLS OEWS,Hugging Face Tech Job Postings Dataset,SOC 15-1221 (Computer and Information Research Scientists / AI)
J00769,Agoda,Tech,Artificial Intelligence,Generative AI Engineer,Mid-Level (3-5 yrs),4,Thailand (Bangkok),Local / Thailand,Python;LLMs & GenAI;PyTorch;Cloud (AWS/GCP/Azure);Git & Version Control;Agile & Scrum,79000,124000,101500,94000,120000,107000,2024-10-05,2024,10,Kaggle Data Science & AI Salaries (2020-2025) & U.S. BLS OEWS,Hugging Face Tech Job Postings Dataset,SOC 15-1221 (Computer and Information Research Scientists / AI)
J00770,Deloitte Consulting AI Institute,Consulting,Data Science,Data Engineer,Mid-Level (3-5 yrs),1,Thailand (Bangkok),Local / Thailand,Python;SQL;Big Data (Spark/Hadoop);Airflow & ETL;Cloud (AWS/GCP/Azure);Docker & Containers;LLMs & GenAI,75000,127000,101000,101000,126000,113500,2024-10-08,2024,10,Kaggle Data Science & AI Salaries (2020-2025) & U.S. BLS OEWS,Hugging Face Tech Job Postings Dataset,SOC 15-2051 (Data Scientists)
J00771,SCB 10X / SCBX,Finance & Banking,Statistics,Biostatistician,Entry-Level (0-2 yrs),8,Thailand (Bangkok),Local / Thailand,R;Statistics & Probability;Clinical Trials;Research & Experimentation;Data Modeling;Critical Thinking;Git & Version Control,45000,63000,54000,63000,79000,71000,2024-10-08,2024,10,Kaggle Data Science & AI Salaries (2020-2025) & U.S. BLS OEWS,Hugging Face Tech Job Postings Dataset,SOC 15-2041 (Statisticians)
J00772,Kasikorn Business-Technology Group (KBTG),Finance & Banking,Artificial Intelligence,Machine Learning Engineer,Entry-Level (0-2 yrs),9,Thailand (Bangkok),Local / Thailand,Python;TensorFlow;Scikit-Learn;MLOps;Cloud (AWS/GCP/Azure);Docker & Containers;Git & Version Control,39000,55000,47000,58000,80000,69000,2024-10-16,2024,10,Kaggle Data Science & AI Salaries (2020-2025) & U.S. BLS OEWS,Hugging Face Tech Job Postings Dataset,SOC 15-1221 (Computer and Information Research Scientists / AI)
J00773,Shopee,Retail & E-Commerce,Artificial Intelligence,Machine Learning Engineer,Entry-Level (0-2 yrs),5,Singapore,Asia-Pacific,Python;TensorFlow;Scikit-Learn;MLOps;Cloud (AWS/GCP/Azure);Docker & Containers;LLMs & GenAI;Git & Version Control,42000,62000,52000,58000,83000,70500,2024-10-25,2024,10,Kaggle Data Science & AI Salaries (2020-2025) & U.S. BLS OEWS,Hugging Face Tech Job Postings Dataset,SOC 15-1221 (Computer and Information Research Scientists / AI)
J00774,Meta AI,Tech,Data Science,Data Scientist,Senior/Lead (5+ yrs),2,US / Remote,North America,Python;SQL;Scikit-Learn;Statistics & Probability;Data Modeling;Business Acumen;LLMs & GenAI;Git & Version Control,152000,213000,182500,165000,212000,188500,2024-10-20,2024,10,Kaggle Data Science & AI Salaries (2020-2025) & U.S. BLS OEWS,Hugging Face Tech Job Postings Dataset,SOC 15-2051 (Data Scientists)
J00775,Microsoft,Tech,Data Science,Data Scientist,Entry-Level (0-2 yrs),4,US / Remote,North America,Python;SQL;Scikit-Learn;Statistics & Probability;Data Modeling;Business Acumen;LLMs & GenAI;Git & Version Control,45000,60000,52500,58000,79000,68500,2024-10-02,2024,10,Kaggle Data Science & AI Salaries (2020-2025) & U.S. BLS OEWS,Hugging Face Tech Job Postings Dataset,SOC 15-2051 (Data Scientists)
J00776,PTT Digital Solutions,Energy & Manufacturing,Statistics,Statistician,Mid-Level (3-5 yrs),4,Thailand (Bangkok),Local / Thailand,R;Statistics & Probability;SQL;Time Series Analysis;Critical Thinking;Business Acumen;Git & Version Control,84000,110000,97000,99000,124000,111500,2024-10-03,2024,10,Kaggle Data Science & AI Salaries (2020-2025) & U.S. BLS OEWS,Hugging Face Tech Job Postings Dataset,SOC 15-2041 (Statisticians)
J00777,Kasikorn Business-Technology Group (KBTG),Finance & Banking,Data Science,Data Scientist,Senior/Lead (5+ yrs),4,Thailand (Bangkok),Local / Thailand,Python;SQL;Scikit-Learn;Statistics & Probability;Data Modeling;Business Acumen,151000,235000,193000,156000,197000,176500,2024-10-02,2024,10,Kaggle Data Science & AI Salaries (2020-2025) & U.S. BLS OEWS,Hugging Face Tech Job Postings Dataset,SOC 15-2051 (Data Scientists)
J00778,Bitkub Online,Finance & Banking,Artificial Intelligence,AI Engineer,Mid-Level (3-5 yrs),3,Thailand (Bangkok),Local / Thailand,Python;PyTorch;Docker & Containers;MLOps;LLMs & GenAI;Cloud (AWS/GCP/Azure);Business Acumen;Git & Version Control,83000,128000,105500,97000,126000,111500,2024-11-19,2024,11,Kaggle Data Science & AI Salaries (2020-2025) & U.S. BLS OEWS,Hugging Face Tech Job Postings Dataset,SOC 15-1221 (Computer and Information Research Scientists / AI)
J00779,True Digital Group,Telecom,Artificial Intelligence,AI Engineer,Entry-Level (0-2 yrs),8,Thailand (Bangkok),Local / Thailand,Python;PyTorch;Docker & Containers;MLOps;LLMs & GenAI;Cloud (AWS/GCP/Azure);Storytelling with Data,46000,62000,54000,65000,81000,73000,2024-11-24,2024,11,Kaggle Data Science & AI Salaries (2020-2025) & U.S. BLS OEWS,Hugging Face Tech Job Postings Dataset,SOC 15-1221 (Computer and Information Research Scientists / AI)
J00780,Bitkub Online,Finance & Banking,Statistics,Quantitative Risk Analyst,Mid-Level (3-5 yrs),5,Thailand (Bangkok),Local / Thailand,Python;R;Statistics & Probability;Linear Algebra & Calculus;Financial Modeling;Git & Version Control,80000,125000,102500,89000,139000,114000,2024-11-08,2024,11,Kaggle Data Science & AI Salaries (2020-2025) & U.S. BLS OEWS,Hugging Face Tech Job Postings Dataset,SOC 15-2041 (Statisticians)
J00781,Grab,Tech,Artificial Intelligence,AI Engineer,Entry-Level (0-2 yrs),6,Singapore,Asia-Pacific,Python;PyTorch;Docker & Containers;MLOps;LLMs & GenAI;Cloud (AWS/GCP/Azure);Git & Version Control,38000,57000,47500,60000,76000,68000,2024-11-12,2024,11,Kaggle Data Science & AI Salaries (2020-2025) & U.S. BLS OEWS,Hugging Face Tech Job Postings Dataset,SOC 15-1221 (Computer and Information Research Scientists / AI)
J00782,Central Retail Digital,Retail & E-Commerce,Data Science,Data Scientist,Mid-Level (3-5 yrs),5,Thailand (Bangkok),Local / Thailand,Python;SQL;Scikit-Learn;Statistics & Probability;Data Modeling;Business Acumen;Cross-functional Communication;LLMs & GenAI,68000,116000,92000,96000,136000,116000,2024-11-15,2024,11,Kaggle Data Science & AI Salaries (2020-2025) & U.S. BLS OEWS,Hugging Face Tech Job Postings Dataset,SOC 15-2051 (Data Scientists)
J00783,Kasikorn Business-Technology Group (KBTG),Finance & Banking,Data Science,Senior Data Scientist,Mid-Level (3-5 yrs),5,Thailand (Bangkok),Local / Thailand,Python;SQL;Machine Learning;Cloud (AWS/GCP/Azure);Storytelling with Data;Airflow & ETL;Business Acumen;LLMs & GenAI,71000,111000,91000,100000,124000,112000,2024-11-09,2024,11,Kaggle Data Science & AI Salaries (2020-2025) & U.S. BLS OEWS,Hugging Face Tech Job Postings Dataset,SOC 15-2051 (Data Scientists)
J00784,Central Retail Digital,Retail & E-Commerce,Data Science,Data Scientist,Senior/Lead (5+ yrs),2,Thailand (Bangkok),Local / Thailand,Python;SQL;Scikit-Learn;Statistics & Probability;Data Modeling;Business Acumen;LLMs & GenAI,142000,210000,176000,170000,218000,194000,2024-11-17,2024,11,Kaggle Data Science & AI Salaries (2020-2025) & U.S. BLS OEWS,Hugging Face Tech Job Postings Dataset,SOC 15-2051 (Data Scientists)
J00785,Google Cloud,Tech,Statistics,Biostatistician,Entry-Level (0-2 yrs),5,US / Remote,North America,R;Statistics & Probability;Clinical Trials;Research & Experimentation;Data Modeling;Research & Experimentation;Git & Version Control,38000,62000,50000,57000,75000,66000,2024-11-18,2024,11,Kaggle Data Science & AI Salaries (2020-2025) & U.S. BLS OEWS,Hugging Face Tech Job Postings Dataset,SOC 15-2041 (Statisticians)
J00786,Kasikorn Business-Technology Group (KBTG),Finance & Banking,Statistics,Biostatistician,Entry-Level (0-2 yrs),3,Thailand (Bangkok),Local / Thailand,R;Statistics & Probability;Clinical Trials;Research & Experimentation;Data Modeling,38000,59000,48500,60000,75000,67500,2024-11-27,2024,11,Kaggle Data Science & AI Salaries (2020-2025) & U.S. BLS OEWS,Hugging Face Tech Job Postings Dataset,SOC 15-2041 (Statisticians)
J00787,Deloitte Consulting AI Institute,Consulting,Artificial Intelligence,Machine Learning Engineer,Mid-Level (3-5 yrs),3,Thailand (Bangkok),Local / Thailand,Python;TensorFlow;Scikit-Learn;MLOps;Cloud (AWS/GCP/Azure);Docker & Containers;LLMs & GenAI,70000,116000,93000,98000,126000,112000,2024-11-10,2024,11,Kaggle Data Science & AI Salaries (2020-2025) & U.S. BLS OEWS,Hugging Face Tech Job Postings Dataset,SOC 15-1221 (Computer and Information Research Scientists / AI)
J00788,Roche Bioinformatics,Healthcare,Artificial Intelligence,AI Engineer,Entry-Level (0-2 yrs),2,Switzerland,Europe,Python;PyTorch;Docker & Containers;MLOps;LLMs & GenAI;Cloud (AWS/GCP/Azure),40000,56000,48000,61000,73000,67000,2024-11-23,2024,11,Kaggle Data Science & AI Salaries (2020-2025) & U.S. BLS OEWS,Hugging Face Tech Job Postings Dataset,SOC 15-1221 (Computer and Information Research Scientists / AI)
J00789,Amazon Web Services (AWS),Tech,Statistics,Biostatistician,Mid-Level (3-5 yrs),2,Singapore,Asia-Pacific,R;Statistics & Probability;Clinical Trials;Research & Experimentation;Data Modeling;Agile & Scrum,74000,121000,97500,96000,122000,109000,2024-11-03,2024,11,Kaggle Data Science & AI Salaries (2020-2025) & U.S. BLS OEWS,Hugging Face Tech Job Postings Dataset,SOC 15-2041 (Statisticians)
J00790,PTT Digital Solutions,Energy & Manufacturing,Statistics,Biostatistician,Mid-Level (3-5 yrs),5,Thailand (Bangkok),Local / Thailand,R;Statistics & Probability;Clinical Trials;Research & Experimentation;Data Modeling;Research & Experimentation,78000,124000,101000,94000,121000,107500,2024-11-16,2024,11,Kaggle Data Science & AI Salaries (2020-2025) & U.S. BLS OEWS,Hugging Face Tech Job Postings Dataset,SOC 15-2041 (Statisticians)
J00791,Amazon Web Services (AWS),Tech,Statistics,Quantitative Risk Analyst,Mid-Level (3-5 yrs),3,Singapore,Asia-Pacific,Python;R;Statistics & Probability;Linear Algebra & Calculus;Financial Modeling;Business Acumen,71000,121000,96000,100000,125000,112500,2024-11-11,2024,11,Kaggle Data Science & AI Salaries (2020-2025) & U.S. BLS OEWS,Hugging Face Tech Job Postings Dataset,SOC 15-2041 (Statisticians)
J00792,Shopee,Retail & E-Commerce,Artificial Intelligence,Generative AI Engineer,Mid-Level (3-5 yrs),4,Singapore,Asia-Pacific,Python;LLMs & GenAI;PyTorch;Cloud (AWS/GCP/Azure);Git & Version Control;Storytelling with Data,74000,117000,95500,93000,138000,115500,2024-11-08,2024,11,Kaggle Data Science & AI Salaries (2020-2025) & U.S. BLS OEWS,Hugging Face Tech Job Postings Dataset,SOC 15-1221 (Computer and Information Research Scientists / AI)
J00793,Deloitte Consulting AI Institute,Consulting,Artificial Intelligence,Generative AI Engineer,Mid-Level (3-5 yrs),2,Thailand (Bangkok),Local / Thailand,Python;LLMs & GenAI;PyTorch;Cloud (AWS/GCP/Azure);Git & Version Control;Storytelling with Data,83000,115000,99000,100000,133000,116500,2024-12-09,2024,12,Kaggle Data Science & AI Salaries (2020-2025) & U.S. BLS OEWS,Hugging Face Tech Job Postings Dataset,SOC 15-1221 (Computer and Information Research Scientists / AI)
J00794,Bitkub Online,Finance & Banking,Data Science,Senior Data Scientist,Entry-Level (0-2 yrs),3,Thailand (Bangkok),Local / Thailand,Python;SQL;Machine Learning;Cloud (AWS/GCP/Azure);Storytelling with Data;Airflow & ETL;Problem Solving;LLMs & GenAI;Git & Version Control,41000,60000,50500,56000,78000,67000,2024-12-01,2024,12,Kaggle Data Science & AI Salaries (2020-2025) & U.S. BLS OEWS,Hugging Face Tech Job Postings Dataset,SOC 15-2051 (Data Scientists)
J00795,Line Man Wongnai,Tech,Artificial Intelligence,Machine Learning Engineer,Mid-Level (3-5 yrs),5,Thailand (Bangkok),Local / Thailand,Python;TensorFlow;Scikit-Learn;MLOps;Cloud (AWS/GCP/Azure);Docker & Containers;Critical Thinking;LLMs & GenAI;Git & Version Control,80000,119000,99500,86000,137000,111500,2024-12-05,2024,12,Kaggle Data Science & AI Salaries (2020-2025) & U.S. BLS OEWS,Hugging Face Tech Job Postings Dataset,SOC 15-1221 (Computer and Information Research Scientists / AI)
J00796,Amazon Web Services (AWS),Tech,Statistics,Quantitative Risk Analyst,Senior/Lead (5+ yrs),4,Singapore,Asia-Pacific,Python;R;Statistics & Probability;Linear Algebra & Calculus;Financial Modeling;Git & Version Control,146000,218000,182000,161000,220000,190500,2024-12-11,2024,12,Kaggle Data Science & AI Salaries (2020-2025) & U.S. BLS OEWS,Hugging Face Tech Job Postings Dataset,SOC 15-2041 (Statisticians)
J00797,Siemens AI Industry,Manufacturing,Statistics,Biostatistician,Mid-Level (3-5 yrs),6,Germany,Europe,R;Statistics & Probability;Clinical Trials;Research & Experimentation;Data Modeling,68000,124000,96000,91000,128000,109500,2024-12-27,2024,12,Kaggle Data Science & AI Salaries (2020-2025) & U.S. BLS OEWS,Hugging Face Tech Job Postings Dataset,SOC 15-2041 (Statisticians)
J00798,Deloitte Consulting AI Institute,Consulting,Data Science,Data Scientist,Mid-Level (3-5 yrs),6,Thailand (Bangkok),Local / Thailand,Python;SQL;Scikit-Learn;Statistics & Probability;Data Modeling;Business Acumen;Critical Thinking,70000,114000,92000,98000,138000,118000,2024-12-19,2024,12,Kaggle Data Science & AI Salaries (2020-2025) & U.S. BLS OEWS,Hugging Face Tech Job Postings Dataset,SOC 15-2051 (Data Scientists)
J00799,BDMS Health Network,Healthcare,Statistics,Statistician,Mid-Level (3-5 yrs),4,Thailand (Bangkok),Local / Thailand,R;Statistics & Probability;SQL;Time Series Analysis;Critical Thinking,71000,124000,97500,89000,135000,112000,2024-12-02,2024,12,Kaggle Data Science & AI Salaries (2020-2025) & U.S. BLS OEWS,Hugging Face Tech Job Postings Dataset,SOC 15-2041 (Statisticians)
J00800,Siemens AI Industry,Manufacturing,Statistics,Quantitative Risk Analyst,Senior/Lead (5+ yrs),5,Germany,Europe,Python;R;Statistics & Probability;Linear Algebra & Calculus;Financial Modeling;Problem Solving,152000,237000,194500,153000,208000,180500,2024-12-24,2024,12,Kaggle Data Science & AI Salaries (2020-2025) & U.S. BLS OEWS,Hugging Face Tech Job Postings Dataset,SOC 15-2041 (Statisticians)
J00801,True Digital Group,Telecom,Data Science,Data Engineer,Mid-Level (3-5 yrs),5,Thailand (Bangkok),Local / Thailand,Python;SQL;Big Data (Spark/Hadoop);Airflow & ETL;Cloud (AWS/GCP/Azure);Docker & Containers;LLMs & GenAI,82000,116000,99000,90000,122000,106000,2024-12-06,2024,12,Kaggle Data Science & AI Salaries (2020-2025) & U.S. BLS OEWS,Hugging Face Tech Job Postings Dataset,SOC 15-2051 (Data Scientists)
J00802,Bitkub Online,Finance & Banking,Data Science,Data Scientist,Senior/Lead (5+ yrs),1,Thailand (Bangkok),Local / Thailand,Python;SQL;Scikit-Learn;Statistics & Probability;Data Modeling;Business Acumen;Research & Experimentation;Git & Version Control,166000,227000,196500,149000,202000,175500,2024-12-02,2024,12,Kaggle Data Science & AI Salaries (2020-2025) & U.S. BLS OEWS,Hugging Face Tech Job Postings Dataset,SOC 15-2051 (Data Scientists)
J00803,Meta AI,Tech,Statistics,Quantitative Risk Analyst,Mid-Level (3-5 yrs),1,US / Remote,North America,Python;R;Statistics & Probability;Linear Algebra & Calculus;Financial Modeling;Cross-functional Communication;Git & Version Control,76000,126000,101000,91000,124000,107500,2024-12-17,2024,12,Kaggle Data Science & AI Salaries (2020-2025) & U.S. BLS OEWS,Hugging Face Tech Job Postings Dataset,SOC 15-2041 (Statisticians)
J00804,Grab,Tech,Statistics,Statistician,Entry-Level (0-2 yrs),3,Singapore,Asia-Pacific,R;Statistics & Probability;SQL;Time Series Analysis;Critical Thinking,44000,64000,54000,56000,83000,69500,2024-12-05,2024,12,Kaggle Data Science & AI Salaries (2020-2025) & U.S. BLS OEWS,Hugging Face Tech Job Postings Dataset,SOC 15-2041 (Statisticians)
J00805,Central Retail Digital,Retail & E-Commerce,Artificial Intelligence,Machine Learning Engineer,Senior/Lead (5+ yrs),1,Thailand (Bangkok),Local / Thailand,Python;TensorFlow;Scikit-Learn;MLOps;Cloud (AWS/GCP/Azure);Docker & Containers;LLMs & GenAI;Git & Version Control,160000,212000,186000,147000,200000,173500,2024-12-22,2024,12,Kaggle Data Science & AI Salaries (2020-2025) & U.S. BLS OEWS,Hugging Face Tech Job Postings Dataset,SOC 15-1221 (Computer and Information Research Scientists / AI)
J00806,SCB 10X / SCBX,Finance & Banking,Data Science,Senior Data Scientist,Senior/Lead (5+ yrs),1,Thailand (Bangkok),Local / Thailand,Python;SQL;Machine Learning;Cloud (AWS/GCP/Azure);Storytelling with Data;Airflow & ETL;Agile & Scrum;LLMs & GenAI;Git & Version Control,149000,237000,193000,168000,206000,187000,2025-01-21,2025,1,Kaggle Data Science & AI Salaries (2020-2025) & U.S. BLS OEWS,Hugging Face Tech Job Postings Dataset,SOC 15-2051 (Data Scientists)
J00807,Agoda,Tech,Artificial Intelligence,Generative AI Engineer,Entry-Level (0-2 yrs),8,Thailand (Bangkok),Local / Thailand,Python;LLMs & GenAI;PyTorch;Cloud (AWS/GCP/Azure);Git & Version Control,46000,57000,51500,57000,78000,67500,2025-01-06,2025,1,Kaggle Data Science & AI Salaries (2020-2025) & U.S. BLS OEWS,Hugging Face Tech Job Postings Dataset,SOC 15-1221 (Computer and Information Research Scientists / AI)
J00808,Microsoft,Tech,Data Science,Data Scientist,Entry-Level (0-2 yrs),3,US / Remote,North America,Python;SQL;Scikit-Learn;Statistics & Probability;Data Modeling;Business Acumen;LLMs & GenAI,47000,63000,55000,63000,72000,67500,2025-01-06,2025,1,Kaggle Data Science & AI Salaries (2020-2025) & U.S. BLS OEWS,Hugging Face Tech Job Postings Dataset,SOC 15-2051 (Data Scientists)
J00809,Kasikorn Business-Technology Group (KBTG),Finance & Banking,Data Science,Data Engineer,Mid-Level (3-5 yrs),5,Thailand (Bangkok),Local / Thailand,Python;SQL;Big Data (Spark/Hadoop);Airflow & ETL;Cloud (AWS/GCP/Azure);Docker & Containers;Problem Solving;LLMs & GenAI;Git & Version Control,74000,121000,97500,95000,129000,112000,2025-01-10,2025,1,Kaggle Data Science & AI Salaries (2020-2025) & U.S. BLS OEWS,Hugging Face Tech Job Postings Dataset,SOC 15-2051 (Data Scientists)
J00810,Microsoft,Tech,Statistics,Statistician,Mid-Level (3-5 yrs),4,US / Remote,North America,R;Statistics & Probability;SQL;Time Series Analysis;Critical Thinking;Research & Experimentation;Git & Version Control,78000,121000,99500,90000,123000,106500,2025-01-14,2025,1,Kaggle Data Science & AI Salaries (2020-2025) & U.S. BLS OEWS,Hugging Face Tech Job Postings Dataset,SOC 15-2041 (Statisticians)
J00811,Google Cloud,Tech,Data Science,Senior Data Scientist,Entry-Level (0-2 yrs),8,US / Remote,North America,Python;SQL;Machine Learning;Cloud (AWS/GCP/Azure);Storytelling with Data;Airflow & ETL;Agile & Scrum;Git & Version Control,39000,59000,49000,58000,73000,65500,2025-01-27,2025,1,Kaggle Data Science & AI Salaries (2020-2025) & U.S. BLS OEWS,Hugging Face Tech Job Postings Dataset,SOC 15-2051 (Data Scientists)
J00812,Microsoft,Tech,Statistics,Biostatistician,Mid-Level (3-5 yrs),2,US / Remote,North America,R;Statistics & Probability;Clinical Trials;Research & Experimentation;Data Modeling;Git & Version Control,68000,115000,91500,88000,136000,112000,2025-01-11,2025,1,Kaggle Data Science & AI Salaries (2020-2025) & U.S. BLS OEWS,Hugging Face Tech Job Postings Dataset,SOC 15-2041 (Statisticians)
J00813,Central Retail Digital,Retail & E-Commerce,Data Science,Senior Data Scientist,Mid-Level (3-5 yrs),4,Thailand (Bangkok),Local / Thailand,Python;SQL;Machine Learning;Cloud (AWS/GCP/Azure);Storytelling with Data;Airflow & ETL;LLMs & GenAI,75000,115000,95000,85000,129000,107000,2025-01-15,2025,1,Kaggle Data Science & AI Salaries (2020-2025) & U.S. BLS OEWS,Hugging Face Tech Job Postings Dataset,SOC 15-2051 (Data Scientists)
J00814,Deloitte Consulting AI Institute,Consulting,Artificial Intelligence,Generative AI Engineer,Mid-Level (3-5 yrs),2,Thailand (Bangkok),Local / Thailand,Python;LLMs & GenAI;PyTorch;Cloud (AWS/GCP/Azure);Git & Version Control;Problem Solving,77000,125000,101000,86000,139000,112500,2025-01-20,2025,1,Kaggle Data Science & AI Salaries (2020-2025) & U.S. BLS OEWS,Hugging Face Tech Job Postings Dataset,SOC 15-1221 (Computer and Information Research Scientists / AI)
J00815,Meta AI,Tech,Artificial Intelligence,AI Engineer,Senior/Lead (5+ yrs),1,US / Remote,North America,Python;PyTorch;Docker & Containers;MLOps;LLMs & GenAI;Cloud (AWS/GCP/Azure);Storytelling with Data,162000,207000,184500,165000,226000,195500,2025-01-02,2025,1,Kaggle Data Science & AI Salaries (2020-2025) & U.S. BLS OEWS,Hugging Face Tech Job Postings Dataset,SOC 15-1221 (Computer and Information Research Scientists / AI)
J00816,Amazon Web Services (AWS),Tech,Artificial Intelligence,Generative AI Engineer,Mid-Level (3-5 yrs),2,Singapore,Asia-Pacific,Python;LLMs & GenAI;PyTorch;Cloud (AWS/GCP/Azure);Git & Version Control,84000,126000,105000,91000,134000,112500,2025-01-06,2025,1,Kaggle Data Science & AI Salaries (2020-2025) & U.S. BLS OEWS,Hugging Face Tech Job Postings Dataset,SOC 15-1221 (Computer and Information Research Scientists / AI)
J00817,BDMS Health Network,Healthcare,Data Science,Senior Data Scientist,Mid-Level (3-5 yrs),5,Thailand (Bangkok),Local / Thailand,Python;SQL;Machine Learning;Cloud (AWS/GCP/Azure);Storytelling with Data;Airflow & ETL;Critical Thinking;LLMs & GenAI;Git & Version Control,80000,128000,104000,85000,119000,102000,2025-01-02,2025,1,Kaggle Data Science & AI Salaries (2020-2025) & U.S. BLS OEWS,Hugging Face Tech Job Postings Dataset,SOC 15-2051 (Data Scientists)
J00818,Line Man Wongnai,Tech,Data Science,Data Scientist,Entry-Level (0-2 yrs),5,Thailand (Bangkok),Local / Thailand,Python;SQL;Scikit-Learn;Statistics & Probability;Data Modeling;Business Acumen;Cross-functional Communication;LLMs & GenAI,43000,61000,52000,55000,81000,68000,2025-01-24,2025,1,Kaggle Data Science & AI Salaries (2020-2025) & U.S. BLS OEWS,Hugging Face Tech Job Postings Dataset,SOC 15-2051 (Data Scientists)
J00819,Central Retail Digital,Retail & E-Commerce,Artificial Intelligence,Machine Learning Engineer,Entry-Level (0-2 yrs),8,Thailand (Bangkok),Local / Thailand,Python;TensorFlow;Scikit-Learn;MLOps;Cloud (AWS/GCP/Azure);Docker & Containers;LLMs & GenAI,38000,62000,50000,60000,83000,71500,2025-01-27,2025,1,Kaggle Data Science & AI Salaries (2020-2025) & U.S. BLS OEWS,Hugging Face Tech Job Postings Dataset,SOC 15-1221 (Computer and Information Research Scientists / AI)
J00820,Roche Bioinformatics,Healthcare,Data Science,Data Scientist,Mid-Level (3-5 yrs),4,Switzerland,Europe,Python;SQL;Scikit-Learn;Statistics & Probability;Data Modeling;Business Acumen;LLMs & GenAI,76000,110000,93000,89000,123000,106000,2025-01-10,2025,1,Kaggle Data Science & AI Salaries (2020-2025) & U.S. BLS OEWS,Hugging Face Tech Job Postings Dataset,SOC 15-2051 (Data Scientists)
J00821,Deloitte Consulting AI Institute,Consulting,Artificial Intelligence,Machine Learning Engineer,Entry-Level (0-2 yrs),8,Thailand (Bangkok),Local / Thailand,Python;TensorFlow;Scikit-Learn;MLOps;Cloud (AWS/GCP/Azure);Docker & Containers,43000,59000,51000,64000,79000,71500,2025-01-13,2025,1,Kaggle Data Science & AI Salaries (2020-2025) & U.S. BLS OEWS,Hugging Face Tech Job Postings Dataset,SOC 15-1221 (Computer and Information Research Scientists / AI)
J00822,Meta AI,Tech,Artificial Intelligence,Machine Learning Engineer,Mid-Level (3-5 yrs),5,US / Remote,North America,Python;TensorFlow;Scikit-Learn;MLOps;Cloud (AWS/GCP/Azure);Docker & Containers;Agile & Scrum,84000,118000,101000,88000,126000,107000,2025-02-21,2025,2,Kaggle Data Science & AI Salaries (2020-2025) & U.S. BLS OEWS,Hugging Face Tech Job Postings Dataset,SOC 15-1221 (Computer and Information Research Scientists / AI)
J00823,SCB 10X / SCBX,Finance & Banking,Artificial Intelligence,Machine Learning Engineer,Mid-Level (3-5 yrs),2,Thailand (Bangkok),Local / Thailand,Python;TensorFlow;Scikit-Learn;MLOps;Cloud (AWS/GCP/Azure);Docker & Containers;Cross-functional Communication;LLMs & GenAI;Git & Version Control,82000,120000,101000,89000,121000,105000,2025-02-25,2025,2,Kaggle Data Science & AI Salaries (2020-2025) & U.S. BLS OEWS,Hugging Face Tech Job Postings Dataset,SOC 15-1221 (Computer and Information Research Scientists / AI)
J00824,PTT Digital Solutions,Energy & Manufacturing,Artificial Intelligence,AI Engineer,Mid-Level (3-5 yrs),3,Thailand (Bangkok),Local / Thailand,Python;PyTorch;Docker & Containers;MLOps;LLMs & GenAI;Cloud (AWS/GCP/Azure);Storytelling with Data,75000,124000,99500,99000,119000,109000,2025-02-01,2025,2,Kaggle Data Science & AI Salaries (2020-2025) & U.S. BLS OEWS,Hugging Face Tech Job Postings Dataset,SOC 15-1221 (Computer and Information Research Scientists / AI)
J00825,Central Retail Digital,Retail & E-Commerce,Artificial Intelligence,Generative AI Engineer,Mid-Level (3-5 yrs),4,Thailand (Bangkok),Local / Thailand,Python;LLMs & GenAI;PyTorch;Cloud (AWS/GCP/Azure);Git & Version Control;Storytelling with Data,77000,116000,96500,96000,125000,110500,2025-02-18,2025,2,Kaggle Data Science & AI Salaries (2020-2025) & U.S. BLS OEWS,Hugging Face Tech Job Postings Dataset,SOC 15-1221 (Computer and Information Research Scientists / AI)
J00826,SCB 10X / SCBX,Finance & Banking,Artificial Intelligence,Machine Learning Engineer,Mid-Level (3-5 yrs),1,Thailand (Bangkok),Local / Thailand,Python;TensorFlow;Scikit-Learn;MLOps;Cloud (AWS/GCP/Azure);Docker & Containers;LLMs & GenAI;Git & Version Control,74000,125000,99500,87000,134000,110500,2025-02-02,2025,2,Kaggle Data Science & AI Salaries (2020-2025) & U.S. BLS OEWS,Hugging Face Tech Job Postings Dataset,SOC 15-1221 (Computer and Information Research Scientists / AI)
J00827,Deloitte Consulting AI Institute,Consulting,Statistics,Statistician,Entry-Level (0-2 yrs),9,Thailand (Bangkok),Local / Thailand,R;Statistics & Probability;SQL;Time Series Analysis;Critical Thinking;Git & Version Control,39000,63000,51000,59000,72000,65500,2025-02-24,2025,2,Kaggle Data Science & AI Salaries (2020-2025) & U.S. BLS OEWS,Hugging Face Tech Job Postings Dataset,SOC 15-2041 (Statisticians)
J00828,Central Retail Digital,Retail & E-Commerce,Statistics,Quantitative Risk Analyst,Entry-Level (0-2 yrs),7,Thailand (Bangkok),Local / Thailand,Python;R;Statistics & Probability;Linear Algebra & Calculus;Financial Modeling;Agile & Scrum,43000,56000,49500,58000,80000,69000,2025-02-20,2025,2,Kaggle Data Science & AI Salaries (2020-2025) & U.S. BLS OEWS,Hugging Face Tech Job Postings Dataset,SOC 15-2041 (Statisticians)
J00829,Central Retail Digital,Retail & E-Commerce,Statistics,Statistician,Mid-Level (3-5 yrs),3,Thailand (Bangkok),Local / Thailand,R;Statistics & Probability;SQL;Time Series Analysis;Critical Thinking;Research & Experimentation,83000,124000,103500,99000,121000,110000,2025-02-11,2025,2,Kaggle Data Science & AI Salaries (2020-2025) & U.S. BLS OEWS,Hugging Face Tech Job Postings Dataset,SOC 15-2041 (Statisticians)
J00830,Deloitte Consulting AI Institute,Consulting,Artificial Intelligence,Computer Vision Specialist,Entry-Level (0-2 yrs),3,Thailand (Bangkok),Local / Thailand,Python;PyTorch;Deep Learning;Docker & Containers;Algorithms;LLMs & GenAI,47000,55000,51000,62000,74000,68000,2025-02-20,2025,2,Kaggle Data Science & AI Salaries (2020-2025) & U.S. BLS OEWS,Hugging Face Tech Job Postings Dataset,SOC 15-1221 (Computer and Information Research Scientists / AI)
J00831,Google Cloud,Tech,Statistics,Biostatistician,Entry-Level (0-2 yrs),7,US / Remote,North America,R;Statistics & Probability;Clinical Trials;Research & Experimentation;Data Modeling,44000,63000,53500,58000,72000,65000,2025-02-28,2025,2,Kaggle Data Science & AI Salaries (2020-2025) & U.S. BLS OEWS,Hugging Face Tech Job Postings Dataset,SOC 15-2041 (Statisticians)
J00832,Deloitte Consulting AI Institute,Consulting,Statistics,Biostatistician,Mid-Level (3-5 yrs),3,Thailand (Bangkok),Local / Thailand,R;Statistics & Probability;Clinical Trials;Research & Experimentation;Data Modeling;Critical Thinking;Git & Version Control,78000,118000,98000,89000,130000,109500,2025-02-04,2025,2,Kaggle Data Science & AI Salaries (2020-2025) & U.S. BLS OEWS,Hugging Face Tech Job Postings Dataset,SOC 15-2041 (Statisticians)
J00833,True Digital Group,Telecom,Data Science,Data Scientist,Entry-Level (0-2 yrs),3,Thailand (Bangkok),Local / Thailand,Python;SQL;Scikit-Learn;Statistics & Probability;Data Modeling;Business Acumen;Research & Experimentation;LLMs & GenAI,39000,60000,49500,62000,77000,69500,2025-02-26,2025,2,Kaggle Data Science & AI Salaries (2020-2025) & U.S. BLS OEWS,Hugging Face Tech Job Postings Dataset,SOC 15-2051 (Data Scientists)
J00834,Roche Bioinformatics,Healthcare,Statistics,Statistician,Entry-Level (0-2 yrs),2,Switzerland,Europe,R;Statistics & Probability;SQL;Time Series Analysis;Critical Thinking,45000,64000,54500,56000,82000,69000,2025-03-28,2025,3,Kaggle Data Science & AI Salaries (2020-2025) & U.S. BLS OEWS,Hugging Face Tech Job Postings Dataset,SOC 15-2041 (Statisticians)
J00835,Agoda,Tech,Data Science,Senior Data Scientist,Entry-Level (0-2 yrs),2,Thailand (Bangkok),Local / Thailand,Python;SQL;Machine Learning;Cloud (AWS/GCP/Azure);Storytelling with Data;Airflow & ETL;LLMs & GenAI,39000,63000,51000,59000,78000,68500,2025-03-13,2025,3,Kaggle Data Science & AI Salaries (2020-2025) & U.S. BLS OEWS,Hugging Face Tech Job Postings Dataset,SOC 15-2051 (Data Scientists)
J00836,McKinsey & Company QuantumBlack,Consulting,Data Science,Data Engineer,Mid-Level (3-5 yrs),3,Global / Remote,Global / Remote,Python;SQL;Big Data (Spark/Hadoop);Airflow & ETL;Cloud (AWS/GCP/Azure);Docker & Containers;Problem Solving;LLMs & GenAI;Git & Version Control,73000,120000,96500,94000,137000,115500,2025-03-23,2025,3,Kaggle Data Science & AI Salaries (2020-2025) & U.S. BLS OEWS,Hugging Face Tech Job Postings Dataset,SOC 15-2051 (Data Scientists)
J00837,Grab,Tech,Data Science,Data Engineer,Mid-Level (3-5 yrs),4,Singapore,Asia-Pacific,Python;SQL;Big Data (Spark/Hadoop);Airflow & ETL;Cloud (AWS/GCP/Azure);Docker & Containers;Problem Solving,79000,115000,97000,87000,137000,112000,2025-03-15,2025,3,Kaggle Data Science & AI Salaries (2020-2025) & U.S. BLS OEWS,Hugging Face Tech Job Postings Dataset,SOC 15-2051 (Data Scientists)
J00838,BDMS Health Network,Healthcare,Data Science,Data Engineer,Entry-Level (0-2 yrs),5,Thailand (Bangkok),Local / Thailand,Python;SQL;Big Data (Spark/Hadoop);Airflow & ETL;Cloud (AWS/GCP/Azure);Docker & Containers;LLMs & GenAI,41000,56000,48500,63000,72000,67500,2025-03-10,2025,3,Kaggle Data Science & AI Salaries (2020-2025) & U.S. BLS OEWS,Hugging Face Tech Job Postings Dataset,SOC 15-2051 (Data Scientists)
J00839,Bumrungrad International Hospital,Healthcare,Artificial Intelligence,Machine Learning Engineer,Senior/Lead (5+ yrs),3,Thailand (Bangkok),Local / Thailand,Python;TensorFlow;Scikit-Learn;MLOps;Cloud (AWS/GCP/Azure);Docker & Containers;Cross-functional Communication;Git & Version Control,151000,204000,177500,152000,217000,184500,2025-03-09,2025,3,Kaggle Data Science & AI Salaries (2020-2025) & U.S. BLS OEWS,Hugging Face Tech Job Postings Dataset,SOC 15-1221 (Computer and Information Research Scientists / AI)
J00840,Central Retail Digital,Retail & E-Commerce,Artificial Intelligence,AI Engineer,Senior/Lead (5+ yrs),1,Thailand (Bangkok),Local / Thailand,Python;PyTorch;Docker & Containers;MLOps;LLMs & GenAI;Cloud (AWS/GCP/Azure),164000,237000,200500,173000,217000,195000,2025-03-28,2025,3,Kaggle Data Science & AI Salaries (2020-2025) & U.S. BLS OEWS,Hugging Face Tech Job Postings Dataset,SOC 15-1221 (Computer and Information Research Scientists / AI)
J00841,Meta AI,Tech,Artificial Intelligence,Machine Learning Engineer,Entry-Level (0-2 yrs),2,US / Remote,North America,Python;TensorFlow;Scikit-Learn;MLOps;Cloud (AWS/GCP/Azure);Docker & Containers;Critical Thinking;LLMs & GenAI;Git & Version Control,43000,62000,52500,62000,74000,68000,2025-03-02,2025,3,Kaggle Data Science & AI Salaries (2020-2025) & U.S. BLS OEWS,Hugging Face Tech Job Postings Dataset,SOC 15-1221 (Computer and Information Research Scientists / AI)
J00842,Google Cloud,Tech,Artificial Intelligence,AI Engineer,Entry-Level (0-2 yrs),6,US / Remote,North America,Python;PyTorch;Docker & Containers;MLOps;LLMs & GenAI;Cloud (AWS/GCP/Azure);Research & Experimentation;Git & Version Control,47000,57000,52000,61000,72000,66500,2025-03-23,2025,3,Kaggle Data Science & AI Salaries (2020-2025) & U.S. BLS OEWS,Hugging Face Tech Job Postings Dataset,SOC 15-1221 (Computer and Information Research Scientists / AI)
J00843,Line Man Wongnai,Tech,Statistics,Biostatistician,Mid-Level (3-5 yrs),3,Thailand (Bangkok),Local / Thailand,R;Statistics & Probability;Clinical Trials;Research & Experimentation;Data Modeling;Critical Thinking,76000,128000,102000,91000,136000,113500,2025-03-25,2025,3,Kaggle Data Science & AI Salaries (2020-2025) & U.S. BLS OEWS,Hugging Face Tech Job Postings Dataset,SOC 15-2041 (Statisticians)
J00844,Amazon Web Services (AWS),Tech,Artificial Intelligence,Computer Vision Specialist,Mid-Level (3-5 yrs),1,Singapore,Asia-Pacific,Python;PyTorch;Deep Learning;Docker & Containers;Algorithms;LLMs & GenAI;Git & Version Control,70000,111000,90500,95000,133000,114000,2025-03-01,2025,3,Kaggle Data Science & AI Salaries (2020-2025) & U.S. BLS OEWS,Hugging Face Tech Job Postings Dataset,SOC 15-1221 (Computer and Information Research Scientists / AI)
J00845,Bitkub Online,Finance & Banking,Data Science,Data Scientist,Mid-Level (3-5 yrs),1,Thailand (Bangkok),Local / Thailand,Python;SQL;Scikit-Learn;Statistics & Probability;Data Modeling;Business Acumen,73000,121000,97000,96000,130000,113000,2025-03-24,2025,3,Kaggle Data Science & AI Salaries (2020-2025) & U.S. BLS OEWS,Hugging Face Tech Job Postings Dataset,SOC 15-2051 (Data Scientists)
J00846,SCB 10X / SCBX,Finance & Banking,Artificial Intelligence,Computer Vision Specialist,Entry-Level (0-2 yrs),2,Thailand (Bangkok),Local / Thailand,Python;PyTorch;Deep Learning;Docker & Containers;Algorithms;LLMs & GenAI,45000,62000,53500,57000,77000,67000,2025-03-27,2025,3,Kaggle Data Science & AI Salaries (2020-2025) & U.S. BLS OEWS,Hugging Face Tech Job Postings Dataset,SOC 15-1221 (Computer and Information Research Scientists / AI)
J00847,True Digital Group,Telecom,Artificial Intelligence,Computer Vision Specialist,Entry-Level (0-2 yrs),8,Thailand (Bangkok),Local / Thailand,Python;PyTorch;Deep Learning;Docker & Containers;Algorithms;Git & Version Control,44000,56000,50000,56000,76000,66000,2025-03-06,2025,3,Kaggle Data Science & AI Salaries (2020-2025) & U.S. BLS OEWS,Hugging Face Tech Job Postings Dataset,SOC 15-1221 (Computer and Information Research Scientists / AI)
J00848,Bitkub Online,Finance & Banking,Data Science,Data Scientist,Mid-Level (3-5 yrs),3,Thailand (Bangkok),Local / Thailand,Python;SQL;Scikit-Learn;Statistics & Probability;Data Modeling;Business Acumen;Research & Experimentation;LLMs & GenAI;Git & Version Control,69000,117000,93000,91000,135000,113000,2025-03-02,2025,3,Kaggle Data Science & AI Salaries (2020-2025) & U.S. BLS OEWS,Hugging Face Tech Job Postings Dataset,SOC 15-2051 (Data Scientists)
J00849,Siemens AI Industry,Manufacturing,Data Science,Data Engineer,Entry-Level (0-2 yrs),5,Germany,Europe,Python;SQL;Big Data (Spark/Hadoop);Airflow & ETL;Cloud (AWS/GCP/Azure);Docker & Containers;Git & Version Control,47000,59000,53000,62000,80000,71000,2025-04-18,2025,4,Kaggle Data Science & AI Salaries (2020-2025) & U.S. BLS OEWS,Hugging Face Tech Job Postings Dataset,SOC 15-2051 (Data Scientists)
J00850,Central Retail Digital,Retail & E-Commerce,Artificial Intelligence,Machine Learning Engineer,Mid-Level (3-5 yrs),2,Thailand (Bangkok),Local / Thailand,Python;TensorFlow;Scikit-Learn;MLOps;Cloud (AWS/GCP/Azure);Docker & Containers;Problem Solving;LLMs & GenAI,72000,119000,95500,85000,121000,103000,2025-04-11,2025,4,Kaggle Data Science & AI Salaries (2020-2025) & U.S. BLS OEWS,Hugging Face Tech Job Postings Dataset,SOC 15-1221 (Computer and Information Research Scientists / AI)
J00851,BDMS Health Network,Healthcare,Statistics,Biostatistician,Mid-Level (3-5 yrs),5,Thailand (Bangkok),Local / Thailand,R;Statistics & Probability;Clinical Trials;Research & Experimentation;Data Modeling;Problem Solving,83000,116000,99500,86000,126000,106000,2025-04-11,2025,4,Kaggle Data Science & AI Salaries (2020-2025) & U.S. BLS OEWS,Hugging Face Tech Job Postings Dataset,SOC 15-2041 (Statisticians)
J00852,Bumrungrad International Hospital,Healthcare,Artificial Intelligence,Machine Learning Engineer,Entry-Level (0-2 yrs),7,Thailand (Bangkok),Local / Thailand,Python;TensorFlow;Scikit-Learn;MLOps;Cloud (AWS/GCP/Azure);Docker & Containers;Cross-functional Communication;LLMs & GenAI;Git & Version Control,40000,59000,49500,57000,72000,64500,2025-04-24,2025,4,Kaggle Data Science & AI Salaries (2020-2025) & U.S. BLS OEWS,Hugging Face Tech Job Postings Dataset,SOC 15-1221 (Computer and Information Research Scientists / AI)
J00853,McKinsey & Company QuantumBlack,Consulting,Statistics,Statistician,Senior/Lead (5+ yrs),3,Global / Remote,Global / Remote,R;Statistics & Probability;SQL;Time Series Analysis;Critical Thinking;Git & Version Control,159000,225000,192000,158000,209000,183500,2025-04-08,2025,4,Kaggle Data Science & AI Salaries (2020-2025) & U.S. BLS OEWS,Hugging Face Tech Job Postings Dataset,SOC 15-2041 (Statisticians)
J00854,Amazon Web Services (AWS),Tech,Artificial Intelligence,Machine Learning Engineer,Mid-Level (3-5 yrs),3,Singapore,Asia-Pacific,Python;TensorFlow;Scikit-Learn;MLOps;Cloud (AWS/GCP/Azure);Docker & Containers;Storytelling with Data;LLMs & GenAI;Git & Version Control,84000,118000,101000,85000,129000,107000,2025-04-07,2025,4,Kaggle Data Science & AI Salaries (2020-2025) & U.S. BLS OEWS,Hugging Face Tech Job Postings Dataset,SOC 15-1221 (Computer and Information Research Scientists / AI)
J00855,Siemens AI Industry,Manufacturing,Artificial Intelligence,Computer Vision Specialist,Entry-Level (0-2 yrs),7,Germany,Europe,Python;PyTorch;Deep Learning;Docker & Containers;Algorithms,45000,55000,50000,55000,82000,68500,2025-04-15,2025,4,Kaggle Data Science & AI Salaries (2020-2025) & U.S. BLS OEWS,Hugging Face Tech Job Postings Dataset,SOC 15-1221 (Computer and Information Research Scientists / AI)
J00856,Agoda,Tech,Artificial Intelligence,Computer Vision Specialist,Entry-Level (0-2 yrs),4,Thailand (Bangkok),Local / Thailand,Python;PyTorch;Deep Learning;Docker & Containers;Algorithms;Git & Version Control,40000,56000,48000,57000,74000,65500,2025-04-28,2025,4,Kaggle Data Science & AI Salaries (2020-2025) & U.S. BLS OEWS,Hugging Face Tech Job Postings Dataset,SOC 15-1221 (Computer and Information Research Scientists / AI)
J00857,BDMS Health Network,Healthcare,Artificial Intelligence,AI Engineer,Mid-Level (3-5 yrs),3,Thailand (Bangkok),Local / Thailand,Python;PyTorch;Docker & Containers;MLOps;LLMs & GenAI;Cloud (AWS/GCP/Azure),69000,121000,95000,91000,123000,107000,2025-04-15,2025,4,Kaggle Data Science & AI Salaries (2020-2025) & U.S. BLS OEWS,Hugging Face Tech Job Postings Dataset,SOC 15-1221 (Computer and Information Research Scientists / AI)
J00858,PTT Digital Solutions,Energy & Manufacturing,Artificial Intelligence,Machine Learning Engineer,Mid-Level (3-5 yrs),3,Thailand (Bangkok),Local / Thailand,Python;TensorFlow;Scikit-Learn;MLOps;Cloud (AWS/GCP/Azure);Docker & Containers;Agile & Scrum;LLMs & GenAI;Git & Version Control,80000,113000,96500,98000,137000,117500,2025-04-18,2025,4,Kaggle Data Science & AI Salaries (2020-2025) & U.S. BLS OEWS,Hugging Face Tech Job Postings Dataset,SOC 15-1221 (Computer and Information Research Scientists / AI)
J00859,SCB 10X / SCBX,Finance & Banking,Data Science,Senior Data Scientist,Mid-Level (3-5 yrs),6,Thailand (Bangkok),Local / Thailand,Python;SQL;Machine Learning;Cloud (AWS/GCP/Azure);Storytelling with Data;Airflow & ETL;Git & Version Control,84000,111000,97500,100000,122000,111000,2025-04-01,2025,4,Kaggle Data Science & AI Salaries (2020-2025) & U.S. BLS OEWS,Hugging Face Tech Job Postings Dataset,SOC 15-2051 (Data Scientists)
J00860,Roche Bioinformatics,Healthcare,Statistics,Biostatistician,Mid-Level (3-5 yrs),1,Switzerland,Europe,R;Statistics & Probability;Clinical Trials;Research & Experimentation;Data Modeling,78000,113000,95500,88000,123000,105500,2025-04-21,2025,4,Kaggle Data Science & AI Salaries (2020-2025) & U.S. BLS OEWS,Hugging Face Tech Job Postings Dataset,SOC 15-2041 (Statisticians)
J00861,Line Man Wongnai,Tech,Data Science,Data Engineer,Entry-Level (0-2 yrs),6,Thailand (Bangkok),Local / Thailand,Python;SQL;Big Data (Spark/Hadoop);Airflow & ETL;Cloud (AWS/GCP/Azure);Docker & Containers;Git & Version Control,41000,63000,52000,55000,84000,69500,2025-04-27,2025,4,Kaggle Data Science & AI Salaries (2020-2025) & U.S. BLS OEWS,Hugging Face Tech Job Postings Dataset,SOC 15-2051 (Data Scientists)
J00862,Shopee,Retail & E-Commerce,Statistics,Statistician,Senior/Lead (5+ yrs),3,Singapore,Asia-Pacific,R;Statistics & Probability;SQL;Time Series Analysis;Critical Thinking,158000,207000,182500,170000,223000,196500,2025-04-19,2025,4,Kaggle Data Science & AI Salaries (2020-2025) & U.S. BLS OEWS,Hugging Face Tech Job Postings Dataset,SOC 15-2041 (Statisticians)
J00863,Amazon Web Services (AWS),Tech,Data Science,Data Engineer,Mid-Level (3-5 yrs),1,Singapore,Asia-Pacific,Python;SQL;Big Data (Spark/Hadoop);Airflow & ETL;Cloud (AWS/GCP/Azure);Docker & Containers;Git & Version Control,76000,129000,102500,91000,135000,113000,2025-04-20,2025,4,Kaggle Data Science & AI Salaries (2020-2025) & U.S. BLS OEWS,Hugging Face Tech Job Postings Dataset,SOC 15-2051 (Data Scientists)
J00864,Google Cloud,Tech,Statistics,Quantitative Risk Analyst,Mid-Level (3-5 yrs),4,US / Remote,North America,Python;R;Statistics & Probability;Linear Algebra & Calculus;Financial Modeling,80000,126000,103000,101000,121000,111000,2025-04-25,2025,4,Kaggle Data Science & AI Salaries (2020-2025) & U.S. BLS OEWS,Hugging Face Tech Job Postings Dataset,SOC 15-2041 (Statisticians)
J00865,SCB 10X / SCBX,Finance & Banking,Artificial Intelligence,Computer Vision Specialist,Entry-Level (0-2 yrs),6,Thailand (Bangkok),Local / Thailand,Python;PyTorch;Deep Learning;Docker & Containers;Algorithms,39000,63000,51000,63000,78000,70500,2025-05-16,2025,5,Kaggle Data Science & AI Salaries (2020-2025) & U.S. BLS OEWS,Hugging Face Tech Job Postings Dataset,SOC 15-1221 (Computer and Information Research Scientists / AI)
J00866,Google Cloud,Tech,Data Science,Senior Data Scientist,Entry-Level (0-2 yrs),7,US / Remote,North America,Python;SQL;Machine Learning;Cloud (AWS/GCP/Azure);Storytelling with Data;Airflow & ETL;Problem Solving,40000,58000,49000,58000,82000,70000,2025-05-15,2025,5,Kaggle Data Science & AI Salaries (2020-2025) & U.S. BLS OEWS,Hugging Face Tech Job Postings Dataset,SOC 15-2051 (Data Scientists)
J00867,Bumrungrad International Hospital,Healthcare,Data Science,Data Scientist,Mid-Level (3-5 yrs),5,Thailand (Bangkok),Local / Thailand,Python;SQL;Scikit-Learn;Statistics & Probability;Data Modeling;Business Acumen;LLMs & GenAI,69000,124000,96500,94000,127000,110500,2025-05-05,2025,5,Kaggle Data Science & AI Salaries (2020-2025) & U.S. BLS OEWS,Hugging Face Tech Job Postings Dataset,SOC 15-2051 (Data Scientists)
J00868,Microsoft,Tech,Data Science,Data Engineer,Senior/Lead (5+ yrs),3,US / Remote,North America,Python;SQL;Big Data (Spark/Hadoop);Airflow & ETL;Cloud (AWS/GCP/Azure);Docker & Containers;Agile & Scrum;LLMs & GenAI;Git & Version Control,167000,228000,197500,152000,223000,187500,2025-05-02,2025,5,Kaggle Data Science & AI Salaries (2020-2025) & U.S. BLS OEWS,Hugging Face Tech Job Postings Dataset,SOC 15-2051 (Data Scientists)
J00869,SCB 10X / SCBX,Finance & Banking,Data Science,Senior Data Scientist,Mid-Level (3-5 yrs),2,Thailand (Bangkok),Local / Thailand,Python;SQL;Machine Learning;Cloud (AWS/GCP/Azure);Storytelling with Data;Airflow & ETL;Agile & Scrum;Git & Version Control,78000,124000,101000,98000,121000,109500,2025-05-24,2025,5,Kaggle Data Science & AI Salaries (2020-2025) & U.S. BLS OEWS,Hugging Face Tech Job Postings Dataset,SOC 15-2051 (Data Scientists)
J00870,Bitkub Online,Finance & Banking,Data Science,Data Engineer,Mid-Level (3-5 yrs),2,Thailand (Bangkok),Local / Thailand,Python;SQL;Big Data (Spark/Hadoop);Airflow & ETL;Cloud (AWS/GCP/Azure);Docker & Containers;Cross-functional Communication;LLMs & GenAI;Git & Version Control,84000,115000,99500,96000,137000,116500,2025-05-19,2025,5,Kaggle Data Science & AI Salaries (2020-2025) & U.S. BLS OEWS,Hugging Face Tech Job Postings Dataset,SOC 15-2051 (Data Scientists)
J00871,Central Retail Digital,Retail & E-Commerce,Data Science,Data Scientist,Mid-Level (3-5 yrs),5,Thailand (Bangkok),Local / Thailand,Python;SQL;Scikit-Learn;Statistics & Probability;Data Modeling;Business Acumen;LLMs & GenAI,82000,115000,98500,98000,126000,112000,2025-05-24,2025,5,Kaggle Data Science & AI Salaries (2020-2025) & U.S. BLS OEWS,Hugging Face Tech Job Postings Dataset,SOC 15-2051 (Data Scientists)
J00872,Line Man Wongnai,Tech,Data Science,Data Scientist,Mid-Level (3-5 yrs),1,Thailand (Bangkok),Local / Thailand,Python;SQL;Scikit-Learn;Statistics & Probability;Data Modeling;Business Acumen,78000,128000,103000,96000,124000,110000,2025-05-05,2025,5,Kaggle Data Science & AI Salaries (2020-2025) & U.S. BLS OEWS,Hugging Face Tech Job Postings Dataset,SOC 15-2051 (Data Scientists)
J00873,Central Retail Digital,Retail & E-Commerce,Data Science,Data Scientist,Mid-Level (3-5 yrs),6,Thailand (Bangkok),Local / Thailand,Python;SQL;Scikit-Learn;Statistics & Probability;Data Modeling;Business Acumen;Git & Version Control,73000,114000,93500,85000,125000,105000,2025-05-27,2025,5,Kaggle Data Science & AI Salaries (2020-2025) & U.S. BLS OEWS,Hugging Face Tech Job Postings Dataset,SOC 15-2051 (Data Scientists)
J00874,Google Cloud,Tech,Statistics,Biostatistician,Mid-Level (3-5 yrs),5,US / Remote,North America,R;Statistics & Probability;Clinical Trials;Research & Experimentation;Data Modeling,73000,118000,95500,100000,119000,109500,2025-05-15,2025,5,Kaggle Data Science & AI Salaries (2020-2025) & U.S. BLS OEWS,Hugging Face Tech Job Postings Dataset,SOC 15-2041 (Statisticians)
J00875,Grab,Tech,Statistics,Statistician,Senior/Lead (5+ yrs),4,Singapore,Asia-Pacific,R;Statistics & Probability;SQL;Time Series Analysis;Critical Thinking;Git & Version Control,142000,229000,185500,164000,204000,184000,2025-05-03,2025,5,Kaggle Data Science & AI Salaries (2020-2025) & U.S. BLS OEWS,Hugging Face Tech Job Postings Dataset,SOC 15-2041 (Statisticians)
J00876,Microsoft,Tech,Statistics,Quantitative Risk Analyst,Senior/Lead (5+ yrs),1,US / Remote,North America,Python;R;Statistics & Probability;Linear Algebra & Calculus;Financial Modeling;Git & Version Control,142000,239000,190500,155000,205000,180000,2025-05-01,2025,5,Kaggle Data Science & AI Salaries (2020-2025) & U.S. BLS OEWS,Hugging Face Tech Job Postings Dataset,SOC 15-2041 (Statisticians)
J00877,Grab,Tech,Statistics,Biostatistician,Mid-Level (3-5 yrs),5,Singapore,Asia-Pacific,R;Statistics & Probability;Clinical Trials;Research & Experimentation;Data Modeling;Storytelling with Data;Git & Version Control,73000,118000,95500,101000,119000,110000,2025-05-08,2025,5,Kaggle Data Science & AI Salaries (2020-2025) & U.S. BLS OEWS,Hugging Face Tech Job Postings Dataset,SOC 15-2041 (Statisticians)
J00878,Meta AI,Tech,Artificial Intelligence,Computer Vision Specialist,Mid-Level (3-5 yrs),1,US / Remote,North America,Python;PyTorch;Deep Learning;Docker & Containers;Algorithms;Git & Version Control,69000,114000,91500,101000,130000,115500,2025-06-24,2025,6,Kaggle Data Science & AI Salaries (2020-2025) & U.S. BLS OEWS,Hugging Face Tech Job Postings Dataset,SOC 15-1221 (Computer and Information Research Scientists / AI)
J00879,McKinsey & Company QuantumBlack,Consulting,Statistics,Quantitative Risk Analyst,Mid-Level (3-5 yrs),2,Global / Remote,Global / Remote,Python;R;Statistics & Probability;Linear Algebra & Calculus;Financial Modeling;Git & Version Control,75000,122000,98500,90000,126000,108000,2025-06-21,2025,6,Kaggle Data Science & AI Salaries (2020-2025) & U.S. BLS OEWS,Hugging Face Tech Job Postings Dataset,SOC 15-2041 (Statisticians)
J00880,Bumrungrad International Hospital,Healthcare,Statistics,Quantitative Risk Analyst,Mid-Level (3-5 yrs),4,Thailand (Bangkok),Local / Thailand,Python;R;Statistics & Probability;Linear Algebra & Calculus;Financial Modeling;Problem Solving;Git & Version Control,71000,118000,94500,97000,125000,111000,2025-06-06,2025,6,Kaggle Data Science & AI Salaries (2020-2025) & U.S. BLS OEWS,Hugging Face Tech Job Postings Dataset,SOC 15-2041 (Statisticians)
J00881,McKinsey & Company QuantumBlack,Consulting,Data Science,Data Scientist,Entry-Level (0-2 yrs),7,Global / Remote,Global / Remote,Python;SQL;Scikit-Learn;Statistics & Probability;Data Modeling;Business Acumen;Cross-functional Communication;LLMs & GenAI,45000,61000,53000,62000,73000,67500,2025-06-21,2025,6,Kaggle Data Science & AI Salaries (2020-2025) & U.S. BLS OEWS,Hugging Face Tech Job Postings Dataset,SOC 15-2051 (Data Scientists)
J00882,Agoda,Tech,Statistics,Biostatistician,Entry-Level (0-2 yrs),3,Thailand (Bangkok),Local / Thailand,R;Statistics & Probability;Clinical Trials;Research & Experimentation;Data Modeling;Git & Version Control,43000,62000,52500,65000,76000,70500,2025-06-16,2025,6,Kaggle Data Science & AI Salaries (2020-2025) & U.S. BLS OEWS,Hugging Face Tech Job Postings Dataset,SOC 15-2041 (Statisticians)
J00883,SCB 10X / SCBX,Finance & Banking,Data Science,Senior Data Scientist,Entry-Level (0-2 yrs),8,Thailand (Bangkok),Local / Thailand,Python;SQL;Machine Learning;Cloud (AWS/GCP/Azure);Storytelling with Data;Airflow & ETL;LLMs & GenAI,43000,63000,53000,64000,74000,69000,2025-06-23,2025,6,Kaggle Data Science & AI Salaries (2020-2025) & U.S. BLS OEWS,Hugging Face Tech Job Postings Dataset,SOC 15-2051 (Data Scientists)
J00884,True Digital Group,Telecom,Data Science,Senior Data Scientist,Entry-Level (0-2 yrs),3,Thailand (Bangkok),Local / Thailand,Python;SQL;Machine Learning;Cloud (AWS/GCP/Azure);Storytelling with Data;Airflow & ETL;Problem Solving;LLMs & GenAI;Git & Version Control,46000,57000,51500,60000,75000,67500,2025-06-17,2025,6,Kaggle Data Science & AI Salaries (2020-2025) & U.S. BLS OEWS,Hugging Face Tech Job Postings Dataset,SOC 15-2051 (Data Scientists)
J00885,Shopee,Retail & E-Commerce,Statistics,Biostatistician,Senior/Lead (5+ yrs),2,Singapore,Asia-Pacific,R;Statistics & Probability;Clinical Trials;Research & Experimentation;Data Modeling;Cross-functional Communication;Git & Version Control,143000,229000,186000,147000,221000,184000,2025-06-16,2025,6,Kaggle Data Science & AI Salaries (2020-2025) & U.S. BLS OEWS,Hugging Face Tech Job Postings Dataset,SOC 15-2041 (Statisticians)
J00886,McKinsey & Company QuantumBlack,Consulting,Artificial Intelligence,Machine Learning Engineer,Mid-Level (3-5 yrs),3,Global / Remote,Global / Remote,Python;TensorFlow;Scikit-Learn;MLOps;Cloud (AWS/GCP/Azure);Docker & Containers;Agile & Scrum,83000,120000,101500,97000,131000,114000,2025-06-24,2025,6,Kaggle Data Science & AI Salaries (2020-2025) & U.S. BLS OEWS,Hugging Face Tech Job Postings Dataset,SOC 15-1221 (Computer and Information Research Scientists / AI)
J00887,Kasikorn Business-Technology Group (KBTG),Finance & Banking,Data Science,Data Scientist,Senior/Lead (5+ yrs),6,Thailand (Bangkok),Local / Thailand,Python;SQL;Scikit-Learn;Statistics & Probability;Data Modeling;Business Acumen;Cross-functional Communication;LLMs & GenAI,160000,217000,188500,165000,213000,189000,2025-06-28,2025,6,Kaggle Data Science & AI Salaries (2020-2025) & U.S. BLS OEWS,Hugging Face Tech Job Postings Dataset,SOC 15-2051 (Data Scientists)
J00888,Central Retail Digital,Retail & E-Commerce,Statistics,Biostatistician,Mid-Level (3-5 yrs),1,Thailand (Bangkok),Local / Thailand,R;Statistics & Probability;Clinical Trials;Research & Experimentation;Data Modeling,80000,117000,98500,96000,121000,108500,2025-06-09,2025,6,Kaggle Data Science & AI Salaries (2020-2025) & U.S. BLS OEWS,Hugging Face Tech Job Postings Dataset,SOC 15-2041 (Statisticians)
J00889,Shopee,Retail & E-Commerce,Data Science,Senior Data Scientist,Mid-Level (3-5 yrs),1,Singapore,Asia-Pacific,Python;SQL;Machine Learning;Cloud (AWS/GCP/Azure);Storytelling with Data;Airflow & ETL;LLMs & GenAI,75000,124000,99500,97000,134000,115500,2025-06-15,2025,6,Kaggle Data Science & AI Salaries (2020-2025) & U.S. BLS OEWS,Hugging Face Tech Job Postings Dataset,SOC 15-2051 (Data Scientists)
J00890,Central Retail Digital,Retail & E-Commerce,Statistics,Biostatistician,Entry-Level (0-2 yrs),2,Thailand (Bangkok),Local / Thailand,R;Statistics & Probability;Clinical Trials;Research & Experimentation;Data Modeling,45000,56000,50500,58000,75000,66500,2025-06-10,2025,6,Kaggle Data Science & AI Salaries (2020-2025) & U.S. BLS OEWS,Hugging Face Tech Job Postings Dataset,SOC 15-2041 (Statisticians)
J00891,Line Man Wongnai,Tech,Statistics,Biostatistician,Mid-Level (3-5 yrs),4,Thailand (Bangkok),Local / Thailand,R;Statistics & Probability;Clinical Trials;Research & Experimentation;Data Modeling;Git & Version Control,80000,123000,101500,87000,135000,111000,2025-07-28,2025,7,Kaggle Data Science & AI Salaries (2020-2025) & U.S. BLS OEWS,Hugging Face Tech Job Postings Dataset,SOC 15-2041 (Statisticians)
J00892,McKinsey & Company QuantumBlack,Consulting,Data Science,Data Scientist,Mid-Level (3-5 yrs),1,Global / Remote,Global / Remote,Python;SQL;Scikit-Learn;Statistics & Probability;Data Modeling;Business Acumen;LLMs & GenAI;Git & Version Control,82000,121000,101500,87000,119000,103000,2025-07-17,2025,7,Kaggle Data Science & AI Salaries (2020-2025) & U.S. BLS OEWS,Hugging Face Tech Job Postings Dataset,SOC 15-2051 (Data Scientists)
J00893,McKinsey & Company QuantumBlack,Consulting,Statistics,Statistician,Mid-Level (3-5 yrs),2,Global / Remote,Global / Remote,R;Statistics & Probability;SQL;Time Series Analysis;Critical Thinking;Cross-functional Communication;Git & Version Control,84000,123000,103500,94000,129000,111500,2025-07-16,2025,7,Kaggle Data Science & AI Salaries (2020-2025) & U.S. BLS OEWS,Hugging Face Tech Job Postings Dataset,SOC 15-2041 (Statisticians)
J00894,Line Man Wongnai,Tech,Statistics,Quantitative Risk Analyst,Mid-Level (3-5 yrs),4,Thailand (Bangkok),Local / Thailand,Python;R;Statistics & Probability;Linear Algebra & Calculus;Financial Modeling,83000,110000,96500,101000,126000,113500,2025-07-09,2025,7,Kaggle Data Science & AI Salaries (2020-2025) & U.S. BLS OEWS,Hugging Face Tech Job Postings Dataset,SOC 15-2041 (Statisticians)
J00895,Roche Bioinformatics,Healthcare,Artificial Intelligence,Machine Learning Engineer,Mid-Level (3-5 yrs),3,Switzerland,Europe,Python;TensorFlow;Scikit-Learn;MLOps;Cloud (AWS/GCP/Azure);Docker & Containers;Research & Experimentation;LLMs & GenAI;Git & Version Control,76000,121000,98500,95000,119000,107000,2025-07-08,2025,7,Kaggle Data Science & AI Salaries (2020-2025) & U.S. BLS OEWS,Hugging Face Tech Job Postings Dataset,SOC 15-1221 (Computer and Information Research Scientists / AI)
J00896,True Digital Group,Telecom,Data Science,Senior Data Scientist,Mid-Level (3-5 yrs),4,Thailand (Bangkok),Local / Thailand,Python;SQL;Machine Learning;Cloud (AWS/GCP/Azure);Storytelling with Data;Airflow & ETL;Research & Experimentation;LLMs & GenAI;Git & Version Control,78000,129000,103500,93000,124000,108500,2025-07-26,2025,7,Kaggle Data Science & AI Salaries (2020-2025) & U.S. BLS OEWS,Hugging Face Tech Job Postings Dataset,SOC 15-2051 (Data Scientists)
J00897,Kasikorn Business-Technology Group (KBTG),Finance & Banking,Statistics,Statistician,Mid-Level (3-5 yrs),2,Thailand (Bangkok),Local / Thailand,R;Statistics & Probability;SQL;Time Series Analysis;Critical Thinking;Problem Solving;Git & Version Control,72000,126000,99000,88000,138000,113000,2025-07-15,2025,7,Kaggle Data Science & AI Salaries (2020-2025) & U.S. BLS OEWS,Hugging Face Tech Job Postings Dataset,SOC 15-2041 (Statisticians)
J00898,Line Man Wongnai,Tech,Artificial Intelligence,AI Engineer,Senior/Lead (5+ yrs),3,Thailand (Bangkok),Local / Thailand,Python;PyTorch;Docker & Containers;MLOps;LLMs & GenAI;Cloud (AWS/GCP/Azure);Git & Version Control,153000,207000,180000,150000,224000,187000,2025-07-17,2025,7,Kaggle Data Science & AI Salaries (2020-2025) & U.S. BLS OEWS,Hugging Face Tech Job Postings Dataset,SOC 15-1221 (Computer and Information Research Scientists / AI)
J00899,Bitkub Online,Finance & Banking,Artificial Intelligence,AI Engineer,Entry-Level (0-2 yrs),5,Thailand (Bangkok),Local / Thailand,Python;PyTorch;Docker & Containers;MLOps;LLMs & GenAI;Cloud (AWS/GCP/Azure);Business Acumen;Git & Version Control,43000,60000,51500,60000,79000,69500,2025-07-03,2025,7,Kaggle Data Science & AI Salaries (2020-2025) & U.S. BLS OEWS,Hugging Face Tech Job Postings Dataset,SOC 15-1221 (Computer and Information Research Scientists / AI)
J00900,True Digital Group,Telecom,Statistics,Statistician,Entry-Level (0-2 yrs),3,Thailand (Bangkok),Local / Thailand,R;Statistics & Probability;SQL;Time Series Analysis;Critical Thinking,42000,56000,49000,61000,79000,70000,2025-07-14,2025,7,Kaggle Data Science & AI Salaries (2020-2025) & U.S. BLS OEWS,Hugging Face Tech Job Postings Dataset,SOC 15-2041 (Statisticians)
J00901,Shopee,Retail & E-Commerce,Statistics,Statistician,Mid-Level (3-5 yrs),2,Singapore,Asia-Pacific,R;Statistics & Probability;SQL;Time Series Analysis;Critical Thinking,78000,122000,100000,97000,139000,118000,2025-07-09,2025,7,Kaggle Data Science & AI Salaries (2020-2025) & U.S. BLS OEWS,Hugging Face Tech Job Postings Dataset,SOC 15-2041 (Statisticians)
J00902,Microsoft,Tech,Artificial Intelligence,Computer Vision Specialist,Entry-Level (0-2 yrs),9,US / Remote,North America,Python;PyTorch;Deep Learning;Docker & Containers;Algorithms;Git & Version Control,42000,64000,53000,58000,83000,70500,2025-07-10,2025,7,Kaggle Data Science & AI Salaries (2020-2025) & U.S. BLS OEWS,Hugging Face Tech Job Postings Dataset,SOC 15-1221 (Computer and Information Research Scientists / AI)
J00903,Google Cloud,Tech,Artificial Intelligence,Machine Learning Engineer,Senior/Lead (5+ yrs),2,US / Remote,North America,Python;TensorFlow;Scikit-Learn;MLOps;Cloud (AWS/GCP/Azure);Docker & Containers,151000,215000,183000,173000,211000,192000,2025-08-10,2025,8,Kaggle Data Science & AI Salaries (2020-2025) & U.S. BLS OEWS,Hugging Face Tech Job Postings Dataset,SOC 15-1221 (Computer and Information Research Scientists / AI)
J00904,Shopee,Retail & E-Commerce,Statistics,Statistician,Entry-Level (0-2 yrs),4,Singapore,Asia-Pacific,R;Statistics & Probability;SQL;Time Series Analysis;Critical Thinking;Git & Version Control,39000,56000,47500,57000,76000,66500,2025-08-16,2025,8,Kaggle Data Science & AI Salaries (2020-2025) & U.S. BLS OEWS,Hugging Face Tech Job Postings Dataset,SOC 15-2041 (Statisticians)
J00905,Shopee,Retail & E-Commerce,Data Science,Data Scientist,Senior/Lead (5+ yrs),2,Singapore,Asia-Pacific,Python;SQL;Scikit-Learn;Statistics & Probability;Data Modeling;Business Acumen;Research & Experimentation;Git & Version Control,154000,209000,181500,149000,221000,185000,2025-08-11,2025,8,Kaggle Data Science & AI Salaries (2020-2025) & U.S. BLS OEWS,Hugging Face Tech Job Postings Dataset,SOC 15-2051 (Data Scientists)
J00906,Amazon Web Services (AWS),Tech,Statistics,Statistician,Mid-Level (3-5 yrs),4,Singapore,Asia-Pacific,R;Statistics & Probability;SQL;Time Series Analysis;Critical Thinking;Business Acumen,81000,115000,98000,100000,128000,114000,2025-08-10,2025,8,Kaggle Data Science & AI Salaries (2020-2025) & U.S. BLS OEWS,Hugging Face Tech Job Postings Dataset,SOC 15-2041 (Statisticians)
J00907,Bumrungrad International Hospital,Healthcare,Data Science,Senior Data Scientist,Senior/Lead (5+ yrs),3,Thailand (Bangkok),Local / Thailand,Python;SQL;Machine Learning;Cloud (AWS/GCP/Azure);Storytelling with Data;Airflow & ETL;Cross-functional Communication,150000,219000,184500,156000,209000,182500,2025-08-21,2025,8,Kaggle Data Science & AI Salaries (2020-2025) & U.S. BLS OEWS,Hugging Face Tech Job Postings Dataset,SOC 15-2051 (Data Scientists)
J00908,Grab,Tech,Statistics,Statistician,Mid-Level (3-5 yrs),1,Singapore,Asia-Pacific,R;Statistics & Probability;SQL;Time Series Analysis;Critical Thinking;Critical Thinking,81000,114000,97500,96000,124000,110000,2025-08-26,2025,8,Kaggle Data Science & AI Salaries (2020-2025) & U.S. BLS OEWS,Hugging Face Tech Job Postings Dataset,SOC 15-2041 (Statisticians)
J00909,McKinsey & Company QuantumBlack,Consulting,Data Science,Senior Data Scientist,Mid-Level (3-5 yrs),6,Global / Remote,Global / Remote,Python;SQL;Machine Learning;Cloud (AWS/GCP/Azure);Storytelling with Data;Airflow & ETL,71000,114000,92500,93000,136000,114500,2025-08-16,2025,8,Kaggle Data Science & AI Salaries (2020-2025) & U.S. BLS OEWS,Hugging Face Tech Job Postings Dataset,SOC 15-2051 (Data Scientists)
J00910,Siemens AI Industry,Manufacturing,Statistics,Statistician,Senior/Lead (5+ yrs),1,Germany,Europe,R;Statistics & Probability;SQL;Time Series Analysis;Critical Thinking;Git & Version Control,161000,218000,189500,172000,219000,195500,2025-08-19,2025,8,Kaggle Data Science & AI Salaries (2020-2025) & U.S. BLS OEWS,Hugging Face Tech Job Postings Dataset,SOC 15-2041 (Statisticians)
J00911,McKinsey & Company QuantumBlack,Consulting,Artificial Intelligence,AI Engineer,Entry-Level (0-2 yrs),7,Global / Remote,Global / Remote,Python;PyTorch;Docker & Containers;MLOps;LLMs & GenAI;Cloud (AWS/GCP/Azure);Git & Version Control,40000,58000,49000,65000,73000,69000,2025-08-11,2025,8,Kaggle Data Science & AI Salaries (2020-2025) & U.S. BLS OEWS,Hugging Face Tech Job Postings Dataset,SOC 15-1221 (Computer and Information Research Scientists / AI)
J00912,Deloitte Consulting AI Institute,Consulting,Artificial Intelligence,Computer Vision Specialist,Senior/Lead (5+ yrs),5,Thailand (Bangkok),Local / Thailand,Python;PyTorch;Deep Learning;Docker & Containers;Algorithms;Research & Experimentation;LLMs & GenAI;Git & Version Control,145000,211000,178000,147000,203000,175000,2025-08-27,2025,8,Kaggle Data Science & AI Salaries (2020-2025) & U.S. BLS OEWS,Hugging Face Tech Job Postings Dataset,SOC 15-1221 (Computer and Information Research Scientists / AI)
J00913,Bitkub Online,Finance & Banking,Artificial Intelligence,AI Engineer,Entry-Level (0-2 yrs),3,Thailand (Bangkok),Local / Thailand,Python;PyTorch;Docker & Containers;MLOps;LLMs & GenAI;Cloud (AWS/GCP/Azure);Git & Version Control,46000,62000,54000,63000,84000,73500,2025-08-24,2025,8,Kaggle Data Science & AI Salaries (2020-2025) & U.S. BLS OEWS,Hugging Face Tech Job Postings Dataset,SOC 15-1221 (Computer and Information Research Scientists / AI)
J00914,True Digital Group,Telecom,Artificial Intelligence,Computer Vision Specialist,Entry-Level (0-2 yrs),5,Thailand (Bangkok),Local / Thailand,Python;PyTorch;Deep Learning;Docker & Containers;Algorithms;LLMs & GenAI,42000,58000,50000,62000,81000,71500,2025-08-04,2025,8,Kaggle Data Science & AI Salaries (2020-2025) & U.S. BLS OEWS,Hugging Face Tech Job Postings Dataset,SOC 15-1221 (Computer and Information Research Scientists / AI)
J00915,Deloitte Consulting AI Institute,Consulting,Data Science,Data Engineer,Mid-Level (3-5 yrs),4,Thailand (Bangkok),Local / Thailand,Python;SQL;Big Data (Spark/Hadoop);Airflow & ETL;Cloud (AWS/GCP/Azure);Docker & Containers;LLMs & GenAI;Git & Version Control,81000,126000,103500,86000,139000,112500,2025-08-17,2025,8,Kaggle Data Science & AI Salaries (2020-2025) & U.S. BLS OEWS,Hugging Face Tech Job Postings Dataset,SOC 15-2051 (Data Scientists)
J00916,Bumrungrad International Hospital,Healthcare,Statistics,Quantitative Risk Analyst,Mid-Level (3-5 yrs),5,Thailand (Bangkok),Local / Thailand,Python;R;Statistics & Probability;Linear Algebra & Calculus;Financial Modeling;Critical Thinking;Git & Version Control,73000,111000,92000,86000,120000,103000,2025-08-26,2025,8,Kaggle Data Science & AI Salaries (2020-2025) & U.S. BLS OEWS,Hugging Face Tech Job Postings Dataset,SOC 15-2041 (Statisticians)
J00917,Amazon Web Services (AWS),Tech,Artificial Intelligence,Machine Learning Engineer,Mid-Level (3-5 yrs),4,Singapore,Asia-Pacific,Python;TensorFlow;Scikit-Learn;MLOps;Cloud (AWS/GCP/Azure);Docker & Containers,78000,129000,103500,97000,135000,116000,2025-08-24,2025,8,Kaggle Data Science & AI Salaries (2020-2025) & U.S. BLS OEWS,Hugging Face Tech Job Postings Dataset,SOC 15-1221 (Computer and Information Research Scientists / AI)
J00918,Bumrungrad International Hospital,Healthcare,Artificial Intelligence,Machine Learning Engineer,Entry-Level (0-2 yrs),7,Thailand (Bangkok),Local / Thailand,Python;TensorFlow;Scikit-Learn;MLOps;Cloud (AWS/GCP/Azure);Docker & Containers;Cross-functional Communication;LLMs & GenAI,42000,62000,52000,63000,84000,73500,2025-09-27,2025,9,Kaggle Data Science & AI Salaries (2020-2025) & U.S. BLS OEWS,Hugging Face Tech Job Postings Dataset,SOC 15-1221 (Computer and Information Research Scientists / AI)
J00919,McKinsey & Company QuantumBlack,Consulting,Artificial Intelligence,AI Engineer,Entry-Level (0-2 yrs),7,Global / Remote,Global / Remote,Python;PyTorch;Docker & Containers;MLOps;LLMs & GenAI;Cloud (AWS/GCP/Azure),42000,57000,49500,57000,80000,68500,2025-09-22,2025,9,Kaggle Data Science & AI Salaries (2020-2025) & U.S. BLS OEWS,Hugging Face Tech Job Postings Dataset,SOC 15-1221 (Computer and Information Research Scientists / AI)
J00920,True Digital Group,Telecom,Statistics,Biostatistician,Senior/Lead (5+ yrs),6,Thailand (Bangkok),Local / Thailand,R;Statistics & Probability;Clinical Trials;Research & Experimentation;Data Modeling,164000,209000,186500,167000,202000,184500,2025-09-20,2025,9,Kaggle Data Science & AI Salaries (2020-2025) & U.S. BLS OEWS,Hugging Face Tech Job Postings Dataset,SOC 15-2041 (Statisticians)
J00921,Kasikorn Business-Technology Group (KBTG),Finance & Banking,Artificial Intelligence,Computer Vision Specialist,Mid-Level (3-5 yrs),1,Thailand (Bangkok),Local / Thailand,Python;PyTorch;Deep Learning;Docker & Containers;Algorithms;LLMs & GenAI,73000,116000,94500,88000,123000,105500,2025-09-07,2025,9,Kaggle Data Science & AI Salaries (2020-2025) & U.S. BLS OEWS,Hugging Face Tech Job Postings Dataset,SOC 15-1221 (Computer and Information Research Scientists / AI)
J00922,BDMS Health Network,Healthcare,Artificial Intelligence,AI Engineer,Entry-Level (0-2 yrs),9,Thailand (Bangkok),Local / Thailand,Python;PyTorch;Docker & Containers;MLOps;LLMs & GenAI;Cloud (AWS/GCP/Azure);Problem Solving,39000,64000,51500,55000,83000,69000,2025-09-15,2025,9,Kaggle Data Science & AI Salaries (2020-2025) & U.S. BLS OEWS,Hugging Face Tech Job Postings Dataset,SOC 15-1221 (Computer and Information Research Scientists / AI)
J00923,Google Cloud,Tech,Data Science,Data Engineer,Entry-Level (0-2 yrs),8,US / Remote,North America,Python;SQL;Big Data (Spark/Hadoop);Airflow & ETL;Cloud (AWS/GCP/Azure);Docker & Containers;Storytelling with Data;Git & Version Control,43000,56000,49500,65000,78000,71500,2025-09-04,2025,9,Kaggle Data Science & AI Salaries (2020-2025) & U.S. BLS OEWS,Hugging Face Tech Job Postings Dataset,SOC 15-2051 (Data Scientists)
J00924,Microsoft,Tech,Statistics,Biostatistician,Mid-Level (3-5 yrs),3,US / Remote,North America,R;Statistics & Probability;Clinical Trials;Research & Experimentation;Data Modeling;Git & Version Control,75000,114000,94500,86000,129000,107500,2025-09-15,2025,9,Kaggle Data Science & AI Salaries (2020-2025) & U.S. BLS OEWS,Hugging Face Tech Job Postings Dataset,SOC 15-2041 (Statisticians)
J00925,Agoda,Tech,Artificial Intelligence,AI Engineer,Mid-Level (3-5 yrs),4,Thailand (Bangkok),Local / Thailand,Python;PyTorch;Docker & Containers;MLOps;LLMs & GenAI;Cloud (AWS/GCP/Azure);Cross-functional Communication;Git & Version Control,74000,127000,100500,91000,138000,114500,2025-09-21,2025,9,Kaggle Data Science & AI Salaries (2020-2025) & U.S. BLS OEWS,Hugging Face Tech Job Postings Dataset,SOC 15-1221 (Computer and Information Research Scientists / AI)
J00926,Bitkub Online,Finance & Banking,Artificial Intelligence,Generative AI Engineer,Senior/Lead (5+ yrs),1,Thailand (Bangkok),Local / Thailand,Python;LLMs & GenAI;PyTorch;Cloud (AWS/GCP/Azure);Git & Version Control;Agile & Scrum,156000,233000,194500,170000,196000,183000,2025-09-21,2025,9,Kaggle Data Science & AI Salaries (2020-2025) & U.S. BLS OEWS,Hugging Face Tech Job Postings Dataset,SOC 15-1221 (Computer and Information Research Scientists / AI)
J00927,Bumrungrad International Hospital,Healthcare,Artificial Intelligence,AI Engineer,Entry-Level (0-2 yrs),5,Thailand (Bangkok),Local / Thailand,Python;PyTorch;Docker & Containers;MLOps;LLMs & GenAI;Cloud (AWS/GCP/Azure),39000,55000,47000,60000,74000,67000,2025-09-20,2025,9,Kaggle Data Science & AI Salaries (2020-2025) & U.S. BLS OEWS,Hugging Face Tech Job Postings Dataset,SOC 15-1221 (Computer and Information Research Scientists / AI)
J00928,True Digital Group,Telecom,Data Science,Data Scientist,Mid-Level (3-5 yrs),4,Thailand (Bangkok),Local / Thailand,Python;SQL;Scikit-Learn;Statistics & Probability;Data Modeling;Business Acumen;LLMs & GenAI;Git & Version Control,81000,118000,99500,87000,129000,108000,2025-09-12,2025,9,Kaggle Data Science & AI Salaries (2020-2025) & U.S. BLS OEWS,Hugging Face Tech Job Postings Dataset,SOC 15-2051 (Data Scientists)
J00929,Line Man Wongnai,Tech,Artificial Intelligence,AI Engineer,Mid-Level (3-5 yrs),3,Thailand (Bangkok),Local / Thailand,Python;PyTorch;Docker & Containers;MLOps;LLMs & GenAI;Cloud (AWS/GCP/Azure),74000,117000,95500,99000,132000,115500,2025-10-01,2025,10,Kaggle Data Science & AI Salaries (2020-2025) & U.S. BLS OEWS,Hugging Face Tech Job Postings Dataset,SOC 15-1221 (Computer and Information Research Scientists / AI)
J00930,Microsoft,Tech,Artificial Intelligence,AI Engineer,Mid-Level (3-5 yrs),2,US / Remote,North America,Python;PyTorch;Docker & Containers;MLOps;LLMs & GenAI;Cloud (AWS/GCP/Azure);Problem Solving,83000,111000,97000,91000,131000,111000,2025-10-12,2025,10,Kaggle Data Science & AI Salaries (2020-2025) & U.S. BLS OEWS,Hugging Face Tech Job Postings Dataset,SOC 15-1221 (Computer and Information Research Scientists / AI)
J00931,PTT Digital Solutions,Energy & Manufacturing,Artificial Intelligence,Machine Learning Engineer,Mid-Level (3-5 yrs),1,Thailand (Bangkok),Local / Thailand,Python;TensorFlow;Scikit-Learn;MLOps;Cloud (AWS/GCP/Azure);Docker & Containers;Problem Solving;LLMs & GenAI;Git & Version Control,69000,119000,94000,101000,136000,118500,2025-10-01,2025,10,Kaggle Data Science & AI Salaries (2020-2025) & U.S. BLS OEWS,Hugging Face Tech Job Postings Dataset,SOC 15-1221 (Computer and Information Research Scientists / AI)
J00932,Bitkub Online,Finance & Banking,Statistics,Statistician,Mid-Level (3-5 yrs),3,Thailand (Bangkok),Local / Thailand,R;Statistics & Probability;SQL;Time Series Analysis;Critical Thinking;Cross-functional Communication,70000,123000,96500,91000,131000,111000,2025-10-27,2025,10,Kaggle Data Science & AI Salaries (2020-2025) & U.S. BLS OEWS,Hugging Face Tech Job Postings Dataset,SOC 15-2041 (Statisticians)
J00933,Siemens AI Industry,Manufacturing,Artificial Intelligence,Generative AI Engineer,Entry-Level (0-2 yrs),4,Germany,Europe,Python;LLMs & GenAI;PyTorch;Cloud (AWS/GCP/Azure);Git & Version Control;Business Acumen,45000,56000,50500,62000,81000,71500,2025-10-20,2025,10,Kaggle Data Science & AI Salaries (2020-2025) & U.S. BLS OEWS,Hugging Face Tech Job Postings Dataset,SOC 15-1221 (Computer and Information Research Scientists / AI)
J00934,Shopee,Retail & E-Commerce,Artificial Intelligence,Generative AI Engineer,Entry-Level (0-2 yrs),4,Singapore,Asia-Pacific,Python;LLMs & GenAI;PyTorch;Cloud (AWS/GCP/Azure);Git & Version Control;Storytelling with Data,44000,58000,51000,62000,78000,70000,2025-10-19,2025,10,Kaggle Data Science & AI Salaries (2020-2025) & U.S. BLS OEWS,Hugging Face Tech Job Postings Dataset,SOC 15-1221 (Computer and Information Research Scientists / AI)
J00935,Central Retail Digital,Retail & E-Commerce,Artificial Intelligence,Computer Vision Specialist,Entry-Level (0-2 yrs),7,Thailand (Bangkok),Local / Thailand,Python;PyTorch;Deep Learning;Docker & Containers;Algorithms;Cross-functional Communication;LLMs & GenAI;Git & Version Control,44000,60000,52000,65000,72000,68500,2025-10-06,2025,10,Kaggle Data Science & AI Salaries (2020-2025) & U.S. BLS OEWS,Hugging Face Tech Job Postings Dataset,SOC 15-1221 (Computer and Information Research Scientists / AI)
J00936,Agoda,Tech,Artificial Intelligence,Computer Vision Specialist,Mid-Level (3-5 yrs),2,Thailand (Bangkok),Local / Thailand,Python;PyTorch;Deep Learning;Docker & Containers;Algorithms;LLMs & GenAI;Git & Version Control,70000,116000,93000,94000,129000,111500,2025-10-19,2025,10,Kaggle Data Science & AI Salaries (2020-2025) & U.S. BLS OEWS,Hugging Face Tech Job Postings Dataset,SOC 15-1221 (Computer and Information Research Scientists / AI)
J00937,McKinsey & Company QuantumBlack,Consulting,Statistics,Statistician,Senior/Lead (5+ yrs),4,Global / Remote,Global / Remote,R;Statistics & Probability;SQL;Time Series Analysis;Critical Thinking;Business Acumen,155000,223000,189000,148000,205000,176500,2025-10-06,2025,10,Kaggle Data Science & AI Salaries (2020-2025) & U.S. BLS OEWS,Hugging Face Tech Job Postings Dataset,SOC 15-2041 (Statisticians)
J00938,Central Retail Digital,Retail & E-Commerce,Data Science,Senior Data Scientist,Senior/Lead (5+ yrs),4,Thailand (Bangkok),Local / Thailand,Python;SQL;Machine Learning;Cloud (AWS/GCP/Azure);Storytelling with Data;Airflow & ETL;Business Acumen,161000,220000,190500,147000,225000,186000,2025-10-21,2025,10,Kaggle Data Science & AI Salaries (2020-2025) & U.S. BLS OEWS,Hugging Face Tech Job Postings Dataset,SOC 15-2051 (Data Scientists)
J00939,Meta AI,Tech,Artificial Intelligence,Computer Vision Specialist,Entry-Level (0-2 yrs),9,US / Remote,North America,Python;PyTorch;Deep Learning;Docker & Containers;Algorithms;LLMs & GenAI;Git & Version Control,45000,56000,50500,62000,73000,67500,2025-11-03,2025,11,Kaggle Data Science & AI Salaries (2020-2025) & U.S. BLS OEWS,Hugging Face Tech Job Postings Dataset,SOC 15-1221 (Computer and Information Research Scientists / AI)
J00940,Amazon Web Services (AWS),Tech,Artificial Intelligence,Computer Vision Specialist,Mid-Level (3-5 yrs),5,Singapore,Asia-Pacific,Python;PyTorch;Deep Learning;Docker & Containers;Algorithms;Business Acumen;LLMs & GenAI;Git & Version Control,71000,126000,98500,88000,119000,103500,2025-11-19,2025,11,Kaggle Data Science & AI Salaries (2020-2025) & U.S. BLS OEWS,Hugging Face Tech Job Postings Dataset,SOC 15-1221 (Computer and Information Research Scientists / AI)
J00941,Amazon Web Services (AWS),Tech,Statistics,Quantitative Risk Analyst,Entry-Level (0-2 yrs),7,Singapore,Asia-Pacific,Python;R;Statistics & Probability;Linear Algebra & Calculus;Financial Modeling;Git & Version Control,43000,62000,52500,65000,74000,69500,2025-11-21,2025,11,Kaggle Data Science & AI Salaries (2020-2025) & U.S. BLS OEWS,Hugging Face Tech Job Postings Dataset,SOC 15-2041 (Statisticians)
J00942,Roche Bioinformatics,Healthcare,Artificial Intelligence,Generative AI Engineer,Senior/Lead (5+ yrs),6,Switzerland,Europe,Python;LLMs & GenAI;PyTorch;Cloud (AWS/GCP/Azure);Git & Version Control,140000,237000,188500,162000,225000,193500,2025-11-13,2025,11,Kaggle Data Science & AI Salaries (2020-2025) & U.S. BLS OEWS,Hugging Face Tech Job Postings Dataset,SOC 15-1221 (Computer and Information Research Scientists / AI)
J00943,Bitkub Online,Finance & Banking,Data Science,Data Engineer,Senior/Lead (5+ yrs),4,Thailand (Bangkok),Local / Thailand,Python;SQL;Big Data (Spark/Hadoop);Airflow & ETL;Cloud (AWS/GCP/Azure);Docker & Containers;Git & Version Control,165000,220000,192500,148000,227000,187500,2025-11-10,2025,11,Kaggle Data Science & AI Salaries (2020-2025) & U.S. BLS OEWS,Hugging Face Tech Job Postings Dataset,SOC 15-2051 (Data Scientists)
J00944,True Digital Group,Telecom,Statistics,Biostatistician,Mid-Level (3-5 yrs),1,Thailand (Bangkok),Local / Thailand,R;Statistics & Probability;Clinical Trials;Research & Experimentation;Data Modeling;Research & Experimentation;Git & Version Control,69000,118000,93500,87000,136000,111500,2025-11-08,2025,11,Kaggle Data Science & AI Salaries (2020-2025) & U.S. BLS OEWS,Hugging Face Tech Job Postings Dataset,SOC 15-2041 (Statisticians)
J00945,McKinsey & Company QuantumBlack,Consulting,Artificial Intelligence,Computer Vision Specialist,Mid-Level (3-5 yrs),4,Global / Remote,Global / Remote,Python;PyTorch;Deep Learning;Docker & Containers;Algorithms;Problem Solving;LLMs & GenAI,78000,115000,96500,90000,123000,106500,2025-11-24,2025,11,Kaggle Data Science & AI Salaries (2020-2025) & U.S. BLS OEWS,Hugging Face Tech Job Postings Dataset,SOC 15-1221 (Computer and Information Research Scientists / AI)
J00946,Siemens AI Industry,Manufacturing,Artificial Intelligence,Computer Vision Specialist,Entry-Level (0-2 yrs),4,Germany,Europe,Python;PyTorch;Deep Learning;Docker & Containers;Algorithms;Git & Version Control,44000,62000,53000,55000,73000,64000,2025-11-16,2025,11,Kaggle Data Science & AI Salaries (2020-2025) & U.S. BLS OEWS,Hugging Face Tech Job Postings Dataset,SOC 15-1221 (Computer and Information Research Scientists / AI)
J00947,PTT Digital Solutions,Energy & Manufacturing,Statistics,Statistician,Entry-Level (0-2 yrs),3,Thailand (Bangkok),Local / Thailand,R;Statistics & Probability;SQL;Time Series Analysis;Critical Thinking;Agile & Scrum,43000,61000,52000,56000,83000,69500,2025-11-09,2025,11,Kaggle Data Science & AI Salaries (2020-2025) & U.S. BLS OEWS,Hugging Face Tech Job Postings Dataset,SOC 15-2041 (Statisticians)
J00948,Kasikorn Business-Technology Group (KBTG),Finance & Banking,Data Science,Data Engineer,Senior/Lead (5+ yrs),3,Thailand (Bangkok),Local / Thailand,Python;SQL;Big Data (Spark/Hadoop);Airflow & ETL;Cloud (AWS/GCP/Azure);Docker & Containers;Research & Experimentation;LLMs & GenAI,138000,220000,179000,161000,225000,193000,2025-11-17,2025,11,Kaggle Data Science & AI Salaries (2020-2025) & U.S. BLS OEWS,Hugging Face Tech Job Postings Dataset,SOC 15-2051 (Data Scientists)
J00949,SCB 10X / SCBX,Finance & Banking,Statistics,Biostatistician,Senior/Lead (5+ yrs),3,Thailand (Bangkok),Local / Thailand,R;Statistics & Probability;Clinical Trials;Research & Experimentation;Data Modeling,143000,234000,188500,159000,219000,189000,2025-12-04,2025,12,Kaggle Data Science & AI Salaries (2020-2025) & U.S. BLS OEWS,Hugging Face Tech Job Postings Dataset,SOC 15-2041 (Statisticians)
J00950,Central Retail Digital,Retail & E-Commerce,Data Science,Data Scientist,Senior/Lead (5+ yrs),6,Thailand (Bangkok),Local / Thailand,Python;SQL;Scikit-Learn;Statistics & Probability;Data Modeling;Business Acumen;Git & Version Control,152000,219000,185500,169000,229000,199000,2025-12-08,2025,12,Kaggle Data Science & AI Salaries (2020-2025) & U.S. BLS OEWS,Hugging Face Tech Job Postings Dataset,SOC 15-2051 (Data Scientists)
J00951,Siemens AI Industry,Manufacturing,Statistics,Statistician,Entry-Level (0-2 yrs),8,Germany,Europe,R;Statistics & Probability;SQL;Time Series Analysis;Critical Thinking;Research & Experimentation;Git & Version Control,44000,56000,50000,63000,81000,72000,2025-12-20,2025,12,Kaggle Data Science & AI Salaries (2020-2025) & U.S. BLS OEWS,Hugging Face Tech Job Postings Dataset,SOC 15-2041 (Statisticians)
J00952,Amazon Web Services (AWS),Tech,Data Science,Data Engineer,Entry-Level (0-2 yrs),3,Singapore,Asia-Pacific,Python;SQL;Big Data (Spark/Hadoop);Airflow & ETL;Cloud (AWS/GCP/Azure);Docker & Containers;LLMs & GenAI,43000,62000,52500,65000,79000,72000,2025-12-22,2025,12,Kaggle Data Science & AI Salaries (2020-2025) & U.S. BLS OEWS,Hugging Face Tech Job Postings Dataset,SOC 15-2051 (Data Scientists)
J00953,Roche Bioinformatics,Healthcare,Data Science,Data Engineer,Senior/Lead (5+ yrs),6,Switzerland,Europe,Python;SQL;Big Data (Spark/Hadoop);Airflow & ETL;Cloud (AWS/GCP/Azure);Docker & Containers;Storytelling with Data,160000,216000,188000,167000,224000,195500,2025-12-26,2025,12,Kaggle Data Science & AI Salaries (2020-2025) & U.S. BLS OEWS,Hugging Face Tech Job Postings Dataset,SOC 15-2051 (Data Scientists)
J00954,Deloitte Consulting AI Institute,Consulting,Artificial Intelligence,AI Engineer,Entry-Level (0-2 yrs),4,Thailand (Bangkok),Local / Thailand,Python;PyTorch;Docker & Containers;MLOps;LLMs & GenAI;Cloud (AWS/GCP/Azure);Agile & Scrum,38000,64000,51000,56000,83000,69500,2025-12-09,2025,12,Kaggle Data Science & AI Salaries (2020-2025) & U.S. BLS OEWS,Hugging Face Tech Job Postings Dataset,SOC 15-1221 (Computer and Information Research Scientists / AI)
J00955,BDMS Health Network,Healthcare,Data Science,Senior Data Scientist,Mid-Level (3-5 yrs),2,Thailand (Bangkok),Local / Thailand,Python;SQL;Machine Learning;Cloud (AWS/GCP/Azure);Storytelling with Data;Airflow & ETL;Research & Experimentation;LLMs & GenAI,72000,125000,98500,90000,133000,111500,2025-12-25,2025,12,Kaggle Data Science & AI Salaries (2020-2025) & U.S. BLS OEWS,Hugging Face Tech Job Postings Dataset,SOC 15-2051 (Data Scientists)
J00956,Meta AI,Tech,Data Science,Senior Data Scientist,Mid-Level (3-5 yrs),3,US / Remote,North America,Python;SQL;Machine Learning;Cloud (AWS/GCP/Azure);Storytelling with Data;Airflow & ETL;LLMs & GenAI;Git & Version Control,81000,113000,97000,93000,120000,106500,2025-12-08,2025,12,Kaggle Data Science & AI Salaries (2020-2025) & U.S. BLS OEWS,Hugging Face Tech Job Postings Dataset,SOC 15-2051 (Data Scientists)
J00957,Bumrungrad International Hospital,Healthcare,Data Science,Data Scientist,Entry-Level (0-2 yrs),3,Thailand (Bangkok),Local / Thailand,Python;SQL;Scikit-Learn;Statistics & Probability;Data Modeling;Business Acumen;Git & Version Control,44000,58000,51000,60000,74000,67000,2025-12-12,2025,12,Kaggle Data Science & AI Salaries (2020-2025) & U.S. BLS OEWS,Hugging Face Tech Job Postings Dataset,SOC 15-2051 (Data Scientists)
J00958,Bumrungrad International Hospital,Healthcare,Statistics,Statistician,Senior/Lead (5+ yrs),2,Thailand (Bangkok),Local / Thailand,R;Statistics & Probability;SQL;Time Series Analysis;Critical Thinking;Agile & Scrum;Git & Version Control,167000,215000,191000,148000,215000,181500,2025-12-10,2025,12,Kaggle Data Science & AI Salaries (2020-2025) & U.S. BLS OEWS,Hugging Face Tech Job Postings Dataset,SOC 15-2041 (Statisticians)
